type,id,mac,rssi,rate,sig_mode,mcs,bandwidth,smoothing,not_sounding,aggregation,stbc,fec_coding,sgi,noise_floor,ampdu_cnt,channel,secondary_channel,local_timestamp,ant,sig_len,rx_state,len,first_word,data
CSI_DATA,5864,1a:00:00:00:00:00,-6,11,1,0,1,1,1,0,0,0,0,-96,0,11,2,110292816,0,47,1,384,1,"[47,-16,2,0,0,0,0,0,0,0,8,-12,32,-46,28,-49,29,-52,39,-46,46,-41,47,-48,40,-59,32,-59,22,-52,19,-45,26,-51,27,-65,25,-62,27,-49,27,-48,23,-47,21,-37,14,-39,3,-50,15,-52,29,-47,20,-42,8,-40,1,-51,2,-57,3,-49,-5,-28,-10,-68,-9,-69,-23,-68,-21,-62,-10,-54,-9,-58,-9,-57,-3,-48,3,-50,0,-54,-1,-52,8,-52,6,-45,-5,-36,-7,-43,-7,-55,-5,-53,-3,-45,-1,-40,5,-41,3,-42,-3,-33,0,-25,7,-32,12,-37,22,-35,7,-9,0,0,0,0,0,0,0,0,-1,-1,6,4,52,31,60,14,62,1,59,-8,45,-28,46,-27,49,-27,52,-24,51,-17,54,-17,54,-25,46,-27,41,-27,39,-24,41,-25,43,-33,39,-33,37,-26,40,-27,39,-31,35,-26,29,-17,24,-21,26,-20,31,-10,29,-14,30,-23,29,-30,23,-34,19,-37,39,-28,18,-34,21,-36,17,-43,13,-42,12,-28,15,-29,20,-35,20,-30,17,-30,16,-33,14,-30,14,-27,19,-28,25,-29,23,-32,20,-33,20,-26,20,-20,22,-21,24,-20,25,-16,19,-11,16,-11,18,-10,13,-4,6,0,1,-1,-1,-1,-1,-1,-1,-1,-1,-1,-1,-1,-1,-1,-1,-1,-1,0,0,1,4,4,14,17,13,16,11,16,8,18,4,19,-2,19,0,19,8,19,10,24,7,31,3,41,1,45,1,46,3,45,0,44,-5,45,-11,43,-9,39,-8,36,-5,37,-5,42,-5,47,-7,47,-8,47,-10,49,-11,49,-21,44,-16,48,-20,50,-20,56,-14,61,-8,60,-5,56,-4,51,0,50,6,49,14,50,18,55,17,61,15,65,14,69,11,63,10,60,11,59,11,56,12,50,16,53,20,60,22,61,22,58,19,60,16,61,20,60,8,61,10,59,9,59,4,60,1,11]"
CSI_DATA,5865,1a:00:00:00:00:00,-6,11,1,0,1,1,1,0,0,0,0,-96,0,11,2,110303816,0,47,1,384,1,"[47,-16,2,0,0,0,0,0,0,0,-8,-13,-30,-49,-33,-45,-36,-46,-30,-55,-22,-63,-25,-66,-37,-62,-43,-54,-41,-46,-35,-44,-35,-51,-45,-52,-44,-48,-32,-50,-32,-54,-34,-48,-25,-38,-26,-36,-36,-33,-31,-40,-23,-50,-24,-46,-28,-36,-39,-26,-42,-27,-36,-27,-27,-15,-67,-40,-61,-41,-66,-31,-60,-28,-47,-31,-49,-32,-46,-30,-35,-28,-32,-34,-35,-32,-32,-30,-23,-36,-22,-33,-31,-23,-37,-23,-40,-31,-36,-33,-31,-29,-26,-23,-19,-25,-20,-34,-24,-26,-20,-16,-10,-24,0,-31,8,-34,3,-10,0,0,0,0,0,0,0,0,-1,-1,4,-6,36,-46,29,-51,22,-57,19,-60,-6,-57,-5,-57,-3,-56,0,-56,4,-55,5,-57,2,-58,-2,-52,-3,-51,-2,-49,-3,-48,-7,-52,-8,-52,-5,-48,-3,-51,-6,-53,-3,-46,4,-36,0,-32,1,-33,10,-31,10,-33,6,-38,-4,-37,-12,-35,-16,-37,7,-48,-12,-33,-10,-33,-17,-34,-18,-31,-9,-23,-6,-28,-4,-35,-1,-32,-6,-30,-9,-30,-9,-27,-6,-26,0,-29,5,-29,4,-30,-4,-33,-5,-27,-1,-19,3,-20,7,-23,9,-24,10,-19,10,-15,7,-14,4,-11,2,-9,0,-3,0,0,-1,-1,-1,-1,-1,-1,-1,-1,0,0,-1,0,0,-1,0,-1,1,-5,7,-15,5,-14,6,-15,10,-15,13,-12,14,-5,15,-5,13,-12,14,-14,19,-14,27,-17,32,-17,34,-16,35,-15,37,-12,38,-8,36,-5,31,-4,30,-2,31,0,38,2,43,1,45,-1,47,-1,51,0,52,-1,53,8,53,9,52,10,55,10,59,7,56,5,52,3,49,4,51,0,51,-8,51,-18,55,-19,60,-14,64,-10,68,-9,64,-9,63,-8,63,-7,61,-7,58,-8,59,-8,63,-9,63,-9,58,-11,59,-8,60,-7,62,-10,65,10,67,13,67,15,66,19,12,3]"
CSI_DATA,5866,1a:00:00:00:00:00,-6,11,1,0,1,1,1,0,0,0,0,-96,0,11,2,110314815,0,47,1,384,1,"[47,-16,2,0,0,0,0,0,0,0,-15,2,-58,10,-58,10,-63,13,-67,6,-64,-6,-65,-5,-66,10,-63,17,-58,18,-54,15,-62,12,-70,18,-65,19,-58,9,-61,7,-54,10,-39,8,-40,10,-41,21,-44,12,-48,0,-41,6,-37,16,-41,27,-47,30,-43,26,-21,17,-49,42,-52,46,-48,57,-44,51,-41,32,-42,27,-41,26,-37,19,-41,16,-44,18,-45,20,-50,13,-47,12,-34,20,-33,25,-41,29,-43,25,-39,22,-33,17,-35,6,-38,7,-31,14,-27,12,-38,1,-43,-8,-41,-13,-10,-4,0,0,0,0,0,0,0,0,-1,-1,-6,-6,-41,-41,-46,-37,-52,-32,-57,-26,-60,-9,-59,-12,-61,-14,-61,-17,-54,-21,-55,-23,-57,-20,-56,-13,-56,-11,-52,-12,-48,-12,-54,-7,-55,-6,-51,-8,-51,-11,-55,-9,-49,-9,-38,-14,-33,-9,-31,-13,-27,-22,-30,-19,-36,-14,-40,-8,-41,1,-42,7,-49,-17,-38,2,-37,3,-41,11,-38,10,-27,-3,-31,-11,-40,-11,-38,-8,-35,-3,-34,-3,-32,-3,-29,-4,-30,-8,-31,-16,-34,-15,-35,-5,-27,-5,-21,-11,-25,-15,-27,-17,-22,-19,-17,-20,-16,-17,-16,-13,-12,-11,-9,-8,-3,-2,-1,-1,-1,-1,0,0,0,0,-1,-1,-1,-1,-1,-1,-1,-1,-1,-1,-4,-6,-13,-17,-17,-9,-19,-10,-12,-19,-5,-23,-4,-17,-7,-14,-12,-21,-17,-27,-18,-27,-10,-32,-6,-41,-11,-43,-10,-40,0,-40,7,-43,6,-39,4,-34,3,-34,7,-33,13,-36,12,-46,12,-48,14,-44,15,-45,17,-46,19,-46,28,-45,29,-46,29,-52,25,-55,18,-56,11,-56,10,-50,13,-49,6,-54,-6,-58,-10,-59,-2,-60,8,-62,12,-65,6,-68,2,-69,7,-65,11,-60,9,-60,7,-62,7,-65,6,-65,5,-62,4,-64,7,-67,13,-67,22,-62,8,-64,9,-65,24,-59,3,-7]"
CSI_DATA,5867,1a:00:00:00:00:00,-5,11,1,0,1,1,1,0,0,0,0,-96,0,11,2,110325832,0,47,1,384,1,"[47,-16,2,0,0,0,0,0,0,0,15,5,60,23,63,19,69,17,69,22,61,18,56,15,52,12,50,12,55,18,63,13,67,3,68,-3,74,0,72,12,63,15,69,0,72,-9,55,-9,43,-10,44,-2,52,3,54,-2,43,-16,39,-34,48,-29,55,-12,26,-12,48,-34,53,-18,55,-14,48,-20,48,-19,54,-26,51,-36,50,-33,49,-32,47,-34,49,-23,42,-10,38,-7,45,-9,46,-18,45,-38,43,-40,41,-23,39,-15,33,-18,33,-25,38,-19,39,-7,32,-8,18,-4,10,7,2,2,0,0,0,0,0,0,0,0,-1,-1,5,1,46,13,56,18,57,21,46,26,51,30,56,24,59,22,59,21,54,15,50,13,47,9,45,5,46,14,50,16,58,8,66,5,69,14,65,19,58,15,59,10,60,7,52,2,47,-1,48,2,47,6,43,5,41,-6,50,-13,54,-7,52,-1,54,4,43,-18,38,-17,34,-17,38,-18,47,-14,50,-19,47,-23,49,-19,47,-18,47,-18,48,-11,40,-5,34,-8,33,-12,35,-11,44,-16,48,-22,40,-16,36,-8,39,-7,41,-10,34,-6,25,2,25,3,26,2,27,1,6,0,-1,-1,-1,-1,-1,-1,0,0,-1,-1,-1,-1,-1,-1,-1,-1,-1,-1,-3,3,-10,14,-12,10,-18,5,-21,10,-16,17,-11,17,-9,19,-10,17,-14,7,-25,2,-35,8,-33,11,-35,13,-36,14,-28,11,-37,9,-51,11,-40,13,-31,14,-32,15,-28,17,-29,15,-36,11,-48,4,-57,5,-51,14,-45,25,-48,17,-52,22,-47,29,-40,32,-42,24,-44,17,-43,25,-49,33,-54,33,-50,36,-46,40,-41,41,-37,45,-36,47,-42,45,-50,44,-48,53,-40,57,-34,51,-34,49,-31,55,-29,55,-34,51,-37,52,-37,54,-36,51,-35,30,-48,38,-50,53,-31,62,-3,8]"
CSI_DATA,5868,1a:00:00:00:00:00,-6,11,1,0,1,1,1,0,0,0,0,-96,0,11,2,110337651,0,47,1,384,1,"[47,-16,2,0,0,0,0,0,0,0,-7,-15,-25,-55,-31,-51,-36,-53,-26,-61,-21,-66,-28,-66,-41,-61,-44,-48,-38,-37,-36,-38,-41,-46,-51,-51,-44,-51,-30,-49,-33,-47,-36,-44,-26,-38,-29,-30,-44,-24,-43,-33,-39,-43,-36,-34,-33,-21,-43,-19,-48,-25,-41,-25,-26,-6,-65,-8,-62,-12,-63,1,-59,5,-52,-2,-58,-3,-60,-7,-50,-14,-50,-21,-52,-15,-47,-12,-42,-25,-36,-23,-31,-9,-41,-5,-58,-7,-57,-8,-48,-9,-41,-10,-40,-13,-42,-7,-33,-2,-22,-7,-28,-15,-34,-21,-30,-29,-8,-9,0,0,0,0,0,0,0,0,-1,-1,5,-5,41,-42,30,-50,19,-57,15,-56,-4,-54,-5,-53,-7,-54,-5,-57,0,-56,-2,-59,-8,-61,-10,-54,-9,-48,-10,-46,-12,-48,-18,-53,-16,-50,-11,-45,-14,-48,-18,-49,-12,-43,-5,-36,-14,-32,-15,-36,-7,-37,-9,-34,-16,-36,-24,-35,-31,-32,-32,-30,-19,-43,-31,-26,-33,-31,-41,-26,-40,-21,-27,-17,-30,-20,-34,-28,-27,-28,-26,-25,-29,-23,-26,-20,-24,-20,-28,-26,-31,-29,-34,-26,-36,-22,-31,-23,-23,-23,-21,-25,-21,-27,-18,-28,-13,-23,-11,-19,-9,-23,-2,-22,1,-14,0,-3,-1,-1,0,0,0,0,-1,-1,0,0,0,0,-1,-1,-1,-1,-1,-1,6,1,24,4,21,-1,21,0,20,8,15,12,11,12,12,8,19,5,24,9,24,17,23,28,30,32,37,28,34,25,30,27,28,34,24,35,25,31,28,30,24,29,23,27,30,32,34,35,28,35,22,36,27,36,22,47,28,43,26,47,33,48,40,46,46,41,47,33,39,28,36,31,41,26,48,14,54,12,56,20,60,26,64,27,62,23,57,20,55,20,54,19,51,15,52,12,63,10,66,10,62,8,61,6,62,9,59,10,48,25,53,10,59,10,60,27,7,4]"
CSI_DATA,5869,1a:00:00:00:00:00,-6,11,1,0,1,1,1,0,0,0,0,-96,0,11,2,110347815,0,47,1,384,1,"[47,-16,2,0,0,0,0,0,0,0,0,-14,2,-55,5,-58,6,-67,10,-68,19,-58,18,-56,11,-57,9,-58,7,-64,10,-62,19,-62,13,-69,2,-68,9,-62,18,-63,2,-64,-6,-56,9,-46,7,-44,13,-40,28,-34,23,-36,9,-43,-9,-50,-9,-54,-3,-56,-1,-35,2,-76,3,-72,-1,-73,2,-64,14,-50,17,-49,9,-49,3,-47,4,-42,10,-37,16,-41,18,-44,20,-46,24,-50,19,-52,12,-53,15,-49,16,-45,17,-38,24,-29,29,-29,30,-33,32,-34,29,-29,21,-15,21,-3,5,0,0,0,0,0,0,0,0,0,-1,-1,2,-6,24,-45,25,-49,25,-55,29,-63,19,-64,20,-64,20,-65,19,-63,16,-52,20,-46,20,-46,17,-47,21,-52,23,-52,17,-50,16,-52,19,-58,23,-56,26,-52,20,-58,15,-58,17,-46,14,-40,17,-36,27,-31,31,-32,26,-37,17,-46,13,-51,15,-53,29,-50,9,-46,6,-41,5,-42,9,-41,24,-33,29,-36,23,-45,24,-47,24,-43,24,-36,26,-30,26,-29,28,-31,32,-33,31,-34,26,-39,27,-40,31,-31,31,-26,27,-24,26,-19,26,-12,29,-8,30,-10,22,-9,15,-4,3,-1,-1,-1,0,0,0,0,-1,-1,0,0,0,0,-1,-1,-1,-1,-1,-1,2,-3,7,-13,7,-19,15,-26,20,-24,15,-16,10,-12,13,-13,23,-15,30,-16,29,-16,29,-19,34,-20,38,-22,41,-18,39,-8,38,-5,40,-12,38,-11,36,-5,35,-4,39,-5,45,-4,42,-1,47,4,56,4,51,1,42,-6,43,9,46,8,48,8,49,8,52,11,55,12,54,5,56,-1,60,-5,64,-13,62,-15,52,-9,49,0,52,4,62,-1,73,-5,69,-2,63,-2,64,-3,62,-2,59,-1,61,4,60,7,60,4,62,2,62,6,58,16,64,16,70,21,64,21,7,2]"
CSI_DATA,5870,1a:00:00:00:00:00,-5,11,1,0,1,1,1,0,0,0,0,-96,0,11,2,110358814,0,47,1,384,1,"[47,-16,2,0,0,0,0,0,0,0,-15,-3,-61,-11,-62,-12,-69,-13,-71,-16,-62,-20,-57,-20,-56,-18,-60,-20,-67,-19,-64,-17,-63,-21,-69,-14,-69,-1,-64,-9,-64,-22,-66,-4,-61,6,-49,-10,-42,-12,-37,-18,-35,-26,-39,-18,-41,-5,-45,10,-50,7,-56,-2,-34,2,-68,6,-63,3,-68,6,-62,-1,-49,-17,-46,-19,-44,-12,-46,-9,-43,-3,-37,-3,-39,-15,-36,-19,-36,-21,-47,-28,-51,-21,-50,-4,-42,-4,-40,-15,-38,-20,-27,-22,-24,-26,-25,-33,-25,-35,-22,-27,-8,-19,6,-16,2,-4,0,0,0,0,0,0,0,0,-1,-1,-7,-4,-47,-28,-50,-26,-55,-25,-60,-29,-65,-24,-66,-25,-67,-26,-63,-23,-54,-19,-50,-21,-49,-22,-49,-22,-52,-30,-52,-30,-52,-19,-56,-14,-63,-19,-62,-24,-55,-26,-58,-18,-62,-15,-52,-19,-43,-15,-39,-15,-38,-24,-39,-27,-39,-20,-46,-13,-53,-11,-56,-11,-58,-16,-46,-1,-38,3,-39,2,-42,-4,-40,-18,-39,-20,-42,-15,-47,-18,-48,-17,-42,-14,-35,-20,-29,-25,-28,-23,-31,-23,-35,-20,-45,-11,-47,-12,-38,-21,-32,-21,-27,-17,-20,-18,-15,-22,-12,-24,-12,-22,-6,-18,1,-15,0,-4,-1,-1,-1,-1,0,0,0,0,-1,-1,-1,-1,-1,-1,-1,-1,-1,-1,-3,-3,-11,-9,-14,-14,-14,-25,-11,-29,-10,-18,-9,-10,-5,-12,-3,-19,-1,-24,-4,-27,-8,-30,-4,-34,0,-40,2,-40,7,-34,12,-38,7,-45,3,-36,6,-29,7,-33,7,-40,11,-41,12,-38,16,-45,23,-53,23,-47,27,-42,23,-41,23,-45,23,-43,20,-42,22,-44,26,-48,22,-55,18,-60,16,-63,10,-66,5,-63,4,-54,10,-51,13,-53,14,-62,17,-74,18,-74,13,-67,10,-63,8,-62,9,-63,13,-63,17,-61,14,-62,12,-63,16,-61,32,-54,33,-65,35,-70,30,-65,3,-8]"
CSI_DATA,5871,1a:00:00:00:00:00,-5,11,1,0,1,1,1,0,0,0,0,-96,0,11,2,110369814,0,47,1,384,1,"[47,-16,2,0,0,0,0,0,0,0,9,12,38,51,40,49,44,51,41,56,30,53,23,48,25,45,30,48,37,52,39,51,32,54,36,53,44,51,33,60,27,62,47,50,53,38,31,35,24,34,17,37,7,42,13,43,28,36,45,25,46,30,42,42,25,24,50,50,39,51,39,52,37,44,23,47,22,52,32,44,36,39,31,34,25,34,19,44,14,43,11,46,11,57,19,53,26,42,23,42,19,47,15,46,6,42,4,46,1,51,-9,52,-7,42,-6,22,-13,7,-4,0,0,0,0,0,0,0,0,0,-1,-1,2,5,19,43,22,46,25,49,20,57,29,60,33,57,33,55,32,55,29,47,24,44,22,43,24,39,22,44,24,50,30,47,30,48,27,57,25,60,22,55,30,51,35,48,27,40,23,34,17,34,9,39,7,41,15,40,29,41,35,46,33,50,27,55,34,37,28,31,22,29,22,31,15,39,16,42,22,43,20,47,18,44,14,41,8,43,4,42,6,39,5,40,6,39,15,44,18,49,8,44,1,37,0,33,-1,34,-6,31,-13,29,-15,29,-12,23,-10,13,-3,2,-1,-1,-1,0,-1,0,-1,-1,-1,-1,-1,-1,-1,-1,-1,-1,-1,-1,1,2,6,12,2,19,-6,30,-7,33,0,22,2,15,-2,15,-5,21,-12,23,-15,25,-14,33,-16,36,-20,39,-25,38,-28,26,-31,24,-31,33,-27,27,-26,20,-28,24,-31,28,-34,27,-35,22,-47,23,-56,29,-46,29,-36,29,-42,24,-42,28,-37,30,-36,28,-44,22,-49,20,-45,27,-43,33,-46,38,-46,46,-44,48,-40,42,-39,34,-41,31,-47,38,-56,45,-53,45,-45,45,-44,46,-43,44,-41,43,-46,38,-50,34,-51,39,-51,44,-51,39,-54,18,-65,21,-71,25,-57,21,-6,2]"
CSI_DATA,5872,1a:00:00:00:00:00,-5,11,1,0,1,1,1,0,0,0,0,-96,0,11,2,110380814,0,47,1,384,1,"[47,-16,2,0,0,0,0,0,0,0,12,-11,51,-40,53,-37,55,-43,55,-43,48,-34,46,-31,43,-32,44,-35,46,-42,46,-46,49,-44,49,-48,46,-56,55,-51,58,-45,41,-60,30,-62,31,-37,27,-28,33,-22,38,-21,34,-31,20,-40,5,-52,14,-56,30,-54,14,-31,22,-63,25,-57,24,-61,21,-55,32,-42,34,-44,20,-45,16,-42,11,-40,10,-42,24,-41,28,-32,29,-29,39,-35,34,-42,16,-47,12,-44,21,-37,24,-32,20,-28,20,-29,26,-25,30,-21,24,-19,16,-6,11,4,2,1,0,0,0,0,0,0,0,0,-1,-1,5,-3,45,-17,50,-16,56,-17,65,-9,61,-22,59,-24,59,-24,57,-25,48,-26,43,-22,41,-21,41,-22,46,-18,48,-19,46,-28,48,-33,57,-32,60,-30,54,-27,47,-31,47,-35,43,-28,35,-26,35,-23,39,-15,39,-10,35,-18,34,-31,39,-37,44,-37,57,-24,27,-39,18,-35,15,-29,19,-27,30,-21,34,-23,32,-29,39,-27,40,-24,34,-21,34,-17,30,-14,25,-16,26,-18,28,-16,34,-22,35,-26,29,-18,27,-12,26,-14,26,-14,23,-5,18,1,19,1,19,2,15,2,3,0,-1,-1,0,0,0,0,0,0,0,0,-1,-1,-1,-1,-1,-1,-1,-1,1,0,9,1,15,8,21,19,21,22,14,10,6,4,6,7,10,11,8,17,10,22,18,23,19,25,18,30,15,31,5,26,6,34,15,42,10,33,7,27,12,31,14,35,12,35,7,35,3,47,3,59,7,51,15,44,3,47,7,51,9,46,7,43,3,49,2,54,11,56,19,58,19,60,22,60,27,56,28,50,25,46,22,46,22,55,24,70,26,69,30,59,30,55,28,53,30,52,26,56,20,58,24,58,29,57,24,55,4,56,8,68,10,74,12,66,1,7]"
CSI_DATA,5873,1a:00:00:00:00:00,-5,11,1,0,1,1,1,0,0,0,0,-96,0,11,2,110391813,0,47,1,384,1,"[47,-16,2,0,0,0,0,0,0,0,-13,-12,-51,-47,-53,-42,-58,-42,-57,-48,-49,-42,-43,-38,-42,-34,-45,-33,-51,-37,-56,-36,-55,-37,-56,-32,-63,-30,-60,-42,-54,-44,-67,-23,-72,-12,-50,-18,-37,-18,-35,-22,-35,-29,-39,-25,-45,-11,-51,8,-55,2,-63,-16,-34,-3,-62,5,-55,-6,-57,-10,-53,-6,-52,-16,-56,-16,-55,-5,-56,-4,-54,-2,-50,-2,-50,-13,-39,-18,-36,-21,-48,-27,-52,-16,-51,3,-50,1,-51,-11,-49,-14,-40,-12,-40,-12,-42,-22,-38,-34,-34,-27,-20,-18,-2,-19,1,-6,0,0,0,0,0,0,0,0,-1,-1,-4,-6,-26,-42,-31,-45,-36,-46,-27,-56,-37,-58,-40,-54,-41,-51,-41,-51,-40,-44,-36,-40,-34,-36,-34,-33,-31,-39,-34,-43,-43,-38,-46,-37,-46,-47,-43,-50,-40,-42,-47,-35,-50,-36,-40,-32,-35,-25,-35,-26,-31,-32,-27,-33,-32,-27,-45,-22,-50,-24,-50,-29,-44,-41,-45,-11,-38,-10,-31,-12,-33,-14,-37,-24,-39,-25,-39,-22,-40,-26,-40,-24,-38,-22,-34,-26,-28,-26,-29,-21,-29,-18,-29,-18,-41,-21,-47,-23,-36,-23,-26,-24,-24,-22,-25,-22,-18,-25,-9,-27,-10,-29,-10,-25,-7,-17,-2,-4,-1,-1,-1,-1,-1,-1,-1,-1,-1,-1,-1,-1,-1,-1,-1,-1,-1,-1,-1,-3,1,-13,9,-18,23,-19,25,-20,10,-19,2,-15,4,-13,9,-16,17,-10,26,-8,32,-17,32,-19,33,-20,34,-20,33,-11,41,-7,46,-14,35,-14,27,-9,33,-10,37,-14,38,-13,37,-7,47,-2,58,-4,50,-10,44,-19,46,-10,48,-13,43,-17,40,-17,45,-9,51,-6,51,-17,52,-25,55,-24,55,-29,53,-34,48,-33,43,-30,42,-29,49,-30,61,-31,60,-35,50,-41,47,-41,45,-40,44,-41,46,-38,50,-35,52,-41,51,-45,50,-39,53,-16,64,-19,68,-26,56,-26,5,-4]"
CSI_DATA,5874,1a:00:00:00:00:00,-5,11,1,0,1,1,1,0,0,0,0,-96,0,11,2,110402813,0,47,1,384,1,"[47,-16,2,0,0,0,0,0,0,0,-10,12,-42,49,-43,50,-42,56,-43,54,-39,44,-37,40,-36,40,-37,43,-41,49,-38,54,-38,53,-36,55,-35,63,-46,59,-50,52,-33,65,-23,67,-24,45,-21,33,-28,28,-37,28,-34,38,-17,45,1,52,-7,53,-24,52,-11,30,-18,63,-24,55,-26,56,-20,52,-29,43,-32,47,-18,51,-15,49,-12,46,-13,46,-25,43,-29,31,-31,30,-39,38,-32,43,-16,48,-13,47,-22,39,-26,34,-24,31,-25,34,-31,31,-37,26,-27,23,-14,8,-12,-5,-4,-2,0,0,0,0,0,0,0,0,-1,-1,-5,3,-38,28,-46,28,-52,27,-60,18,-55,33,-52,36,-51,36,-49,36,-40,36,-36,32,-35,31,-33,33,-39,29,-42,29,-40,38,-43,42,-52,41,-56,39,-50,36,-43,39,-42,42,-37,36,-29,32,-30,29,-36,23,-39,19,-33,26,-30,37,-34,42,-40,41,-55,34,-24,43,-18,37,-17,31,-20,32,-31,30,-34,32,-31,36,-36,35,-35,32,-31,30,-34,25,-32,19,-28,20,-29,22,-31,20,-34,27,-35,33,-32,26,-31,17,-31,16,-32,16,-29,9,-25,3,-24,2,-22,0,-19,-1,-5,0,-1,-1,-1,-1,0,0,0,0,-1,-1,-1,-1,-1,-1,-1,-1,-1,-1,-3,0,-14,1,-19,-5,-25,-15,-28,-17,-21,-8,-13,-4,-13,-5,-17,-10,-15,-19,-17,-24,-27,-22,-28,-20,-29,-25,-27,-28,-16,-25,-18,-32,-28,-40,-21,-32,-15,-27,-21,-30,-25,-32,-22,-31,-17,-33,-16,-46,-20,-57,-23,-50,-25,-44,-20,-46,-25,-48,-29,-42,-26,-39,-19,-46,-17,-52,-26,-50,-34,-50,-35,-53,-38,-52,-40,-49,-41,-43,-40,-38,-36,-38,-36,-47,-41,-60,-45,-58,-47,-47,-45,-43,-43,-42,-46,-42,-41,-46,-34,-49,-38,-50,-42,-49,-37,-48,-13,-52,-19,-65,-25,-71,-28,-57,-4,-7]"
CSI_DATA,5875,1a:00:00:00:00:00,-6,11,1,0,1,1,1,0,0,0,0,-96,0,11,2,110413813,0,47,1,384,1,"[47,-16,2,0,0,0,0,0,0,0,8,14,34,57,34,55,37,59,35,63,27,57,23,51,25,47,29,50,38,54,40,53,35,57,38,54,46,48,39,56,31,60,48,44,54,31,32,33,23,31,18,34,12,38,20,33,33,23,48,13,50,22,51,36,30,17,60,30,52,30,56,29,52,28,36,38,32,39,36,28,39,26,38,18,35,17,34,30,26,33,24,35,30,46,38,39,43,22,36,21,32,31,30,33,19,29,16,32,15,41,11,45,10,38,2,25,-9,15,-4,3,0,0,0,0,0,0,0,0,-1,-1,2,6,19,49,22,48,29,49,27,57,29,63,32,61,33,61,31,58,27,48,24,45,22,43,22,42,23,50,26,53,32,46,35,44,38,52,35,55,29,51,36,46,42,43,30,38,25,30,22,30,17,36,17,38,24,33,37,32,44,36,47,39,49,39,41,23,33,16,32,17,33,21,26,32,24,34,29,30,31,33,32,31,30,28,25,33,19,33,19,29,18,32,21,31,34,25,38,25,27,30,19,30,15,23,11,23,6,27,1,29,-1,28,-2,23,-4,16,-1,3,-1,-1,-1,-1,-1,-1,0,0,-1,-1,-1,-1,-1,-1,-1,-1,-1,-1,-1,2,-3,12,-8,16,-21,18,-25,17,-13,15,-6,11,-10,10,-14,13,-18,12,-24,12,-30,16,-34,16,-39,16,-41,15,-38,7,-40,5,-43,13,-33,12,-28,5,-33,4,-40,7,-43,7,-42,4,-50,1,-59,1,-52,1,-48,7,-47,1,-48,4,-45,4,-44,5,-49,1,-53,-1,-52,7,-54,17,-59,20,-61,27,-57,31,-50,28,-48,22,-49,19,-57,24,-69,28,-67,28,-58,29,-54,30,-52,30,-51,30,-54,27,-58,25,-60,31,-59,34,-58,29,-60,18,-70,23,-72,27,-60,22,-7,2]"
CSI_DATA,5876,1a:00:00:00:00:00,-5,11,1,0,1,1,1,0,0,0,0,-96,0,11,2,110424812,0,47,1,384,1,"[47,-16,2,0,0,0,0,0,0,0,15,-5,60,-18,58,-19,63,-22,65,-19,57,-8,53,-5,50,-9,51,-11,58,-13,60,-12,64,-8,66,-13,68,-20,69,-11,68,-6,65,-26,56,-31,45,-11,40,-8,38,0,39,13,44,6,45,-10,42,-30,47,-28,55,-17,31,-11,65,-21,63,-14,64,-16,55,-15,50,0,53,2,49,-8,46,-13,44,-11,43,-6,48,2,45,8,46,12,54,15,55,8,50,-3,48,-3,46,3,40,8,33,14,38,15,42,20,41,27,35,20,16,10,0,10,-1,2,0,0,0,0,0,0,0,0,-1,-1,5,-2,44,-6,52,-7,56,-8,60,1,65,-6,63,-10,64,-9,62,-9,52,-11,48,-7,47,-7,44,-9,48,-2,53,-1,53,-10,56,-12,64,-6,65,-3,59,-1,60,-8,60,-14,51,-9,42,-8,39,-4,39,7,42,11,45,2,51,-12,56,-14,58,-10,59,-8,46,-18,40,-14,38,-9,39,-8,41,2,42,3,47,-3,54,0,53,3,46,4,43,10,40,12,39,11,41,12,41,12,47,5,51,4,43,12,34,17,30,15,30,16,25,19,20,22,23,22,18,17,8,12,1,2,-1,-1,-1,-1,-1,-1,-1,-1,-1,-1,-1,-1,-1,-1,-1,-1,-1,-1,2,-1,15,-2,22,3,30,14,31,16,21,7,14,5,13,9,16,15,17,24,19,25,25,20,28,21,30,27,27,32,16,32,15,34,22,37,17,33,12,32,17,34,22,37,18,38,10,37,8,48,12,60,16,51,21,41,11,45,16,47,16,44,14,42,9,50,6,56,12,55,20,55,22,58,28,59,32,55,28,47,23,44,18,45,22,55,27,69,28,67,30,57,29,56,26,55,27,53,20,56,13,59,18,59,24,60,18,59,-1,55,1,65,3,73,4,62,0,6]"
CSI_DATA,5878,1a:00:00:00:00:00,-5,11,1,0,1,1,1,0,0,0,0,-96,0,11,2,110446812,0,47,1,384,1,"[47,-16,2,0,0,0,0,0,0,0,-12,12,-45,49,-41,51,-42,57,-47,54,-42,44,-38,39,-34,40,-34,43,-37,48,-35,53,-36,55,-33,57,-32,64,-43,60,-43,52,-23,65,-12,71,-17,49,-17,38,-22,35,-30,33,-28,39,-12,45,10,51,4,53,-14,58,-4,33,1,62,-13,55,-17,56,-10,52,-16,49,-15,54,-2,54,-1,55,-1,54,-3,51,-14,51,-18,41,-19,38,-25,48,-18,52,-2,51,-1,50,-9,51,-12,48,-14,41,-14,42,-23,43,-33,39,-24,35,-13,20,-15,2,-5,-2,0,0,0,0,0,0,0,0,-1,-1,-6,2,-45,16,-51,20,-53,23,-58,13,-58,29,-53,33,-51,33,-52,33,-44,33,-39,31,-36,32,-33,34,-38,28,-41,29,-39,39,-40,43,-48,40,-51,37,-42,35,-36,42,-37,46,-34,37,-26,33,-27,34,-32,29,-33,25,-27,29,-23,41,-25,46,-28,46,-41,40,-12,44,-13,38,-15,32,-15,33,-23,37,-23,40,-20,42,-25,44,-25,43,-23,38,-26,33,-25,28,-20,29,-18,29,-19,30,-23,41,-24,47,-24,36,-25,26,-25,24,-25,24,-26,18,-28,12,-29,13,-25,11,-17,8,-4,1,-1,-1,-1,-1,-1,-1,-1,-1,-1,-1,-1,-1,-1,-1,-1,-1,-1,-1,-2,-1,-11,-6,-13,-17,-11,-29,-13,-30,-17,-20,-15,-12,-13,-11,-10,-16,-1,-25,0,-31,-9,-36,-11,-35,-12,-37,-13,-40,-5,-35,1,-40,0,-48,-1,-39,-1,-34,-3,-40,-6,-44,-5,-41,1,-37,7,-45,8,-57,-1,-53,-5,-50,-2,-49,-6,-51,-12,-47,-12,-45,-2,-50,3,-55,-6,-56,-14,-59,-15,-59,-19,-57,-23,-55,-25,-50,-24,-46,-22,-47,-22,-55,-22,-65,-27,-62,-34,-54,-34,-51,-33,-50,-37,-49,-32,-52,-26,-53,-31,-54,-37,-55,-31,-54,-1,-53,-3,-64,-10,-72,-14,-60,-3,-7]"
CSI_DATA,5879,1a:00:00:00:00:00,-6,11,1,0,1,1,1,0,0,0,0,-96,0,11,2,110457812,0,47,1,384,1,"[47,-16,2,0,0,0,0,0,0,0,1,15,5,62,5,65,8,70,7,70,3,61,1,56,1,52,0,53,1,62,5,66,7,67,12,66,19,68,10,70,0,69,18,67,27,61,10,48,5,41,-2,41,-7,43,3,46,16,43,31,40,26,47,15,56,12,30,31,57,23,55,23,59,19,54,5,51,5,52,15,47,16,46,16,43,16,41,8,46,1,39,-3,38,-8,50,0,54,17,49,17,42,4,39,-5,40,-6,35,-3,36,-11,37,-19,37,-12,31,-8,15,-13,1,-4,-1,0,0,0,0,0,0,0,0,-1,-1,3,4,23,43,21,51,21,58,12,61,4,64,7,63,7,64,9,62,10,53,7,48,6,44,5,44,-1,51,-2,55,9,54,14,57,12,65,9,65,6,59,11,59,14,59,11,50,13,43,10,42,1,44,-3,46,6,44,17,48,17,54,13,56,18,58,25,42,21,34,13,30,12,33,6,43,8,47,13,46,9,49,8,49,7,46,2,44,-1,38,0,35,-2,36,-4,39,2,47,8,48,2,37,-6,33,-5,35,-4,36,-10,27,-17,18,-16,18,-12,16,-9,15,-2,4,-1,-1,-1,-1,-1,-1,-1,-1,-1,-1,-1,-1,-1,-1,-1,-1,-1,-1,-1,1,-2,8,-5,15,-17,19,-20,21,-9,16,-5,9,-7,10,-7,13,-13,7,-21,7,-25,17,-25,17,-30,16,-31,15,-25,7,-33,8,-44,17,-36,14,-29,8,-31,10,-34,13,-35,10,-37,4,-47,-3,-56,-2,-48,5,-43,21,-47,2,-50,4,-44,8,-41,8,-48,2,-53,-2,-54,6,-59,14,-66,11,-66,11,-59,18,-51,21,-46,19,-44,17,-56,16,-71,14,-70,17,-62,22,-59,21,-58,19,-57,23,-57,19,-61,11,-63,13,-62,18,-61,14,-56,4,-70,6,-77,11,-67,16,-8,2]"
CSI_DATA,5880,1a:00:00:00:00:00,-6,11,1,0,1,1,1,0,0,0,0,-96,0,11,2,110468811,0,47,1,384,1,"[47,-16,2,0,0,0,0,0,0,0,10,-14,42,-53,40,-54,40,-58,45,-58,42,-49,38,-42,37,-42,38,-47,41,-55,38,-56,38,-51,34,-54,29,-61,42,-55,50,-49,30,-64,17,-68,21,-48,20,-37,26,-32,34,-27,32,-31,18,-39,-1,-51,5,-55,22,-60,9,-35,13,-66,19,-57,20,-60,16,-57,27,-48,31,-47,20,-49,17,-52,13,-48,12,-45,23,-44,26,-34,29,-32,39,-43,31,-51,15,-51,16,-46,26,-46,28,-42,29,-32,33,-32,41,-30,46,-23,35,-21,21,-12,16,2,3,1,0,0,0,0,0,0,0,0,-1,0,5,-4,41,-29,41,-33,42,-39,49,-34,53,-43,51,-46,49,-46,48,-46,40,-42,37,-38,35,-36,32,-36,38,-35,41,-37,37,-43,37,-46,45,-46,49,-44,44,-40,38,-47,36,-52,31,-42,24,-34,25,-30,30,-25,33,-24,28,-30,25,-43,28,-50,31,-51,36,-48,16,-46,13,-36,15,-32,16,-35,25,-34,27,-34,24,-37,29,-40,27,-41,27,-37,34,-30,34,-24,29,-23,28,-24,27,-27,26,-39,29,-43,31,-31,30,-21,26,-19,26,-17,27,-11,28,-3,30,-2,25,-3,18,-1,4,-1,-1,-1,-1,-1,-1,-1,0,0,-1,-1,-1,-1,-1,-1,-1,-1,-1,-1,1,-2,11,-5,20,-1,28,10,30,12,23,1,16,-3,14,2,17,6,19,15,22,20,28,19,30,21,32,25,31,27,22,29,21,33,29,34,24,27,17,26,21,30,27,34,25,35,19,34,19,45,24,56,23,47,24,39,21,43,27,43,26,37,25,35,22,45,22,52,30,47,36,45,38,47,45,44,48,40,43,37,37,35,36,37,41,44,47,54,49,51,49,42,48,39,46,37,46,36,44,39,43,42,48,43,50,42,44,44,25,51,33,63,39,66,33,51,3,5]"
CSI_DATA,5882,1a:00:00:00:00:00,-6,11,1,0,1,1,1,0,0,0,0,-96,0,11,2,110490828,0,47,1,384,1,"[47,-16,2,0,0,0,0,0,0,0,9,14,35,53,39,44,47,43,43,53,39,57,45,55,52,47,50,34,42,27,42,28,54,30,64,26,57,30,44,33,44,29,47,30,40,32,40,22,50,9,52,15,52,24,45,19,35,6,40,-5,50,-3,48,5,26,-7,61,-25,57,-13,48,-19,47,-24,48,-24,51,-28,55,-25,50,-13,48,-9,45,-13,40,-9,40,-1,32,-6,19,-12,31,-11,52,-19,53,-24,40,-18,31,-12,30,-11,33,-18,27,-15,18,-1,27,4,34,5,33,11,8,4,0,0,0,0,0,0,0,0,-1,-1,-4,6,-20,53,-10,60,-4,59,0,50,15,49,14,49,18,50,18,53,14,53,16,56,25,53,24,44,18,40,17,40,21,44,26,48,24,46,18,42,21,41,27,40,21,38,14,33,21,27,23,28,17,28,17,25,19,26,24,24,31,21,35,19,24,40,30,12,33,19,41,16,40,9,28,4,29,7,36,14,31,18,27,14,25,12,18,13,16,14,21,15,26,15,29,12,32,9,29,7,21,6,16,11,15,16,16,15,13,11,10,10,8,14,2,15,1,12,0,2,-1,-1,0,0,0,0,-1,-1,0,0,0,0,-1,-1,-1,-1,-1,-1,-7,1,-22,5,-16,6,-15,2,-17,-6,-17,-10,-16,-11,-17,-7,-19,1,-21,1,-22,-10,-26,-21,-32,-20,-34,-13,-33,-13,-32,-18,-32,-29,-30,-32,-30,-25,-34,-22,-31,-21,-31,-20,-38,-22,-40,-24,-34,-29,-29,-34,-34,-34,-35,-39,-37,-37,-40,-40,-48,-39,-52,-36,-54,-27,-51,-16,-44,-16,-44,-22,-48,-20,-52,-7,-59,-3,-64,-7,-69,-10,-74,-11,-69,-11,-61,-11,-63,-12,-65,-10,-60,-5,-58,0,-66,5,-68,7,-63,8,-61,7,-62,3,-61,4,-51,-10,-55,-4,-66,-3,-75,-8,-10,-2]"
CSI_DATA,5883,1a:00:00:00:00:00,-6,11,1,0,1,1,1,0,0,0,0,-96,0,11,2,110501810,0,47,1,384,1,"[47,-16,2,0,0,0,0,0,0,0,7,13,26,50,28,45,29,48,21,56,10,61,12,64,25,64,32,58,34,50,30,46,23,54,33,61,35,57,23,55,21,56,27,47,21,35,18,35,28,34,21,41,8,50,12,45,22,38,36,34,38,37,32,34,21,19,50,50,51,48,61,43,54,41,38,40,40,43,40,40,30,36,25,41,27,43,27,42,19,42,17,39,24,35,29,38,31,42,26,40,21,35,18,31,11,33,10,37,16,32,18,27,9,32,-3,35,-14,33,-5,8,0,0,0,0,0,0,0,0,-1,-1,-5,6,-32,49,-27,53,-20,57,-16,61,5,59,4,59,4,60,1,60,-5,56,-7,57,-4,59,3,55,5,53,3,50,3,49,7,53,9,55,5,53,2,53,5,55,4,48,-3,37,1,34,-4,35,-15,35,-13,38,-7,41,1,42,8,40,12,40,-4,54,11,41,12,37,19,38,16,36,3,32,0,38,4,44,3,39,4,36,3,37,2,35,0,33,-3,36,-6,41,-3,41,4,39,1,34,-4,29,-6,29,-8,29,-16,28,-19,22,-15,19,-12,21,-11,18,-12,14,-4,3,0,0,0,0,-1,-1,-1,-1,0,0,0,0,0,0,-1,-1,-1,-1,-6,4,-16,17,-8,17,-8,21,-16,17,-19,9,-17,6,-16,9,-21,14,-25,18,-25,20,-30,17,-40,16,-43,19,-41,17,-42,10,-43,7,-38,9,-36,8,-37,6,-35,0,-38,-4,-46,-1,-48,2,-48,2,-52,3,-53,5,-46,1,-50,-9,-52,-10,-56,-8,-58,-4,-58,-2,-56,-2,-51,-2,-52,-1,-54,8,-54,23,-57,27,-58,17,-60,7,-65,4,-67,11,-65,16,-61,11,-60,7,-62,10,-60,11,-62,10,-63,10,-61,10,-62,12,-65,9,-65,6,-66,-7,-70,6,-71,5,-62,-13,-8,-3]"
CSI_DATA,5884,1a:00:00:00:00:00,-6,11,1,0,1,1,1,0,0,0,0,-96,0,11,2,110512810,0,47,1,384,1,"[47,-16,2,0,0,0,0,0,0,0,10,-14,39,-50,30,-50,28,-57,37,-55,43,-50,42,-55,31,-60,23,-58,21,-53,22,-53,22,-63,17,-73,17,-66,21,-53,21,-51,22,-50,24,-42,17,-43,4,-49,10,-51,21,-51,17,-47,5,-39,-7,-45,-6,-55,0,-51,-7,-28,-19,-65,-11,-63,-21,-60,-24,-57,-18,-51,-18,-50,-14,-54,-5,-47,0,-43,-4,-45,-5,-43,4,-43,0,-38,-12,-26,-11,-33,-10,-50,-9,-52,-9,-42,-6,-30,-1,-26,-4,-33,-7,-26,-1,-16,10,-25,18,-34,25,-34,7,-9,0,0,0,0,0,0,0,0,-1,-1,7,0,60,-3,63,-13,59,-20,50,-24,43,-37,43,-37,44,-37,48,-35,50,-29,52,-31,49,-39,42,-39,39,-38,38,-35,38,-36,38,-42,36,-38,35,-30,36,-32,33,-37,31,-32,29,-22,24,-23,27,-23,31,-16,29,-20,27,-27,22,-31,17,-33,14,-36,34,-21,15,-29,21,-34,16,-44,9,-43,9,-29,15,-28,22,-35,22,-29,15,-25,11,-26,10,-23,13,-20,18,-21,19,-22,17,-27,15,-31,13,-23,12,-16,16,-15,21,-13,20,-12,16,-9,13,-6,12,-5,8,-1,4,1,0,0,-1,-1,-1,-1,0,0,0,0,-1,-1,-1,-1,-1,-1,-1,-1,-1,-1,5,0,20,2,15,-2,12,0,13,8,12,14,7,14,7,13,13,9,19,6,17,11,13,24,19,29,24,24,21,23,17,29,13,38,8,36,8,31,13,32,11,34,9,37,14,43,16,45,8,42,3,44,7,50,12,51,4,52,3,55,8,62,13,63,22,57,27,47,20,42,12,48,18,48,32,42,40,45,39,51,35,58,34,63,35,59,31,52,28,54,27,58,29,55,35,50,39,53,40,56,41,50,39,46,35,50,34,53,24,54,34,51,38,57,30,66,2,8]"
CSI_DATA,5886,1a:00:00:00:00:00,-5,11,1,0,1,1,1,0,0,0,0,-96,0,11,2,110534810,0,47,1,384,1,"[47,-16,2,0,0,0,0,0,0,0,-17,1,-68,4,-67,8,-71,12,-73,9,-67,9,-62,11,-56,12,-51,12,-57,9,-63,14,-63,25,-59,33,-63,33,-66,22,-63,14,-65,26,-62,33,-47,26,-40,26,-46,24,-51,24,-48,25,-33,27,-22,42,-30,45,-45,34,-20,23,-31,55,-40,40,-41,34,-33,35,-37,37,-37,48,-30,55,-32,53,-31,49,-28,45,-31,36,-28,23,-26,19,-31,21,-31,30,-26,50,-23,52,-27,36,-31,28,-24,26,-16,31,-22,24,-31,13,-25,17,-14,11,-12,0,-4,-1,0,0,0,0,0,0,0,0,-1,-1,-6,2,-51,15,-63,18,-66,17,-59,5,-63,0,-64,5,-65,8,-64,10,-59,12,-57,13,-50,19,-44,22,-49,14,-54,11,-58,23,-60,30,-63,24,-62,16,-56,17,-56,23,-57,23,-49,22,-42,24,-46,23,-49,20,-43,19,-35,26,-35,34,-40,31,-41,26,-39,29,-29,41,-27,37,-21,33,-23,35,-33,37,-33,40,-31,43,-33,41,-31,39,-32,37,-33,30,-26,22,-21,23,-21,27,-24,28,-30,36,-29,42,-23,34,-26,26,-32,27,-31,30,-27,21,-25,6,-26,5,-25,8,-23,12,-6,3,-1,-1,-1,-1,-1,-1,-1,-1,-1,-1,-1,-1,-1,-1,-1,-1,-1,-1,-1,-2,-4,-11,-1,-13,7,-13,10,-15,2,-18,-3,-20,-6,-25,-4,-23,5,-14,16,-15,21,-26,16,-27,18,-25,18,-26,10,-24,20,-31,34,-38,25,-33,15,-32,13,-34,10,-31,13,-30,22,-29,33,-28,39,-30,30,-36,18,-42,26,-39,30,-47,23,-53,17,-52,21,-45,22,-41,17,-47,22,-58,30,-59,24,-57,15,-58,8,-57,3,-58,3,-62,10,-65,19,-67,15,-71,4,-71,1,-64,1,-63,-5,-67,-6,-67,1,-65,2,-64,0,-64,0,-62,4,-47,3,-58,-4,-70,-17,-74,-3,-10]"
CSI_DATA,5887,1a:00:00:00:00:00,-5,11,1,0,1,1,1,0,0,0,0,-96,0,11,2,110545809,0,47,1,384,1,"[47,-16,2,0,0,0,0,0,0,0,-3,17,-11,69,-7,68,-4,72,-7,72,-5,64,-3,59,-2,55,-1,57,-1,64,2,66,4,63,10,59,14,63,5,66,-2,63,16,66,27,67,14,55,11,43,7,43,1,46,3,48,16,42,38,34,36,39,24,54,18,24,43,36,28,43,25,48,26,42,21,44,27,49,37,44,38,48,34,45,32,39,25,40,12,33,8,35,12,54,20,54,36,38,38,36,27,46,20,50,15,42,17,37,11,44,3,48,8,37,4,20,-10,11,-4,2,0,0,0,0,0,0,0,0,-1,-1,-3,5,-19,44,-22,49,-24,52,-34,48,-28,59,-25,58,-21,58,-19,59,-13,56,-11,53,-8,50,-5,49,-10,49,-13,49,-5,54,-3,60,-11,64,-16,61,-10,54,-2,56,-1,60,-2,53,3,45,3,44,-3,43,-6,39,1,41,10,48,10,53,8,54,-4,54,19,36,16,33,12,32,11,34,11,41,16,44,20,42,19,45,19,44,14,42,4,41,-1,35,5,31,12,35,12,37,17,44,20,48,12,41,4,37,3,37,2,36,-3,33,-10,28,-12,26,-12,24,-8,21,-2,5,-1,-1,-1,-1,0,0,0,0,0,0,-1,-1,-1,-1,-1,-1,-1,-1,-4,1,-16,2,-20,-5,-21,-15,-21,-17,-23,-6,-21,0,-19,-2,-18,-7,-13,-16,-14,-24,-24,-28,-27,-25,-28,-25,-29,-27,-23,-26,-19,-37,-23,-43,-22,-33,-20,-30,-23,-33,-27,-31,-27,-29,-22,-32,-19,-44,-22,-53,-26,-43,-28,-41,-25,-40,-29,-43,-34,-37,-35,-32,-30,-39,-29,-45,-39,-41,-45,-40,-42,-42,-45,-38,-48,-35,-47,-32,-47,-29,-49,-28,-52,-33,-55,-42,-58,-39,-59,-28,-56,-23,-55,-22,-59,-20,-59,-21,-57,-25,-61,-24,-62,-22,-57,-24,-35,-40,-43,-52,-53,-50,-58,-29,-8,-3]"
CSI_DATA,5888,1a:00:00:00:00:00,-6,11,1,0,1,1,1,0,0,0,0,-96,0,11,2,110556809,0,47,1,384,1,"[47,-16,2,0,0,0,0,0,0,0,-1,13,-6,54,-9,56,-10,64,-12,66,-20,56,-20,54,-17,56,-17,58,-13,64,-13,62,-22,60,-17,68,-5,69,-13,63,-24,64,-8,64,0,54,-15,45,-14,45,-20,37,-33,29,-26,33,-13,40,3,48,2,53,-3,54,-3,33,-11,73,-10,69,-6,72,-11,61,-21,46,-21,46,-14,45,-11,40,-10,36,-13,31,-21,33,-25,36,-27,39,-32,43,-27,46,-19,48,-20,44,-22,38,-24,29,-27,18,-32,17,-34,21,-34,23,-30,19,-22,6,-16,-5,-4,-3,0,0,0,0,0,0,0,0,-1,-1,-4,5,-33,41,-33,45,-32,52,-34,59,-24,62,-27,62,-28,64,-26,61,-23,48,-27,42,-28,42,-26,45,-29,50,-30,49,-24,47,-22,50,-25,56,-30,55,-34,50,-28,54,-24,53,-26,41,-20,37,-23,33,-34,28,-36,30,-30,35,-23,42,-20,47,-20,49,-34,46,-17,42,-12,38,-11,41,-16,39,-30,28,-34,32,-27,41,-28,42,-29,37,-26,31,-29,27,-31,24,-32,25,-35,28,-34,30,-30,36,-32,36,-35,25,-33,20,-29,18,-27,12,-27,4,-30,3,-30,6,-20,4,-12,-1,-3,-1,-1,-1,0,0,0,0,-1,-1,0,0,0,0,-1,-1,-1,-1,-1,-1,-3,2,-9,9,-7,14,-14,21,-20,22,-17,15,-11,10,-13,10,-21,11,-28,11,-28,14,-29,17,-36,16,-41,17,-41,13,-37,4,-39,4,-41,10,-37,8,-34,0,-35,-2,-39,-1,-45,-1,-44,-2,-48,-5,-57,-7,-54,-6,-47,-5,-45,-13,-49,-13,-50,-13,-50,-12,-51,-15,-53,-17,-55,-13,-58,-7,-63,-1,-68,7,-65,9,-55,3,-51,-6,-53,-11,-63,-7,-74,-4,-71,-6,-66,-5,-67,-4,-65,-4,-63,-6,-63,-10,-61,-11,-61,-9,-63,-10,-63,-15,-59,-27,-64,-26,-67,-29,-60,-26,-7,-3]"
CSI_DATA,5890,1a:00:00:00:00:00,-6,11,1,0,1,1,1,0,0,0,0,-96,0,11,2,110578808,0,47,1,384,1,"[47,-16,2,0,0,0,0,0,0,0,-9,-12,-35,-46,-37,-41,-38,-44,-31,-53,-23,-60,-27,-63,-40,-60,-46,-51,-44,-41,-37,-36,-35,-44,-46,-49,-47,-47,-34,-49,-34,-50,-36,-42,-28,-33,-28,-31,-39,-26,-36,-36,-27,-49,-26,-42,-33,-30,-47,-24,-48,-26,-38,-25,-25,-13,-63,-32,-64,-31,-70,-21,-64,-20,-52,-25,-57,-27,-55,-26,-42,-25,-39,-32,-43,-32,-42,-28,-34,-32,-31,-29,-34,-21,-40,-23,-47,-28,-44,-28,-36,-25,-30,-23,-27,-27,-29,-29,-30,-21,-27,-15,-22,-25,-15,-33,-5,-36,-1,-10,0,0,0,0,0,0,0,0,-1,-1,6,-5,47,-40,39,-47,34,-53,30,-55,-2,-53,-1,-54,-1,-55,1,-55,6,-51,8,-53,4,-56,-1,-51,-2,-49,1,-46,0,-44,-4,-48,-6,-48,-5,-46,-2,-48,-3,-50,-1,-43,5,-33,-1,-30,1,-29,11,-27,11,-30,5,-35,-4,-35,-12,-34,-15,-36,7,-52,-13,-33,-11,-33,-18,-33,-19,-28,-10,-22,-8,-28,-7,-36,-5,-33,-8,-31,-11,-31,-11,-27,-9,-24,-4,-28,1,-32,-1,-34,-8,-32,-6,-26,0,-21,2,-24,4,-27,9,-26,10,-20,7,-16,3,-18,2,-13,1,-9,0,-3,0,0,0,0,-1,-1,-1,-1,0,0,0,0,-1,0,0,0,1,-1,3,-5,14,-13,11,-13,13,-14,16,-13,18,-8,19,0,21,-2,21,-11,24,-13,30,-11,37,-10,40,-9,41,-5,41,-5,42,-3,42,0,39,5,35,4,34,5,34,6,40,8,45,8,45,8,46,9,48,10,48,10,44,21,48,17,47,19,52,19,57,15,56,13,53,11,50,11,52,6,51,-2,52,-10,56,-11,61,-6,64,-2,67,-1,62,-1,60,0,60,0,58,-1,53,-4,56,-4,62,-5,62,-6,58,-7,59,-3,60,-1,60,-4,61,15,62,15,61,17,61,22,11,3]"
CSI_DATA,5891,1a:00:00:00:00:00,-6,11,1,0,1,1,1,0,0,0,0,-96,0,11,2,110589808,0,47,1,384,1,"[47,-16,2,0,0,0,0,0,0,0,-12,13,-42,50,-32,49,-28,54,-37,54,-42,52,-41,57,-31,60,-22,56,-20,49,-20,51,-18,64,-11,73,-15,68,-21,55,-19,51,-19,51,-22,45,-12,44,2,50,-5,53,-15,55,-10,47,0,36,13,41,15,50,8,47,12,24,36,58,22,55,27,48,32,46,30,45,33,45,30,47,20,44,15,43,16,41,16,38,9,41,11,34,16,20,18,27,27,45,30,46,25,36,17,26,11,25,18,29,16,23,6,17,2,27,-1,35,-10,37,-4,10,0,0,0,0,0,0,0,0,-1,-1,-8,0,-58,11,-61,24,-56,31,-46,32,-42,38,-41,38,-42,40,-47,39,-49,35,-50,38,-45,45,-37,45,-34,41,-34,38,-35,41,-33,49,-33,44,-34,35,-32,38,-27,44,-27,38,-27,30,-21,31,-25,33,-30,28,-24,29,-17,34,-12,36,-8,37,-5,39,-24,31,-5,35,-11,42,-2,51,4,48,0,35,-3,36,-7,44,-10,38,-8,32,-5,29,-5,24,-6,23,-8,28,-7,30,-4,32,0,36,-1,32,-4,25,-8,23,-14,23,-13,22,-10,17,-10,13,-12,13,-13,8,-10,3,-2,0,0,0,-1,-1,-1,-1,-1,-1,-1,-1,0,0,0,0,0,-1,-2,-1,-7,-3,-18,-12,-12,-10,-7,-9,-4,-14,-3,-16,-2,-18,-6,-18,-11,-17,-11,-18,-8,-20,-5,-28,-5,-32,-7,-33,-8,-33,-4,-34,3,-37,7,-40,3,-37,0,-38,-2,-38,-2,-43,0,-46,5,-44,7,-42,8,-44,9,-48,6,-48,10,-52,10,-56,5,-62,-2,-64,-8,-60,-10,-56,-9,-52,-9,-51,-10,-49,-17,-50,-24,-54,-27,-58,-28,-62,-27,-67,-23,-65,-22,-64,-23,-63,-23,-62,-25,-58,-33,-59,-37,-61,-38,-60,-36,-56,-35,-55,-34,-54,-35,-52,-26,-51,-31,-52,-35,-55,-38,-58,-8,-11]"
CSI_DATA,5892,1a:00:00:00:00:00,-6,11,1,0,1,1,1,0,0,0,0,-96,0,11,2,110600808,0,47,1,384,1,"[47,-16,2,0,0,0,0,0,0,0,10,12,41,46,48,36,54,34,50,42,51,42,55,38,58,31,53,22,42,19,45,19,60,15,70,9,67,14,57,20,52,15,55,15,51,15,44,3,47,-11,54,-2,58,7,51,4,38,-6,42,-23,49,-24,44,-15,20,-18,45,-46,48,-28,37,-27,31,-34,33,-38,35,-49,37,-51,40,-40,42,-35,35,-38,33,-35,39,-27,34,-25,23,-25,25,-36,33,-56,35,-57,30,-40,25,-32,22,-33,16,-39,15,-33,22,-20,24,-23,22,-25,26,-19,7,-5,0,0,0,0,0,0,0,0,-1,-1,-1,6,1,55,15,59,24,55,22,46,27,47,29,47,32,45,32,46,31,47,35,48,43,42,43,35,38,32,37,31,42,33,47,34,42,32,35,29,39,25,45,22,38,23,30,21,32,15,35,18,34,22,35,18,38,14,38,8,35,3,35,1,30,24,35,-4,42,-3,44,-12,41,-16,31,-13,34,-15,44,-15,42,-8,38,-6,37,-8,34,-5,30,-2,31,-7,34,-14,36,-18,38,-19,38,-18,34,-12,32,-6,32,-3,30,-6,25,-7,21,-1,21,5,18,11,12,10,2,2,-1,-1,-1,-1,-1,-1,-1,-1,-1,-1,-1,-1,0,0,0,-1,-3,-1,-7,-3,-21,-10,-18,-9,-14,-10,-14,-15,-14,-15,-16,-14,-19,-11,-22,-10,-19,-13,-18,-19,-18,-28,-23,-30,-26,-29,-30,-30,-28,-31,-26,-37,-24,-41,-24,-36,-25,-32,-31,-27,-36,-26,-34,-29,-29,-34,-26,-37,-29,-39,-32,-40,-30,-44,-34,-41,-37,-42,-44,-40,-50,-35,-52,-28,-51,-26,-49,-25,-50,-22,-49,-21,-51,-17,-56,-11,-60,-8,-65,-7,-69,-9,-66,-13,-64,-13,-64,-10,-64,-5,-60,2,-64,10,-67,14,-67,13,-64,10,-64,10,-62,9,-60,12,-53,0,-53,5,-54,11,-60,17,-12,3]"
CSI_DATA,5894,1a:00:00:00:00:00,-6,11,1,0,1,1,1,0,0,0,0,-96,0,11,2,110622807,0,47,1,384,1,"[47,-16,2,0,0,0,0,0,0,0,8,-16,33,-61,30,-61,29,-66,32,-65,29,-56,26,-51,23,-50,22,-53,24,-61,23,-64,23,-61,18,-60,14,-65,26,-65,31,-61,8,-69,-4,-74,7,-55,8,-43,12,-40,20,-40,18,-44,2,-46,-20,-48,-15,-53,2,-62,-4,-33,-17,-59,-6,-55,-4,-58,-7,-54,1,-53,1,-56,-9,-54,-11,-56,-11,-53,-10,-49,-1,-50,7,-40,11,-38,14,-55,3,-58,-14,-51,-13,-49,-2,-54,2,-53,5,-44,5,-45,15,-47,24,-45,15,-38,8,-22,14,-5,4,0,0,0,0,0,0,0,0,0,-1,-1,4,-5,36,-32,38,-37,39,-42,48,-36,47,-48,44,-49,41,-49,41,-50,34,-48,30,-44,26,-42,23,-41,29,-40,32,-41,27,-49,28,-54,37,-54,40,-51,33,-47,25,-51,24,-55,22,-47,15,-40,16,-38,23,-35,25,-33,19,-36,13,-48,14,-54,17,-54,30,-50,1,-45,1,-38,5,-33,7,-35,13,-40,11,-42,9,-42,12,-46,12,-47,12,-43,18,-38,19,-32,13,-31,9,-33,10,-34,11,-45,12,-51,15,-39,18,-29,16,-27,16,-27,19,-22,23,-14,25,-14,22,-14,16,-10,3,-3,-1,-1,-1,-1,0,0,0,0,-1,-1,-1,-1,-1,-1,-1,-1,-1,-1,1,-1,10,-2,19,6,23,17,24,18,22,5,16,0,13,3,15,9,12,19,13,25,21,26,24,26,25,28,26,29,17,30,14,38,21,41,19,30,15,27,17,33,21,35,19,35,13,34,11,45,14,56,17,47,24,40,17,44,22,46,25,39,25,35,19,44,17,51,26,49,33,48,33,49,39,46,43,44,41,40,37,36,36,35,39,42,43,54,48,51,50,40,49,37,47,36,48,34,46,37,44,40,50,41,54,40,47,41,24,49,29,60,37,63,36,47,4,4]"
CSI_DATA,5895,1a:00:00:00:00:00,-6,11,1,0,1,1,1,0,0,0,0,-96,0,11,2,110633807,0,47,1,384,1,"[47,-16,2,0,0,0,0,0,0,0,2,-15,12,-57,15,-60,16,-67,19,-66,24,-54,23,-50,20,-52,22,-56,23,-64,24,-62,27,-59,21,-65,12,-69,21,-64,31,-61,14,-66,4,-62,18,-47,17,-40,22,-33,33,-29,28,-37,13,-44,-4,-48,1,-50,10,-54,6,-35,15,-74,18,-67,18,-68,19,-57,28,-41,28,-42,19,-46,15,-46,13,-42,14,-37,22,-36,25,-34,29,-36,39,-41,36,-44,23,-47,21,-44,24,-36,27,-29,28,-22,32,-22,39,-23,41,-21,29,-17,15,-6,11,6,2,2,0,0,0,0,0,0,0,0,-1,-1,3,-5,32,-41,34,-45,37,-48,43,-51,32,-59,33,-59,33,-60,30,-58,24,-47,25,-40,25,-40,24,-43,31,-45,34,-45,27,-47,26,-51,35,-56,39,-54,38,-47,33,-51,28,-56,26,-45,20,-38,23,-33,35,-28,38,-28,31,-32,24,-40,25,-47,28,-51,42,-47,17,-46,12,-41,13,-37,16,-35,28,-28,32,-30,29,-39,33,-41,33,-38,31,-32,34,-27,34,-24,32,-24,33,-26,31,-27,32,-36,35,-37,34,-24,30,-18,26,-19,25,-16,27,-9,28,-5,25,-5,17,-3,9,1,1,0,-1,0,0,0,0,0,0,-1,0,0,0,0,-1,-1,-1,-1,-1,-1,1,-4,7,-13,11,-14,21,-17,26,-16,17,-12,8,-8,10,-7,19,-8,27,-4,30,-5,31,-12,36,-12,42,-8,42,-3,34,3,37,3,44,-2,36,0,30,6,33,4,40,2,42,5,39,8,45,15,55,21,52,18,48,18,44,17,47,17,46,15,45,14,46,19,48,25,52,20,57,14,61,11,64,7,61,6,54,7,48,10,48,13,59,13,71,16,69,16,64,12,63,12,61,12,62,12,61,17,56,21,56,19,57,18,55,22,46,37,55,43,57,48,51,36,6,3]"
CSI_DATA,5896,1a:00:00:00:00:00,-5,11,1,0,1,1,1,0,0,0,0,-96,0,11,2,110644817,0,47,1,384,1,"[47,-16,2,0,0,0,0,0,0,0,-4,-17,-12,-65,-20,-61,-29,-63,-23,-71,-22,-70,-27,-67,-33,-59,-35,-47,-29,-41,-31,-44,-44,-48,-53,-48,-45,-53,-33,-53,-33,-46,-38,-46,-34,-47,-36,-32,-45,-20,-46,-27,-45,-35,-39,-30,-30,-17,-42,-6,-53,-11,-49,-22,-29,-3,-64,9,-53,-4,-44,-2,-45,6,-51,10,-59,16,-63,16,-60,8,-56,5,-50,8,-42,2,-38,-6,-30,-4,-23,-1,-38,-1,-62,11,-62,19,-48,12,-37,4,-33,4,-34,15,-30,11,-26,-5,-32,-5,-31,-7,-26,-17,-7,-6,0,0,0,0,0,0,0,0,-1,-1,3,-6,29,-49,25,-57,20,-58,18,-49,5,-54,3,-54,-2,-54,-2,-58,-2,-59,-5,-60,-13,-57,-15,-50,-9,-46,-6,-46,-12,-51,-18,-57,-13,-55,-8,-51,-14,-47,-21,-45,-17,-42,-13,-34,-18,-31,-18,-36,-14,-35,-15,-31,-17,-30,-22,-30,-28,-28,-30,-28,-16,-45,-33,-17,-34,-22,-39,-20,-40,-15,-32,-11,-34,-13,-40,-18,-37,-19,-34,-17,-29,-18,-22,-21,-19,-18,-25,-15,-32,-13,-36,-12,-39,-12,-37,-11,-30,-10,-23,-14,-19,-21,-20,-18,-17,-11,-12,-11,-10,-17,-7,-24,-4,-23,-1,-6,-1,-1,-1,-1,-1,-1,0,0,-1,-1,-1,-1,-1,-1,-1,-1,-1,-1,4,3,18,11,14,7,9,8,8,15,9,16,10,15,13,16,16,13,12,14,3,21,1,31,7,32,12,30,14,33,13,34,3,41,-3,44,5,38,14,37,13,35,14,32,17,37,16,41,6,43,-2,45,5,48,4,55,7,50,8,54,18,56,26,55,31,49,32,40,28,36,25,42,26,42,34,32,43,31,47,37,53,40,57,41,52,38,46,37,52,37,56,33,52,24,53,21,62,22,63,22,58,20,56,20,59,22,58,18,35,28,40,29,56,30,67,28,8,3]"
CSI_DATA,5897,1a:00:00:00:00:00,-6,11,1,0,1,1,1,0,0,0,0,-96,0,11,2,110655807,0,47,1,384,1,"[47,-16,2,0,0,0,0,0,0,0,-4,13,-17,53,-21,55,-22,62,-26,61,-32,50,-31,48,-26,52,-26,57,-23,64,-24,59,-32,54,-27,62,-16,65,-23,58,-32,59,-18,62,-9,55,-19,44,-15,43,-22,38,-37,29,-33,32,-19,39,-1,48,-1,53,-7,55,-5,34,-16,75,-17,70,-13,72,-15,62,-24,47,-27,47,-21,50,-13,46,-12,39,-16,32,-20,35,-21,39,-25,41,-30,45,-26,48,-20,50,-21,46,-21,42,-22,35,-28,25,-34,24,-36,28,-37,29,-32,21,-23,9,-21,0,-6,-1,0,0,0,0,0,0,0,0,-1,-1,-5,3,-40,32,-39,37,-40,44,-45,51,-35,57,-36,56,-36,57,-35,54,-30,44,-32,37,-33,37,-31,41,-34,46,-35,46,-31,43,-31,46,-35,51,-38,48,-41,42,-36,49,-30,51,-27,38,-22,34,-26,30,-37,22,-39,23,-35,30,-27,39,-25,46,-27,47,-43,40,-22,40,-16,37,-15,39,-20,37,-33,25,-38,28,-34,39,-33,39,-32,35,-30,30,-31,24,-32,21,-34,23,-39,26,-37,27,-33,32,-34,32,-36,23,-34,18,-31,18,-30,12,-29,5,-31,3,-31,3,-23,2,-16,0,-4,-1,0,0,0,0,0,0,-1,-1,0,0,0,0,-1,-1,-1,-1,-1,-1,-4,1,-13,7,-13,12,-22,17,-27,14,-20,8,-14,6,-17,5,-27,4,-34,2,-33,4,-34,6,-39,4,-45,5,-46,0,-40,-9,-38,-8,-42,-2,-39,-4,-34,-10,-33,-12,-39,-13,-44,-14,-41,-13,-43,-18,-51,-24,-48,-22,-44,-14,-39,-27,-42,-26,-44,-26,-44,-25,-45,-28,-48,-30,-51,-24,-54,-21,-60,-16,-67,-7,-66,-6,-55,-11,-48,-19,-49,-24,-60,-21,-71,-19,-68,-20,-62,-20,-63,-20,-62,-19,-59,-20,-58,-25,-56,-25,-56,-22,-58,-23,-59,-28,-54,-34,-59,-35,-61,-41,-51,-37,-6,-4]"
CSI_DATA,5899,1a:00:00:00:00:00,-5,11,1,0,1,1,1,0,0,0,0,-96,0,11,2,110677806,0,47,1,384,1,"[47,-16,2,0,0,0,0,0,0,0,-6,-16,-26,-58,-38,-51,-44,-52,-37,-59,-39,-56,-43,-53,-47,-47,-45,-37,-35,-35,-39,-37,-56,-34,-64,-30,-58,-36,-48,-39,-46,-33,-53,-32,-53,-31,-46,-17,-49,-6,-52,-15,-55,-24,-51,-20,-41,-8,-47,8,-54,7,-50,-4,-26,8,-57,28,-55,8,-47,6,-43,14,-46,19,-52,31,-54,34,-56,23,-57,18,-51,21,-46,18,-45,9,-41,7,-35,9,-41,20,-54,40,-55,41,-46,24,-40,15,-35,19,-31,28,-30,23,-32,8,-32,11,-28,11,-25,1,-7,-1,0,0,0,0,0,0,0,0,-1,-1,-1,-7,-6,-55,-18,-62,-27,-60,-20,-49,-19,-53,-23,-53,-27,-53,-25,-55,-26,-55,-31,-55,-40,-49,-41,-41,-33,-40,-32,-41,-40,-44,-46,-44,-39,-44,-31,-41,-36,-35,-42,-32,-38,-34,-31,-31,-35,-25,-37,-28,-36,-31,-36,-25,-39,-19,-42,-15,-40,-12,-38,-11,-32,-27,-43,-2,-48,-3,-48,4,-46,6,-41,2,-44,3,-50,5,-48,1,-47,-1,-47,-1,-42,-4,-34,-5,-33,1,-37,8,-41,11,-48,11,-50,10,-43,5,-39,-1,-40,-5,-40,-2,-32,-1,-25,-6,-27,-12,-26,-17,-19,-16,-4,-4,-1,-1,-1,-1,-1,-1,-1,-1,-1,-1,-1,-1,-2,0,-1,-1,2,-1,6,1,19,9,15,10,10,11,10,14,13,14,18,12,22,10,23,9,18,12,14,19,14,28,19,30,23,28,26,30,24,31,22,36,21,40,22,36,24,31,29,27,33,24,31,28,24,33,21,37,24,40,27,40,29,42,31,40,35,40,41,38,46,34,47,28,46,28,46,27,47,25,46,25,49,23,53,17,57,11,62,10,66,12,64,15,62,16,63,15,65,9,62,2,65,-6,67,-8,66,-8,64,-5,64,-5,61,-4,60,-6,51,0,52,-5,55,-13,61,-20,12,-4]"
CSI_DATA,5900,1a:00:00:00:00:00,-5,11,1,0,1,1,1,0,0,0,0,-96,0,11,2,110688805,0,47,1,384,1,"[47,-16,2,0,0,0,0,0,0,0,-16,-6,-61,-26,-62,-24,-68,-21,-70,-23,-64,-20,-59,-17,-54,-17,-51,-19,-58,-22,-65,-17,-67,-10,-67,-3,-71,-1,-72,-14,-67,-20,-71,-1,-70,9,-52,3,-42,2,-46,-4,-52,-6,-52,-1,-43,12,-41,31,-50,27,-60,10,-29,10,-51,30,-54,18,-59,17,-52,20,-52,13,-56,17,-53,26,-52,24,-47,25,-46,27,-49,17,-41,5,-37,1,-46,0,-47,11,-43,33,-40,35,-41,17,-41,8,-34,10,-33,18,-37,10,-39,-3,-32,0,-17,-3,-8,-13,-2,-4,0,0,0,0,0,0,0,0,-1,-1,-6,-4,-44,-31,-50,-37,-51,-39,-38,-44,-47,-40,-50,-36,-53,-33,-54,-30,-51,-24,-48,-22,-45,-18,-44,-17,-44,-24,-44,-26,-53,-22,-60,-21,-60,-28,-58,-32,-54,-28,-53,-22,-53,-21,-47,-17,-44,-12,-45,-15,-44,-18,-40,-16,-39,-9,-47,-5,-51,-9,-52,-14,-52,-33,-45,2,-40,5,-36,7,-38,6,-45,-2,-49,-1,-48,2,-49,0,-46,3,-42,1,-41,-7,-34,-9,-32,-4,-34,0,-34,-2,-41,-3,-45,0,-37,3,-32,-4,-33,-11,-35,-10,-26,-10,-15,-12,-13,-12,-16,-13,-20,-12,-6,-3,-1,-1,-1,-1,-1,-1,-1,-1,-1,-1,-1,-1,-1,-1,-1,-1,-1,-1,0,-3,0,-12,4,-13,15,-11,19,-12,9,-14,3,-15,4,-20,6,-19,12,-7,22,-4,31,-14,27,-17,28,-16,29,-16,22,-14,32,-15,44,-17,35,-14,28,-14,29,-17,25,-19,26,-17,34,-12,45,-8,53,-8,47,-15,44,-25,46,-17,51,-21,46,-28,40,-30,42,-23,44,-18,42,-26,48,-32,55,-29,53,-32,48,-37,44,-40,39,-42,37,-43,44,-42,54,-43,53,-49,45,-53,38,-47,36,-45,36,-51,36,-50,39,-46,40,-47,41,-50,40,-47,43,-23,56,-30,60,-42,43,-50,4,-7]"
CSI_DATA,5901,1a:00:00:00:00:00,-5,11,1,0,1,1,1,0,0,0,0,-96,0,11,2,110699805,0,47,1,384,1,"[47,-16,2,0,0,0,0,0,0,0,-17,4,-65,17,-60,19,-63,23,-67,22,-61,12,-56,7,-52,10,-54,14,-60,19,-59,19,-61,14,-63,20,-62,30,-65,20,-67,11,-60,32,-51,40,-44,19,-40,13,-39,7,-39,-5,-40,0,-39,17,-34,38,-40,39,-52,31,-28,19,-53,40,-52,31,-53,33,-49,30,-52,16,-51,13,-43,20,-43,24,-39,22,-36,17,-45,13,-45,8,-47,5,-59,4,-57,14,-45,23,-42,17,-47,12,-45,9,-38,-1,-42,-4,-48,-10,-50,-17,-43,-11,-25,-8,-11,-13,-2,-4,0,0,0,0,0,0,0,0,-1,-1,-7,-1,-52,-5,-55,-4,-60,-1,-64,-7,-68,2,-68,5,-68,6,-65,6,-56,6,-52,4,-50,5,-50,7,-56,2,-57,1,-53,9,-53,11,-60,7,-62,4,-57,4,-57,11,-59,15,-52,8,-44,8,-40,6,-40,-2,-42,-5,-41,2,-45,15,-51,19,-53,18,-53,13,-40,25,-34,21,-32,17,-35,16,-41,7,-42,6,-44,12,-51,11,-50,10,-43,7,-43,-1,-40,-5,-38,-3,-41,-3,-42,1,-46,13,-48,13,-45,2,-40,-3,-34,-4,-31,-6,-28,-10,-26,-17,-28,-19,-22,-16,-15,-12,-4,-3,-1,-1,0,0,0,0,-1,-1,0,0,0,0,-1,-1,-1,-1,-1,-1,-4,-2,-17,-7,-19,-15,-18,-28,-15,-30,-15,-19,-12,-12,-9,-15,-10,-21,-7,-28,-7,-32,-13,-33,-14,-36,-13,-40,-11,-43,-3,-38,2,-37,-1,-42,-1,-39,1,-35,-1,-38,-3,-44,0,-45,5,-40,10,-50,10,-60,5,-52,6,-40,7,-45,3,-50,1,-48,1,-46,8,-51,10,-56,3,-58,-3,-62,-4,-65,-10,-65,-16,-62,-14,-54,-8,-52,-5,-54,-8,-63,-8,-74,-9,-71,-13,-63,-16,-61,-17,-60,-18,-59,-14,-61,-9,-62,-13,-64,-18,-65,-11,-62,14,-57,12,-68,10,-78,9,-70,0,-9]"
CSI_DATA,5903,1a:00:00:00:00:00,-6,11,1,0,1,1,1,0,0,0,0,-96,0,11,2,110721805,0,47,1,384,1,"[47,-16,2,0,0,0,0,0,0,0,12,-12,49,-43,40,-47,36,-54,45,-52,49,-50,45,-53,36,-56,25,-52,21,-44,22,-47,22,-61,16,-72,22,-67,28,-54,23,-49,22,-52,25,-48,15,-46,0,-50,6,-53,15,-55,12,-47,3,-34,-11,-40,-14,-52,-6,-52,-12,-27,-34,-56,-19,-51,-21,-42,-29,-41,-32,-42,-37,-45,-34,-49,-24,-49,-21,-48,-24,-43,-19,-39,-10,-41,-11,-32,-12,-21,-15,-35,-31,-53,-36,-51,-26,-39,-16,-32,-14,-32,-24,-31,-19,-27,-3,-25,-4,-33,-5,-36,5,-37,2,-10,0,0,0,0,0,0,0,0,-1,-1,6,2,52,10,59,-1,58,-7,51,-10,48,-22,48,-21,49,-24,52,-24,52,-21,53,-25,48,-33,41,-31,38,-25,39,-24,42,-31,43,-37,44,-33,42,-26,37,-29,33,-34,30,-27,27,-18,23,-22,26,-24,29,-21,25,-22,23,-25,20,-28,15,-33,12,-37,33,-28,5,-32,13,-37,10,-43,2,-41,0,-30,5,-31,10,-38,11,-35,7,-33,7,-30,10,-24,11,-22,10,-25,9,-29,5,-33,4,-34,4,-30,4,-25,10,-21,17,-19,14,-19,8,-16,7,-13,13,-12,15,-7,11,-4,1,-1,0,0,0,0,0,0,-1,-1,0,0,0,0,-1,-1,-1,-1,-1,-1,1,6,6,23,4,16,1,12,-5,15,-8,16,-9,16,-5,19,3,21,2,20,-9,20,-20,26,-18,31,-11,31,-10,32,-13,31,-27,32,-34,30,-26,31,-19,35,-17,33,-16,33,-18,39,-21,42,-27,37,-32,32,-31,37,-33,40,-33,38,-37,41,-36,49,-33,53,-22,54,-11,52,-12,45,-20,46,-19,49,-6,50,-1,57,-3,64,-4,69,-5,72,-7,67,-8,61,-5,64,-1,63,4,57,9,56,13,65,14,68,14,61,13,57,10,60,11,59,-3,49,1,52,2,62,1,71,-1,9]"
CSI_DATA,5904,1a:00:00:00:00:00,-5,11,1,0,1,1,1,0,0,0,0,-96,0,11,2,110732804,0,47,1,384,1,"[47,-16,2,0,0,0,0,0,0,0,2,-15,10,-62,7,-68,3,-76,8,-75,9,-65,8,-60,5,-56,5,-55,12,-58,7,-64,-2,-67,-8,-67,-6,-71,5,-71,7,-66,-9,-71,-18,-71,-12,-57,-12,-47,-7,-48,0,-53,-3,-54,-17,-44,-38,-38,-31,-44,-12,-54,-13,-26,-34,-47,-17,-53,-15,-57,-20,-52,-17,-53,-24,-57,-34,-53,-31,-54,-28,-53,-27,-50,-18,-50,-7,-41,-4,-38,-5,-49,-13,-53,-31,-50,-33,-47,-17,-47,-9,-47,-11,-42,-17,-41,-9,-44,2,-44,-5,-37,-5,-20,7,-10,3,-3,0,0,0,0,0,0,0,0,-1,-1,0,-5,12,-44,17,-55,19,-58,27,-48,24,-54,19,-58,17,-62,18,-62,12,-56,10,-52,6,-49,2,-48,11,-48,14,-51,4,-59,2,-66,11,-68,16,-63,11,-58,5,-59,4,-62,3,-54,-2,-48,-1,-49,5,-48,5,-44,-5,-44,-13,-50,-8,-54,-2,-52,5,-52,-18,-42,-17,-39,-16,-37,-15,-42,-11,-50,-16,-51,-20,-49,-15,-51,-13,-51,-11,-50,-4,-49,0,-40,-6,-35,-9,-36,-7,-39,-11,-48,-16,-51,-10,-44,-2,-39,1,-42,0,-45,2,-38,7,-28,8,-28,7,-27,6,-25,1,-7,-1,-1,0,0,0,0,0,0,0,0,-1,-1,-1,0,-1,-1,1,-2,5,-1,20,3,20,5,19,10,20,13,23,8,24,5,22,1,18,5,14,14,15,23,20,28,23,27,24,22,25,25,23,30,24,35,25,37,24,32,23,31,24,27,25,24,25,27,21,33,22,41,26,46,27,42,29,51,33,39,38,38,36,37,36,36,36,36,34,40,37,38,40,38,44,39,49,39,50,33,49,27,50,25,51,28,54,32,59,34,60,33,60,29,60,23,61,17,58,18,56,20,59,23,59,23,53,24,51,27,38,39,42,40,50,38,61,30,12,6]"
CSI_DATA,5905,1a:00:00:00:00:00,-6,11,1,0,1,1,1,0,0,0,0,-96,0,11,2,110743804,0,47,1,384,1,"[47,-16,2,0,0,0,0,0,0,0,-3,-15,-9,-60,-7,-61,-10,-68,-9,-73,0,-65,2,-59,-2,-59,-6,-63,-13,-65,-12,-61,-6,-66,-16,-70,-27,-64,-18,-64,-8,-67,-23,-55,-28,-44,-12,-44,-10,-43,-1,-42,9,-41,-1,-39,-15,-36,-32,-35,-35,-43,-30,-48,-20,-26,-41,-54,-41,-52,-50,-52,-40,-52,-19,-50,-13,-44,-16,-36,-18,-35,-20,-32,-18,-31,-15,-43,-10,-47,-11,-47,-15,-53,-22,-49,-30,-40,-25,-36,-18,-38,-12,-36,-1,-31,5,-36,5,-41,4,-41,4,-36,11,-23,18,-13,5,-3,0,0,0,0,0,0,0,0,-1,-1,1,-7,16,-51,12,-55,6,-58,6,-64,1,-68,1,-69,4,-71,5,-67,6,-55,7,-52,6,-54,5,-55,8,-61,8,-60,1,-53,-5,-55,-7,-62,-4,-63,1,-59,-4,-58,-7,-57,1,-51,-2,-44,-1,-41,7,-43,6,-45,1,-45,-7,-47,-13,-51,-17,-52,-13,-56,-18,-42,-21,-35,-25,-34,-18,-38,0,-40,1,-42,-9,-42,-10,-46,-9,-44,-8,-39,-3,-39,0,-39,-1,-39,1,-42,-3,-41,-16,-41,-16,-42,-3,-40,0,-39,0,-34,4,-29,12,-29,14,-29,10,-25,9,-15,9,-8,2,-2,-1,-1,0,0,0,0,-1,-1,0,0,0,0,-1,-1,-1,-1,-1,-1,2,-1,9,-6,11,-10,22,-12,26,-8,19,-4,13,-3,15,-3,21,-5,25,-4,26,-5,30,-4,36,1,41,2,41,4,37,10,38,14,41,6,34,2,26,8,27,12,34,13,40,16,39,15,44,17,50,22,46,22,43,15,38,22,41,25,43,27,43,22,45,21,48,23,52,18,55,12,60,8,64,2,62,-3,54,-1,50,6,52,10,63,6,75,4,71,8,63,6,62,3,62,2,62,1,62,4,61,7,64,4,65,1,64,7,66,19,73,12,74,10,65,13,7,1]"
CSI_DATA,5907,1a:00:00:00:00:00,-6,11,1,0,1,1,1,0,0,0,0,-96,0,11,2,110765803,0,47,1,384,1,"[47,-16,2,0,0,0,0,0,0,0,13,11,50,42,50,29,53,26,53,35,53,36,57,31,58,23,53,17,46,15,50,13,65,9,74,4,70,10,59,17,52,15,54,14,50,15,44,4,47,-12,52,-7,55,1,49,0,36,-7,39,-21,50,-24,51,-13,24,-16,51,-44,50,-27,40,-28,38,-36,38,-40,38,-48,40,-47,39,-35,37,-28,32,-31,29,-29,35,-23,29,-24,16,-24,23,-25,38,-41,39,-47,30,-37,20,-26,17,-23,17,-29,15,-26,17,-13,25,-13,28,-14,28,-8,7,-2,0,0,0,0,0,0,0,0,-1,-1,0,7,12,57,24,59,30,52,27,45,35,43,35,41,36,40,37,41,36,42,39,45,47,40,46,31,40,27,38,28,43,30,50,30,44,29,35,30,40,26,45,22,41,24,35,23,36,16,37,17,34,20,33,16,36,10,37,4,37,1,39,1,36,27,38,0,43,3,47,-7,45,-14,34,-10,36,-9,44,-8,42,-3,38,0,33,0,25,0,24,-2,28,-7,31,-9,34,-9,38,-12,36,-13,29,-9,25,-4,25,2,25,1,20,-1,16,2,16,7,14,11,9,10,1,2,-1,-1,-1,-1,-1,-1,-1,-1,-1,-1,-1,-1,0,-1,-1,-1,-2,0,-4,3,-13,7,-12,3,-11,-1,-15,-6,-18,-5,-19,-4,-20,0,-22,3,-21,-1,-22,-7,-26,-12,-31,-12,-34,-9,-36,-10,-36,-12,-37,-19,-37,-23,-36,-19,-36,-15,-36,-11,-41,-9,-43,-12,-40,-18,-38,-21,-40,-24,-45,-23,-45,-21,-49,-22,-53,-23,-58,-19,-61,-13,-59,-6,-55,-5,-52,-4,-52,-4,-51,-4,-52,2,-55,9,-59,13,-65,14,-71,13,-68,9,-67,9,-66,10,-65,12,-60,16,-62,24,-64,28,-63,29,-60,27,-60,26,-58,25,-55,28,-54,16,-56,22,-58,28,-61,33,-12,6]"
CSI_DATA,5908,1a:00:00:00:00:00,-5,11,1,0,1,1,1,0,0,0,0,-96,0,11,2,110776803,0,47,1,384,1,"[47,-16,2,0,0,0,0,0,0,0,16,-9,60,-35,50,-43,49,-49,54,-46,48,-45,43,-45,38,-44,32,-42,34,-38,36,-46,33,-60,27,-64,32,-63,38,-58,33,-50,25,-59,21,-64,14,-50,7,-44,15,-46,22,-49,21,-47,8,-40,-17,-4528,34,32,28,40,22,48,19,52,19,51,35,44,12,37,4,39,2,40,9,29,24,28,26,35,20,38,22,38,22,33,21,28,25,23,27,24,26,27,27,30,23,38,17,37,18,27,25,23,27,20,24,14,23,8,26,8,25,7,21,2,16,-2,13,-1,3,-1,0,-1,0,0,0,0,0,-1,-1,-1,-1,-1,-1,-1,-1,-1,-1,0,2,2,9,7,12,9,22,5,25,3,18,3,11,3,14,0,19,-3,23,0,26,1,30,-5,34,-10,39,-11,38,-14,33,-18,35,-14,40,-9,31,-13,22,-16,25,-18,32,-22,35,-21,34,-24,40,-33,46,-34,42,-37,37,-31,36,-33,38,-34,37,-31,36,-31,36,-34,38,-33,44,-29,49,-27,54,-21,60,-16,60,-16,53,-21,48,-26,46,-27,55,-30,66,-30,64,-25,58,-23,56,-21,57,-22,59,-27,57,-27,53,-25,55,-26,57,-29,54,-48,43,-50,52,-52,52,-44,43,-5,4]"
CSI_DATA,5913,1a:00:00:00:00:00,-5,11,1,0,1,1,1,0,0,0,0,-96,0,11,2,110831802,0,47,1,384,1,"[47,-16,2,0,0,0,0,0,0,0,10,13,39,53,43,50,49,51,46,54,35,47,30,43,31,38,32,38,36,43,43,44,48,46,51,43,57,44,51,54,43,51,60,36,66,27,44,25,33,23,29,28,27,34,34,33,43,18,54,1,54,8,52,25,30,9,59,11,50,24,52,27,49,19,45,25,51,24,53,11,54,12,53,15,51,16,47,26,37,28,34,27,41,34,46,28,51,13,49,10,45,17,40,19,34,19,37,19,36,27,30,38,29,29,18,17,1,15,-2,4,0,0,0,0,0,0,0,0,-1,-1,2,5,17,48,20,54,21,54,10,56,21,59,25,56,27,56,26,56,27,48,25,43,25,40,26,37,20,43,21,46,33,43,37,44,33,54,29,57,29,48,36,42,39,43,31,39,29,34,29,35,23,39,19,37,25,30,39,29,42,33,39,37,31,45,41,20,36,19,29,18,30,20,33,32,38,32,40,28,39,33,36,32,33,29,29,31,23,30,24,25,26,22,25,24,34,31,40,33,31,29,21,27,20,29,22,30,16,29,7,28,8,30,9,26,7,19,1,4,-1,-1,-1,-1,-1,-1,-1,-1,-1,-1,-1,-1,-1,-1,-1,-1,-1,-1,-2,1,-9,8,-17,8,-27,4,-30,7,-22,12,-14,11,-13,12,-15,12,-20,2,-28,-4,-37,2,-37,5,-39,6,-40,6,-32,-1,-38,-6,-50,-4,-41,-3,-34,-3,-38,0,-41,4,-40,2,-37,-4,-46,-14,-57,-16,-53,-4,-50,5,-48,-2,-52,-1,-51,7,-47,8,-49,-3,-52,-8,-54,1,-59,8,-63,8,-61,11,-59,15,-52,18,-48,18,-50,17,-59,16,-68,14,-65,19,-58,27,-57,27,-56,26,-56,31,-58,27,-59,18,-60,21,-60,27,-57,23,-52,-5,-63,-3,-72,3,-63,9,-8,1]"
CSI_DATA,5915,1a:00:00:00:00:00,-6,11,1,0,1,1,1,0,0,0,0,-96,0,11,2,110853801,0,47,1,384,1,"[47,-16,2,0,0,0,0,0,0,0,-10,-14,-39,-50,-46,-41,-53,-38,-48,-47,-47,-51,-52,-47,-57,-39,-53,-28,-42,-22,-43,-23,-57,-23,-69,-19,-64,-24,-52,-28,-49,-22,-53,-21,-47,-22,-43,-11,-50,2,-56,-6,-58,-16,-49,-12,-37,-2,-43,11,-52,13,-49,7,-25,13,-55,38,-53,22,-41,25,-37,31,-38,32,-43,39,-47,40,-48,28,-48,23,-44,27,-40,23,-44,15,-37,14,-24,16,-33,26,-47,43,-46,44,-37,30,-33,22,-31,23,-26,32,-22,26,-24,10,-30,12,-32,15,-34,6,-10,0,0,0,0,0,0,0,0,0,-1,-1,2,-7,11,-53,0,-61,-8,-60,-9,-51,-20,-50,-21,-51,-23,-51,-23,-53,-21,-53,-25,-53,-32,-49,-32,-42,-26,-40,-26,-39,-32,-42,-38,-44,-34,-41,-27,-37,-30,-35,-36,-33,-30,-31,-20,-27,-24,-21,-27,-23,-25,-26,-26,-24,-29,-24,-31,-21,-34,-14,-37,-10,-26,-33,-32,-6,-39,-11,-44,-5,-41,2,-29,3,-33,2,-42,-3,-37,-7,-33,-6,-32,-6,-27,-8,-24,-10,-28,-9,-33,-5,-35,0,-37,2,-34,1,-29,-3,-26,-9,-25,-12,-23,-9,-20,-5,-16,-6,-13,-12,-8,-15,-4,-10,-1,-2,0,0,0,0,-1,-1,-1,-1,0,0,0,0,-1,0,-1,0,1,-1,7,0,22,3,20,2,16,4,15,11,15,12,16,10,18,7,21,5,19,8,19,14,22,22,27,24,30,22,32,23,29,25,28,32,25,37,25,33,25,30,29,24,33,22,33,26,30,30,28,33,29,35,31,36,28,43,32,38,34,41,42,41,48,37,50,30,48,26,46,23,46,20,45,18,47,15,55,11,61,10,66,9,70,12,65,16,63,16,61,12,60,7,57,1,60,-6,64,-9,65,-9,62,-7,62,-6,60,-6,58,-9,52,7,54,3,58,-1,66,-3,12,-1]"
CSI_DATA,5916,1a:00:00:00:00:00,-5,11,1,0,1,1,1,0,0,0,0,-96,0,11,2,110864801,0,47,1,384,1,"[47,-16,2,0,0,0,0,0,0,0,-12,-11,-46,-46,-48,-46,-55,-46,-53,-47,-46,-42,-42,-38,-40,-35,-39,-35,-42,-40,-51,-40,-57,-39,-60,-35,-65,-36,-59,-48,-52,-50,-66,-34,-69,-24,-47,-22,-35,-20,-33,-27,-37,-33,-44,-29,-47,-12,-55,4,-56,-5,-55,-22,-31,-9,-61,-11,-56,-22,-59,-23,-56,-15,-48,-23,-52,-25,-54,-13,-51,-12,-49,-10,-52,-9,-50,-22,-38,-26,-33,-24,-40,-29,-46,-23,-54,-8,-52,-6,-43,-16,-38,-21,-35,-16,-39,-13,-36,-22,-27,-32,-23,-25,-11,-15,1,-13,0,-4,0,0,0,0,0,0,0,0,-1,-1,-5,-4,-33,-34,-35,-46,-36,-51,-23,-53,-32,-53,-37,-51,-39,-50,-39,-50,-38,-42,-34,-37,-32,-34,-32,-33,-28,-40,-29,-43,-41,-41,-46,-42,-45,-50,-42,-53,-39,-48,-41,-43,-43,-42,-37,-36,-34,-30,-33,-34,-30,-38,-26,-36,-30,-29,-41,-27,-44,-33,-42,-38,-35,-51,-44,-22,-40,-17,-35,-13,-36,-16,-38,-29,-41,-31,-42,-28,-40,-30,-38,-28,-36,-27,-33,-32,-27,-30,-26,-24,-28,-22,-26,-24,-33,-30,-39,-31,-32,-25,-23,-26,-23,-32,-24,-32,-16,-27,-6,-23,-6,-24,-8,-24,-10,-22,-3,-6,-1,-1,-1,-1,-1,-1,-1,-1,-1,-1,-1,-1,-1,-1,-1,-1,-1,-1,0,-3,3,-11,6,-13,16,-14,20,-18,11,-19,4,-14,3,-16,6,-18,14,-8,25,-6,31,-17,28,-19,31,-17,32,-18,24,-12,32,-13,46,-18,37,-15,29,-13,31,-16,31,-18,31,-16,35,-10,46,-5,55,-6,50,-13,45,-23,48,-14,51,-17,47,-22,42,-24,46,-16,49,-10,48,-18,53,-24,60,-23,57,-26,52,-30,46,-33,41,-35,39,-33,49,-32,62,-32,62,-38,53,-44,48,-39,46,-37,46,-42,48,-39,51,-32,53,-34,52,-38,49,-34,49,-8,63,-13,69,-24,56,-31,5,-5]"
CSI_DATA,5917,1a:00:00:00:00:00,-6,11,1,0,1,1,1,0,0,0,0,-96,0,11,2,110875800,0,47,1,384,1,"[47,-16,2,0,0,0,0,0,0,0,-14,7,-54,27,-55,27,-60,29,-66,26,-64,13,-60,9,-59,18,-60,27,-58,32,-54,29,-59,22,-60,31,-54,38,-58,26,-64,19,-48,31,-33,35,-36,24,-36,22,-39,11,-45,0,-42,8,-35,20,-27,35,-31,40,-39,41,-23,26,-51,54,-47,51,-44,57,-45,51,-47,29,-44,20,-37,23,-35,25,-32,24,-29,19,-38,19,-44,17,-46,16,-49,22,-42,30,-35,32,-36,23,-38,20,-36,18,-34,5,-42,0,-47,5,-46,5,-41,-1,-30,-9,-23,-13,-6,-4,0,0,0,0,0,0,0,0,-1,-1,-6,-2,-49,-16,-54,-11,-58,-6,-66,-7,-65,9,-63,7,-64,3,-64,2,-56,1,-52,-2,-53,-2,-55,2,-59,0,-57,-1,-52,5,-54,10,-60,10,-60,6,-57,1,-56,6,-52,9,-44,1,-38,3,-36,0,-38,-10,-40,-10,-40,-5,-42,4,-45,12,-48,17,-59,2,-43,19,-35,19,-33,22,-35,17,-34,-3,-36,-9,-41,0,-44,3,-41,5,-36,2,-36,-2,-35,-4,-37,-5,-40,-9,-38,-5,-37,5,-36,3,-34,-6,-36,-7,-35,-7,-30,-11,-28,-16,-27,-16,-23,-14,-16,-12,-14,-11,-4,-3,-1,-1,-1,-1,-1,-1,0,0,-1,-1,-1,-1,-1,-1,-1,-1,-1,-1,-3,-4,-11,-10,-17,-7,-25,-11,-22,-15,-13,-13,-10,-11,-12,-14,-16,-20,-18,-24,-22,-23,-21,-27,-18,-34,-20,-37,-20,-40,-12,-41,-7,-41,-12,-40,-12,-33,-7,-31,-5,-33,-5,-39,-4,-46,-5,-44,-4,-47,-3,-54,-1,-51,0,-45,5,-48,5,-50,7,-52,5,-51,1,-53,-2,-56,-6,-55,-9,-55,-14,-58,-24,-58,-28,-57,-22,-54,-12,-52,-8,-55,-13,-63,-17,-72,-15,-69,-14,-61,-16,-59,-17,-57,-17,-60,-12,-63,-10,-62,-15,-63,-16,-64,-9,-64,12,-63,3,-70,3,-72,13,-62,2,-7]"
CSI_DATA,5919,1a:00:00:00:00:00,-5,11,1,0,1,1,1,0,0,0,0,-96,0,11,2,110897800,0,47,1,384,1,"[47,-16,2,0,0,0,0,0,0,0,17,2,69,11,70,6,72,2,74,5,70,2,65,0,57,1,55,2,63,4,67,-2,64,-9,59,-16,63,-18,68,-8,65,-1,67,-18,67,-28,52,-17,42,-15,46,-13,49,-11,46,-12,37,-20,29,-39,38,-39,54,-27,23,-20,34,-48,40,-36,46,-33,39,-32,43,-27,47,-33,41,-42,44,-41,39,-38,35,-38,38,-30,30,-16,30,-10,45,-13,43,-23,30,-44,28,-45,37,-31,42,-23,32,-20,24,-24,31,-18,39,-6,32,-12,17,-6,10,8,2,3,0,0,0,0,0,0,0,0,-1,-1,5,2,45,20,56,22,58,24,48,33,57,27,58,24,59,20,59,16,57,12,54,11,49,6,47,4,48,11,50,12,56,3,62,1,65,9,62,14,56,9,56,4,57,3,49,3,44,-1,47,-1,46,1,41,2,39,-4,45,-9,50,-7,52,-5,56,7,38,-20,36,-19,31,-18,30,-17,39,-14,44,-16,42,-18,43,-17,40,-19,37,-17,36,-8,30,-2,28,-8,32,-14,34,-14,40,-16,42,-21,33,-17,31,-8,35,-3,34,-4,28,1,20,8,17,10,18,9,21,5,5,0,-1,-1,-1,-1,-1,-1,-1,-1,-1,-1,-1,-1,-1,-1,-1,-1,-1,-1,0,2,0,14,-4,16,-15,13,-17,12,-5,15,1,17,-2,20,-6,18,-10,7,-21,6,-30,17,-26,20,-25,20,-25,20,-21,17,-33,16,-44,20,-34,19,-29,18,-28,18,-23,20,-24,21,-31,18,-42,16,-48,17,-40,22,-40,29,-42,21,-48,24,-42,33,-35,36,-39,29,-42,25,-39,34,-42,41,-47,38,-44,40,-39,45,-35,48,-30,50,-29,50,-37,49,-48,49,-45,55,-35,59,-29,54,-27,52,-26,56,-25,56,-27,55,-28,58,-28,60,-28,55,-38,33,-49,41,-50,52,-31,59,-3,8]"
CSI_DATA,5920,1a:00:00:00:00:00,-6,11,1,0,1,1,1,0,0,0,0,-96,0,11,2,110908799,0,47,1,384,1,"[47,-16,2,0,0,0,0,0,0,0,13,-8,51,-29,49,-28,53,-30,58,-24,58,-9,59,-7,60,-19,59,-27,55,-32,52,-27,58,-16,64,-22,60,-29,59,-16,63,-11,53,-24,39,-26,38,-19,38,-23,41,-12,47,5,45,-1,40,-14,37,-30,41,-34,44,-31,28,-18,67,-36,64,-35,64,-41,58,-34,51,-16,53,-12,51,-16,45,-15,42,-10,41,-6,45,-7,47,-6,47,-5,49,-6,51,-11,52,-12,48,-6,43,-6,39,-3,35,10,39,14,43,7,41,7,34,15,23,20,15,23,3,6,0,0,0,0,0,0,0,0,-1,-1,6,1,50,9,52,4,56,-4,64,-12,61,-21,59,-18,61,-15,62,-12,54,-9,52,-5,53,-6,52,-12,53,-14,53,-12,51,-12,55,-15,60,-17,59,-12,59,-6,60,-13,52,-16,40,-8,35,-8,36,-2,39,9,44,7,47,2,47,-7,46,-15,50,-20,62,-14,49,-18,41,-18,41,-22,43,-15,43,4,46,6,48,-4,47,-4,43,-3,40,0,42,4,43,6,46,8,50,10,49,7,47,2,44,4,39,8,36,7,33,10,32,17,29,22,26,21,23,20,17,18,14,16,3,3,-1,-1,0,0,0,0,0,0,0,0,-1,-1,-1,-1,-1,-1,-1,-1,5,2,19,6,20,-1,27,-2,29,2,19,5,12,8,13,10,18,12,23,14,29,13,32,17,34,26,37,28,35,30,27,32,25,31,27,28,24,27,19,31,17,32,17,34,21,39,22,39,23,43,26,51,23,49,16,42,7,46,11,48,13,51,15,51,15,50,15,51,17,49,19,49,28,49,41,44,45,44,35,45,23,47,19,52,28,55,36,58,32,56,28,54,29,54,28,51,24,51,21,56,21,57,25,57,26,58,21,58,15,59,24,68,19,69,0,57,-2,6]"
CSI_DATA,5921,1a:00:00:00:00:00,-6,11,1,0,1,1,1,0,0,0,0,-96,0,11,2,110919799,0,47,1,384,1,"[47,-16,2,0,0,0,0,0,0,0,-13,-13,-49,-47,-49,-34,-54,-31,-53,-41,-52,-41,-57,-36,-59,-27,-53,-19,-45,-16,-50,-14,-66,-10,-74,-5,-71,-11,-60,-18,-53,-14,-57,-14,-53,-16,-45,-5,-47,11,-52,8,-56,1,-49,2,-35,9,-36,25,-47,28,-50,15,-23,16,-46,47,-48,30,-38,29,-35,36,-35,41,-33,49,-36,50,-37,38,-36,32,-30,32,-27,30,-30,26,-24,26,-12,22,-21,24,-34,43,-32,51,-25,40,-18,27,-15,22,-12,31,-11,28,-16,13,-23,15,-25,17,-25,9,-7,1,0,0,0,0,0,0,0,0,-1,-1,0,-8,-4,-61,-16,-64,-22,-57,-21,-48,-32,-46,-30,-43,-32,-43,-33,-46,-31,-47,-35,-49,-43,-44,-42,-34,-37,-31,-36,-32,-41,-35,-48,-35,-43,-34,-34,-33,-37,-29,-43,-25,-39,-26,-33,-26,-34,-19,-35,-20,-32,-22,-31,-17,-34,-12,-36,-7,-36,-4,-39,-4,-35,-32,-35,0,-41,-3,-46,5,-43,11,-32,8,-32,7,-41,5,-40,1,-37,0,-31,-1,-24,-3,-22,-1,-26,3,-30,5,-33,7,-35,10,-32,12,-26,9,-23,3,-23,-4,-21,-2,-18,1,-15,-2,-14,-7,-12,-11,-7,-10,-2,-2,0,0,0,0,0,0,-1,-1,0,0,0,0,-1,-1,-1,-1,-1,-1,4,-2,14,-5,10,-2,8,2,12,9,14,10,15,9,19,6,20,0,17,1,16,11,21,21,27,20,29,15,28,15,29,18,32,28,27,33,26,25,31,19,31,18,32,18,38,18,39,22,30,29,27,35,38,32,43,26,40,33,44,34,52,31,54,28,55,19,52,8,48,10,50,21,51,19,51,4,55,-4,61,-2,68,1,75,1,71,2,62,3,63,2,66,-2,61,-7,59,-12,67,-17,69,-20,63,-20,59,-18,60,-16,58,-18,50,-6,53,-12,62,-21,69,-26,8,-4]"
CSI_DATA,5923,1a:00:00:00:00:00,-6,11,1,0,1,1,1,0,0,0,0,-96,0,11,2,110941799,0,47,1,384,1,"[47,-16,2,0,0,0,0,0,0,0,-13,9,-47,37,-37,40,-38,43,-49,38,-54,36,-53,45,-47,55,-38,55,-30,45,-28,42,-33,51,-30,63,-31,60,-34,47,-32,44,-31,44,-29,35,-20,37,-10,47,-19,50,-31,49,-25,46,-12,41,0,49,-2,55,-9,45,3,26,12,67,4,65,14,61,16,59,11,55,15,58,14,58,6,50,1,49,5,48,5,44,-6,44,-3,40,9,31,9,37,8,51,7,53,5,44,5,34,6,33,8,38,11,30,7,19,-2,25,-10,29,-21,28,-7,7,0,0,0,0,0,0,0,0,-1,-1,-7,-3,-58,-20,-66,-10,-64,-1,-53,7,-48,24,-49,24,-51,24,-55,20,-55,14,-56,17,-54,27,-48,29,-44,26,-43,23,-46,25,-48,32,-44,31,-42,24,-43,24,-41,30,-37,24,-32,15,-26,18,-27,19,-31,13,-32,17,-32,25,-28,28,-23,30,-20,33,-37,20,-16,27,-22,30,-19,39,-15,39,-12,26,-15,26,-21,32,-20,27,-14,27,-11,27,-10,23,-14,20,-19,20,-21,22,-19,27,-18,31,-17,26,-16,19,-17,17,-20,16,-19,14,-15,10,-14,8,-14,7,-9,1,-4,-3,-1,-1,0,0,0,0,-1,-1,-1,-1,0,0,0,0,0,0,0,-1,-2,-2,-5,-4,-13,-13,-10,-12,-7,-13,-3,-17,0,-18,3,-17,1,-18,-6,-19,-5,-21,-2,-25,2,-31,2,-35,1,-36,0,-37,4,-38,10,-39,15,-38,12,-36,10,-36,8,-37,8,-42,8,-46,10,-46,12,-45,15,-48,16,-52,17,-51,20,-52,21,-54,19,-61,13,-64,7,-60,5,-55,6,-49,3,-50,-2,-50,-10,-53,-14,-58,-14,-64,-12,-69,-10,-73,-7,-69,-6,-67,-5,-66,-6,-63,-8,-59,-13,-60,-17,-63,-20,-63,-20,-60,-18,-61,-16,-61,-19,-61,-9,-61,-11,-63,-12,-65,-9,-68,-2,-13]"
CSI_DATA,5924,1a:00:00:00:00:00,-6,11,1,0,1,1,1,0,0,0,0,-96,0,11,2,110952798,0,47,1,384,1,"[47,-16,2,0,0,0,0,0,0,0,-1,17,-2,71,6,71,10,73,6,73,11,66,13,62,13,57,14,54,13,58,18,62,27,58,32,53,31,58,24,65,18,61,34,58,44,58,33,47,30,35,29,36,27,42,26,42,29,29,45,12,49,18,43,37,26,11,58,5,46,21,41,27,41,19,46,19,55,17,61,9,62,15,58,17,52,13,43,18,29,20,25,20,34,29,42,24,55,4,59,-1,48,13,42,20,35,14,34,5,35,13,32,26,32,16,19,9,3,16,-1,4,0,0,0,0,0,0,0,0,-1,-1,-2,5,-10,47,-9,57,-12,61,-23,55,-18,62,-14,62,-10,62,-7,61,-2,57,1,55,6,51,9,49,3,50,3,51,13,55,17,60,8,65,3,63,9,55,16,53,15,56,12,50,16,42,18,42,16,42,13,37,19,35,27,38,26,42,27,43,21,48,36,23,33,23,29,22,28,21,30,25,37,26,40,24,39,27,39,26,34,26,24,31,16,27,20,19,30,17,33,19,41,21,45,20,35,17,25,22,23,27,26,26,22,24,11,23,5,22,4,23,8,23,2,5,0,0,0,0,0,0,-1,-1,0,0,0,0,-1,-1,-1,-1,-1,-1,-5,-1,-19,-6,-17,-12,-8,-19,-7,-20,-17,-14,-21,-12,-20,-13,-16,-15,-5,-16,0,-24,-5,-36,-11,-33,-13,-30,-15,-30,-13,-27,-6,-38,-5,-49,-10,-40,-12,-35,-13,-34,-16,-31,-16,-32,-11,-37,-4,-47,-4,-53,-12,-47,-18,-48,-13,-47,-15,-51,-25,-48,-31,-42,-26,-45,-21,-47,-30,-45,-36,-48,-31,-50,-33,-46,-40,-42,-45,-40,-49,-37,-50,-36,-47,-41,-47,-50,-54,-46,-58,-34,-54,-27,-55,-26,-61,-23,-61,-21,-58,-24,-61,-26,-62,-26,-58,-24,-39,-33,-47,-42,-58,-42,-68,-22,-10,-2]"
CSI_DATA,5925,1a:00:00:00:00:00,-6,11,1,0,1,1,1,0,0,0,0,-96,0,11,2,110963798,0,47,1,384,1,"[47,-16,2,0,0,0,0,0,0,0,6,13,23,51,24,46,25,49,17,57,5,61,6,64,17,66,25,61,29,54,25,51,15,58,23,64,29,61,17,59,13,62,21,52,18,39,11,39,18,39,10,43,-4,49,0,46,13,40,28,40,31,44,26,41,17,25,38,65,37,62,46,60,38,55,21,50,22,53,25,49,19,42,13,44,12,46,10,45,3,45,3,44,9,44,13,48,13,50,7,46,5,40,4,35,-4,32,-9,36,-2,37,3,34,-7,32,-18,26,-26,18,-8,4,0,0,0,0,0,0,0,0,-1,-1,-4,5,-30,48,-26,52,-19,58,-14,63,5,60,3,60,2,61,-2,60,-6,55,-9,56,-7,59,-2,55,1,54,0,51,0,50,5,55,6,58,2,55,-3,55,-1,57,0,50,-6,39,-3,36,-9,36,-21,37,-19,40,-13,43,-5,44,3,43,7,44,-9,53,5,45,6,40,12,43,8,42,-7,36,-10,42,-5,47,-5,42,-4,39,-5,38,-8,37,-10,36,-13,39,-16,43,-13,43,-7,42,-8,37,-12,30,-13,28,-16,27,-24,24,-26,19,-23,16,-20,18,-17,14,-17,9,-5,2,0,0,0,0,0,0,-1,-1,0,0,0,0,-1,-1,-1,-1,-1,-1,-4,5,-11,18,-3,17,-3,21,-11,21,-15,14,-14,10,-14,12,-17,17,-20,21,-19,24,-23,25,-33,25,-36,28,-35,26,-38,18,-40,16,-35,18,-32,16,-34,11,-34,4,-37,2,-44,7,-45,11,-47,12,-53,15,-53,17,-46,10,-49,0,-51,-1,-55,1,-56,4,-57,4,-56,4,-52,3,-52,5,-53,15,-51,30,-53,33,-54,24,-57,12,-62,8,-64,15,-64,21,-62,16,-61,12,-62,15,-60,16,-60,14,-62,11,-59,11,-60,13,-63,11,-64,7,-67,-6,-73,6,-73,4,-63,-14,-8,-3]"
CSI_DATA,5926,1a:00:00:00:00:00,-6,11,1,0,1,1,1,0,0,0,0,-96,0,11,2,110974798,0,47,1,384,1,"[47,-16,2,0,0,0,0,0,0,0,15,-12,56,-46,42,-48,36,-55,44,-57,42,-56,36,-54,29,-51,23,-46,25,-44,24,-53,17,-67,9,-73,16,-71,27,-63,24,-55,18,-60,16,-61,8,-50,-1,-46,3,-49,8,-54,10,-50,2,-38,-21,-39,-28,-49,-14,-52,-14,-24,-38,-45,-17,-45,-12,-43,-23,-39,-32,-40,-40,-40,-41,-40,-34,-44,-30,-44,-31,-37,-26,-37,-18,-35,-14,-28,-11,-25,-17,-35,-41,-43,-48,-39,-34,-32,-21,-29,-18,-24,-27,-19,-22,-25,-8,-32,-12,-30,-12,-24,-3,-23,0,-7,0,0,0,0,0,0,0,0,-1,-1,6,-3,54,-20,57,-32,55,-36,49,-27,49,-35,45,-37,43,-39,44,-40,43,-41,41,-45,33,-51,27,-49,28,-43,31,-43,29,-53,25,-59,29,-54,33,-47,25,-48,17,-52,19,-48,20,-40,16,-40,19,-44,23,-43,17,-41,7,-41,0,-42,-1,-41,0,-40,11,-40,-12,-41,-10,-44,-15,-43,-19,-42,-14,-41,-13,-44,-13,-48,-11,-46,-11,-42,-9,-41,-3,-38,-4,-31,-12,-30,-19,-33,-19,-36,-18,-42,-18,-42,-18,-34,-12,-32,-3,-36,-5,-37,-6,-28,1,-20,6,-23,11,-27,13,-24,2,-6,0,0,0,0,0,0,-1,-1,0,0,0,0,-1,-1,-1,-1,-1,-1,2,4,7,18,0,15,-7,11,-10,12,-6,15,-6,17,-5,22,-1,22,-2,15,-13,13,-25,21,-21,24,-15,22,-12,24,-11,28,-27,32,-39,30,-30,28,-20,32,-16,31,-12,30,-15,35,-20,37,-29,30,-34,27,-29,36,-25,44,-30,43,-33,47,-27,55,-22,57,-18,53,-12,48,-8,46,-16,52,-21,55,-10,54,-1,56,4,60,8,63,8,66,1,63,-4,62,2,66,11,66,14,59,17,57,24,62,26,63,22,59,20,57,22,60,25,58,10,47,14,51,23,58,30,62,3,8]"
CSI_DATA,5928,1a:00:00:00:00:00,-6,11,1,0,1,1,1,0,0,0,0,-96,0,11,2,110996797,0,47,1,384,1,"[47,-16,2,0,0,0,0,0,0,0,-10,-14,-39,-49,-42,-40,-47,-40,-42,-49,-38,-56,-44,-57,-53,-50,-54,-39,-47,-32,-44,-31,-52,-36,-62,-34,-58,-34,-45,-36,-44,-36,-44,-35,-34,-34,-37,-27,-48,-17,-49,-24,-48,-35,-44,-28,-39,-15,-45,-4,-51,-6,-45,-13,-28,0,-71,6,-65,-2,-62,8,-60,11,-55,6,-59,8,-60,2,-48,-6,-44,-9,-45,-5,-42,-4,-40,-12,-37,-6,-29,8,-36,5,-53,0,-54,-1,-43,1,-32,2,-29,-1,-38,0,-31,4,-17,2,-21,-11,-27,-22,-26,-31,-7,-9,0,0,0,0,0,0,0,0,-1,-1,1,-7,9,-58,2,-65,-5,-62,-10,-51,-24,-49,-25,-50,-25,-52,-22,-55,-16,-56,-18,-59,-27,-56,-29,-49,-27,-44,-25,-43,-26,-46,-31,-48,-29,-45,-22,-42,-24,-43,-29,-44,-23,-40,-15,-36,-20,-30,-21,-32,-15,-34,-18,-32,-23,-32,-27,-29,-31,-25,-34,-24,-17,-39,-29,-19,-31,-26,-40,-23,-40,-17,-27,-15,-29,-19,-36,-26,-29,-26,-25,-20,-25,-17,-20,-14,-18,-15,-20,-20,-22,-22,-27,-21,-32,-19,-27,-18,-19,-15,-16,-17,-14,-21,-14,-21,-11,-17,-8,-16,-6,-16,0,-13,4,-8,1,-2,0,0,0,0,-1,-1,-1,-1,0,0,0,0,-1,0,0,0,0,-2,2,-7,9,-18,9,-14,10,-11,15,-7,17,-4,17,-2,16,-4,15,-10,16,-10,20,-8,28,-5,33,-6,34,-7,35,-8,35,-4,37,2,36,7,34,5,34,5,34,4,40,3,45,3,45,6,45,8,47,10,49,10,48,15,51,15,54,15,60,12,63,6,60,0,53,-2,47,-2,47,-3,47,-8,50,-16,56,-21,62,-20,67,-18,71,-17,66,-13,64,-10,63,-9,63,-10,59,-12,60,-18,63,-23,62,-25,58,-23,59,-21,58,-19,59,-22,60,-10,62,-14,66,-16,69,-15,12,-4]"
CSI_DATA,5929,1a:00:00:00:00:00,-5,11,1,0,1,1,1,0,0,0,0,-96,0,11,2,111007797,0,47,1,384,1,"[47,-16,2,0,0,0,0,0,0,0,-18,1,-69,10,-66,22,-69,27,-70,20,-61,20,-57,20,-53,22,-51,23,-56,19,-59,24,-57,35,-52,40,-56,39,-61,32,-55,28,-52,42,-50,51,-40,39,-32,34,-37,32,-43,29,-43,28,-28,33,-10,49,-15,52,-35,45,-10,27,-4,58,-24,45,-31,40,-22,39,-21,43,-17,54,-11,59,-19,61,-24,59,-21,54,-25,45,-25,32,-25,29,-31,37,-27,46,-11,61,-8,63,-18,49,-24,41,-22,36,-15,39,-22,39,-31,33,-20,33,-12,23,-14,7,-4,0,0,0,0,0,0,0,0,0,-1,-1,-7,-1,-54,-2,-61,4,-64,8,-58,-2,-64,-1,-63,4,-64,8,-64,8,-58,11,-55,13,-53,17,-50,20,-52,13,-53,12,-52,24,-56,30,-64,21,-63,14,-53,18,-49,27,-51,27,-47,22,-41,24,-43,26,-44,23,-39,22,-32,30,-34,37,-39,35,-39,33,-40,29,-18,40,-19,39,-17,37,-18,36,-26,36,-26,43,-24,46,-28,45,-29,44,-28,41,-31,34,-29,25,-22,26,-15,33,-15,36,-19,44,-19,49,-19,38,-23,30,-28,32,-28,36,-25,29,-25,17,-27,14,-28,14,-24,16,-5,4,-1,-1,-1,-1,-1,-1,-1,-1,-1,-1,-1,-1,0,0,-1,0,-2,-2,0,-7,5,-21,9,-20,14,-16,14,-17,9,-22,5,-26,1,-26,3,-23,12,-14,22,-13,30,-17,29,-22,24,-24,25,-25,28,-24,35,-25,40,-25,35,-24,30,-24,24,-27,21,-29,26,-28,33,-22,41,-21,44,-24,39,-26,51,-23,40,-31,38,-37,35,-39,33,-40,30,-41,33,-41,31,-43,31,-45,32,-46,33,-49,26,-51,19,-52,16,-54,19,-56,24,-58,25,-62,23,-61,16,-62,9,-62,2,-64,3,-62,4,-62,6,-65,5,-66,7,-62,9,-60,27,-52,24,-55,16,-62,5,-70,1,-14]"
CSI_DATA,5931,1a:00:00:00:00:00,-5,11,1,0,1,1,1,0,0,0,0,-96,0,11,2,111029796,0,47,1,384,1,"[47,-16,2,0,0,0,0,0,0,0,12,14,47,55,51,42,57,36,57,41,57,37,54,31,49,26,46,20,46,21,54,21,66,15,68,9,68,14,64,21,55,18,62,8,64,3,49,-2,41,-9,44,-2,48,2,47,3,38,-4,36,-28,46,-34,55,-20,24,-18,39,-46,42,-25,38,-19,32,-27,34,-36,32,-46,30,-49,37,-44,41,-41,36,-41,36,-34,34,-23,28,-19,29,-21,32,-30,29,-54,26,-59,28,-41,29,-29,23,-25,14,-30,20,-29,32,-21,30,-23,23,-17,24,-5,6,-1,0,0,0,0,0,0,0,0,1,1,8,4,49,26,51,28,52,31,50,33,46,41,46,36,48,34,51,33,52,27,53,22,52,16,49,14,47,15,54,16,61,14,63,14,62,16,60,15,55,12,54,9,53,4,47,2,45,0,46,1,44,0,44,-2,44,-6,43,-14,46,-18,49,-17,48,-16,36,-32,34,-27,31,-25,30,-30,33,-32,33,-33,34,-33,38,-30,41,-30,39,-28,35,-22,29,-18,23,-22,21,-30,24,-35,25,-41,26,-40,27,-33,30,-26,28,-21,26,-22,28,-18,29,-11,28,-9,30,-7,30,-6,10,-2,2,0,-2,-1,-2,-1,0,0,-1,-1,-1,-1,0,-1,0,-1,-1,1,-6,2,-17,2,-16,-2,-11,-5,-11,-6,-14,-3,-20,0,-22,2,-21,0,-15,-6,-15,-14,-22,-21,-29,-18,-29,-12,-33,-12,-31,-15,-31,-20,-32,-24,-32,-20,-32,-16,-32,-11,-34,-8,-33,-13,-30,-21,-30,-28,-37,-30,-40,-27,-54,-20,-47,-23,-51,-19,-52,-12,-52,-6,-48,-2,-48,-5,-47,-5,-48,-4,-48,-6,-54,-3,-57,6,-56,15,-57,19,-59,19,-59,14,-60,12,-61,13,-60,19,-53,25,-50,33,-51,33,-51,32,-54,33,-56,35,-56,34,-55,36,-46,33,-44,37,-42,44,-41,54,-9,11]"
CSI_DATA,5932,1a:00:00:00:00:00,-6,11,1,0,1,1,1,0,0,0,0,-96,0,11,2,111040796,0,47,1,384,1,"[47,-16,2,0,0,0,0,0,0,0,-2,13,-6,53,-7,54,-6,60,-11,62,-20,55,-21,56,-14,61,-9,63,-5,64,-9,59,-20,60,-11,71,1,70,-8,61,-16,63,-4,59,1,47,-6,44,1,46,-9,44,-24,40,-18,38,-7,42,9,49,11,55,7,54,5,31,8,71,9,71,18,73,10,64,-3,52,-2,52,2,48,3,41,0,39,-5,40,-8,43,-11,45,-11,46,-8,48,-2,50,3,52,0,47,-2,41,-5,36,-13,30,-17,31,-15,33,-14,33,-19,28,-22,17,-27,8,-8,1,0,0,0,0,0,0,0,0,-1,-1,-4,4,-34,40,-34,46,-27,55,-23,63,-16,62,-19,63,-20,64,-21,60,-22,50,-25,47,-25,51,-20,52,-19,56,-21,54,-17,49,-13,54,-12,59,-16,55,-23,53,-18,57,-13,53,-17,41,-12,38,-16,36,-29,34,-28,39,-23,44,-15,47,-9,48,-6,49,-16,50,-5,44,-1,41,3,45,-4,45,-20,38,-22,43,-14,48,-13,46,-13,41,-13,38,-15,36,-17,36,-19,39,-22,42,-19,44,-12,45,-13,41,-18,33,-19,29,-19,29,-23,25,-27,19,-29,17,-26,18,-19,12,-16,6,-5,1,-1,-1,-1,-1,0,0,0,0,-1,-1,-1,-1,-1,-1,-1,-1,-1,-1,-6,0,-16,4,-11,10,-17,14,-24,11,-22,4,-17,1,-18,1,-26,3,-32,5,-31,6,-32,4,-38,1,-43,4,-43,3,-39,-7,-39,-10,-40,-3,-37,-3,-35,-9,-31,-14,-34,-15,-43,-15,-43,-13,-44,-14,-51,-16,-50,-15,-44,-10,-38,-25,-42,-27,-47,-28,-49,-27,-50,-26,-51,-25,-52,-22,-54,-18,-58,-9,-63,2,-63,3,-55,-4,-53,-14,-56,-20,-64,-14,-70,-7,-66,-10,-62,-14,-64,-13,-63,-10,-61,-11,-62,-14,-61,-15,-61,-13,-63,-15,-64,-19,-64,-23,-70,-15,-72,-17,-63,-27,-8,-4]"
CSI_DATA,5933,1a:00:00:00:00:00,-6,11,1,0,1,1,1,0,0,0,0,-96,0,11,2,111051960,0,47,1,384,1,"[47,-16,2,0,0,0,0,0,0,0,5,13,19,51,19,49,22,55,16,61,3,60,1,61,12,62,22,62,26,61,20,58,10,63,21,67,29,63,17,62,11,65,21,54,20,40,11,40,15,39,6,42,-8,46,-2,44,12,40,28,38,29,44,26,46,16,28,33,67,34,64,43,62,33,56,14,50,16,51,20,45,16,37,12,40,9,41,5,43,-1,43,-1,43,4,47,12,48,17,48,11,44,6,39,3,35,-4,31,-10,34,-5,36,-1,36,-10,31,-20,20,-26,13,-8,2,0,0,0,0,0,0,0,0,-1,-1,-2,6,-16,50,-12,56,-1,60,5,65,13,62,11,62,9,64,5,62,-2,54,-5,53,-2,55,4,53,7,55,4,55,3,52,8,56,10,60,5,60,0,59,7,60,8,53,-2,41,1,35,-3,37,-14,41,-12,45,-7,48,1,49,7,48,11,47,-1,53,8,46,10,41,15,41,9,41,-7,39,-7,43,3,46,2,44,0,41,-1,38,-4,38,-8,38,-11,41,-12,44,-8,44,-2,45,-3,39,-8,31,-12,28,-13,28,-17,27,-21,22,-23,21,-21,21,-17,13,-16,7,-5,1,0,0,0,0,0,0,-1,-1,0,0,0,0,-1,-1,-1,-1,-1,-1,-5,4,-12,14,-5,13,-4,20,-10,23,-14,17,-11,10,-11,10,-14,16,-17,20,-17,23,-21,25,-30,26,-33,30,-34,28,-35,19,-35,16,-31,20,-29,17,-31,10,-30,5,-35,6,-42,12,-43,15,-47,14,-54,16,-54,17,-48,18,-48,3,-51,4,-55,4,-55,5,-55,6,-55,7,-51,8,-52,11,-54,21,-52,35,-52,37,-51,28,-55,15,-60,9,-62,18,-64,27,-61,22,-59,18,-61,20,-57,20,-56,17,-59,15,-60,15,-63,18,-66,15,-65,11,-67,6,-71,18,-72,16,-65,-1,-8,-2]"
CSI_DATA,5934,1a:00:00:00:00:00,-6,11,1,0,1,1,1,0,0,0,0,-96,0,11,2,111062795,0,47,1,384,1,"[47,-16,2,0,0,0,0,0,0,0,12,-9,46,-32,45,-32,48,-34,55,-26,59,-13,61,-14,61,-26,58,-34,52,-37,47,-32,54,-22,61,-31,57,-35,56,-22,61,-18,51,-28,36,-26,36,-22,36,-29,42,-20,50,-3,46,-8,39,-20,35,-34,38,-36,39,-33,25,-20,62,-42,60,-42,59,-50,53,-42,47,-25,51,-25,50,-28,43,-21,44,-14,44,-12,44,-13,46,-11,45,-10,43,-14,46,-18,51,-19,48,-13,41,-11,36,-9,36,2,41,5,40,-3,37,-5,35,5,28,14,21,21,4,6,0,0,0,0,0,0,0,0,-1,-1,6,2,52,14,54,7,57,-1,62,-8,58,-22,59,-20,61,-18,61,-15,55,-10,55,-6,56,-8,52,-14,52,-18,52,-16,50,-15,54,-20,58,-22,57,-16,57,-10,58,-16,51,-18,39,-9,34,-9,38,-2,42,8,44,5,47,-1,46,-8,43,-16,45,-22,57,-14,46,-19,41,-20,41,-25,41,-19,40,-2,45,0,48,-8,45,-8,41,-6,41,-4,41,-1,41,2,45,4,50,4,49,0,46,-4,41,0,36,4,34,4,33,7,32,16,29,20,26,17,24,16,19,16,14,16,3,4,-1,-1,0,0,0,0,-1,-1,0,0,0,0,-1,-1,-1,-1,-1,-1,5,3,20,8,20,0,25,-2,25,3,18,8,12,10,13,10,18,12,24,13,29,12,30,18,32,27,35,30,33,31,26,34,24,34,24,30,21,28,17,31,12,32,12,35,19,40,21,40,22,43,25,49,23,48,14,43,8,49,10,50,13,53,15,52,16,51,16,51,16,47,15,48,26,48,41,43,45,44,35,47,23,51,18,56,27,58,35,58,30,56,26,55,28,55,29,52,26,53,24,58,25,56,27,56,26,59,22,60,17,62,28,67,23,68,1,58,-2,6]"
CSI_DATA,5936,1a:00:00:00:00:00,-6,11,1,0,1,1,1,0,0,0,0,-96,0,11,2,111084795,0,47,1,384,1,"[47,-16,2,0,0,0,0,0,0,0,-5,-15,-18,-56,-17,-55,-19,-59,-11,-64,1,-63,-1,-64,-15,-66,-22,-62,-26,-55,-23,-51,-14,-59,-19,-68,-22,-65,-12,-60,-10,-62,-15,-51,-12,-37,-11,-37,-22,-38,-14,-43,0,-49,-5,-42,-15,-38,-27,-42,-31,-46,-27,-42,-18,-23,-41,-55,-45,-55,-55,-52,-48,-49,-30,-45,-27,-47,-26,-45,-20,-40,-16,-44,-17,-46,-17,-45,-12,-50,-11,-49,-18,-40,-22,-40,-24,-46,-19,-47,-17,-42,-14,-37,-2,-37,-2,-41,-10,-37,-12,-32,0,-37,12,-38,18,-34,5,-9,0,0,0,0,0,0,0,0,-1,-1,5,-6,40,-43,34,-50,29,-55,23,-57,4,-59,7,-60,8,-61,11,-61,15,-55,18,-56,14,-59,8,-56,5,-55,6,-51,6,-49,3,-55,0,-55,3,-51,8,-52,6,-55,6,-49,11,-38,7,-35,11,-34,21,-31,18,-32,13,-38,5,-42,-3,-43,-8,-45,12,-53,-4,-43,-6,-41,-13,-44,-11,-40,1,-31,7,-36,7,-44,5,-40,1,-37,2,-36,3,-34,3,-33,7,-35,14,-38,12,-40,4,-39,5,-32,10,-26,13,-28,15,-29,21,-25,22,-21,17,-19,15,-19,15,-13,13,-9,2,-3,-1,-1,-1,-1,-1,-1,0,0,-1,-1,-1,-1,-1,-1,-1,-1,-1,-1,5,-5,15,-18,5,-20,7,-23,18,-16,22,-7,16,-6,14,-10,21,-15,26,-20,27,-22,32,-16,42,-13,45,-18,42,-16,43,-7,44,-1,39,-1,34,-2,35,-2,33,2,37,7,47,6,49,5,46,7,48,7,47,8,42,15,46,21,48,22,54,20,56,16,57,12,56,8,51,6,50,7,53,-1,55,-14,58,-17,60,-8,62,2,65,6,66,-1,66,-6,62,-1,58,3,59,3,60,1,63,0,63,0,60,-2,61,-4,65,-1,65,5,62,18,64,4,65,5,59,22,6,3]"
CSI_DATA,5937,1a:00:00:00:00:00,-5,11,1,0,1,1,1,0,0,0,0,-96,0,11,2,111095795,0,47,1,384,1,"[47,-16,2,0,0,0,0,0,0,0,-17,1,-68,4,-67,9,-71,12,-73,8,-66,9,-62,11,-55,12,-52,12,-57,8,-62,13,-62,25,-59,33,-63,33,-66,23,-63,15,-65,27,-62,34,-48,27,-40,26,-45,24,-51,25,-48,26,-34,28,-21,44,-30,46,-45,34,-19,23,-29,54,-39,41,-41,35,-34,36,-36,38,-35,48,-29,56,-31,54,-29,50,-27,47,-31,38,-29,25,-28,20,-32,23,-31,32,-24,52,-21,53,-26,36,-30,29,-22,28,-15,32,-22,25,-30,16,-24,20,-13,12,-12,0,-4,-1,0,0,0,0,0,0,0,0,-1,-1,-6,1,-52,7,-64,8,-66,8,-58,-2,-63,-4,-63,0,-65,4,-64,5,-59,9,-56,10,-50,15,-46,18,-50,10,-54,8,-58,19,-62,24,-66,17,-65,11,-58,13,-58,18,-59,19,-51,18,-44,20,-48,19,-50,16,-44,16,-37,23,-39,30,-44,27,-44,23,-47,23,-31,37,-29,33,-24,31,-25,33,-35,33,-37,37,-35,40,-37,39,-35,37,-34,34,-35,27,-29,20,-24,22,-25,25,-26,26,-33,32,-33,39,-26,32,-28,24,-34,23,-33,26,-28,18,-24,6,-24,4,-23,5,-23,8,-6,2,-1,-1,-1,-1,-1,-1,-1,-1,-1,-1,-1,-1,-1,-1,-1,-1,-1,-1,-1,-3,-1,-13,2,-13,10,-12,12,-16,4,-19,-2,-21,-4,-24,-2,-22,7,-13,18,-14,23,-24,19,-26,21,-25,21,-25,14,-23,24,-28,37,-34,28,-30,18,-30,17,-32,13,-30,16,-29,25,-28,36,-27,42,-28,33,-34,25,-38,31,-36,34,-43,27,-50,21,-49,25,-42,26,-38,22,-46,27,-56,34,-57,29,-56,20,-57,14,-56,10,-57,9,-62,16,-64,26,-65,22,-70,11,-71,7,-64,6,-62,1,-67,0,-68,6,-65,8,-64,7,-65,6,-61,12,-45,14,-56,10,-71,-7,-75,-3,-10]"
CSI_DATA,5938,1a:00:00:00:00:00,-6,11,1,0,1,1,1,0,0,0,0,-96,0,11,2,111106794,0,47,1,384,1,"[47,-16,2,0,0,0,0,0,0,0,-15,1,-59,5,-60,5,-65,8,-68,1,-65,-11,-64,-9,-66,5,-64,13,-59,13,-56,10,-62,7,-71,14,-66,15,-59,6,-62,2,-55,6,-41,5,-42,6,-43,16,-43,8,-47,-5,-42,2,-38,13,-43,22,-49,24,-45,22,-23,15,-55,37,-58,40,-54,52,-50,46,-46,26,-45,20,-42,19,-38,14,-42,11,-45,13,-47,14,-52,6,-49,6,-37,16,-36,21,-45,23,-47,18,-42,16,-36,12,-35,1,-39,0,-33,7,-28,5,-36,-7,-40,-17,-39,-22,-10,-6,0,0,0,0,0,0,0,0,-1,-1,-4,-7,-32,-49,-38,-44,-45,-41,-52,-37,-57,-18,-56,-21,-57,-23,-57,-26,-50,-28,-49,-31,-51,-29,-53,-22,-55,-20,-49,-21,-44,-18,-49,-15,-50,-14,-45,-16,-46,-19,-50,-18,-45,-18,-33,-20,-29,-14,-26,-17,-20,-25,-24,-24,-31,-21,-35,-15,-37,-7,-40,-2,-41,-32,-35,-6,-35,-5,-39,1,-36,1,-22,-8,-23,-17,-33,-19,-33,-16,-32,-10,-32,-9,-28,-9,-25,-9,-24,-14,-20,-22,-24,-22,-29,-13,-21,-10,-13,-13,-16,-19,-18,-22,-15,-22,-10,-22,-10,-20,-10,-16,-7,-10,-7,-7,-3,-2,-1,-1,-1,-1,-1,-1,0,0,-1,-1,-1,-1,-1,-1,-1,-1,-1,-1,-4,-5,-14,-14,-17,-7,-20,-9,-14,-19,-7,-22,-5,-15,-8,-12,-13,-20,-18,-26,-19,-26,-11,-31,-6,-40,-11,-42,-10,-39,0,-40,7,-44,7,-40,5,-34,4,-34,9,-33,14,-37,13,-47,13,-49,16,-44,17,-44,19,-45,23,-45,30,-43,31,-45,31,-51,28,-55,22,-56,14,-55,12,-50,14,-48,9,-53,-3,-58,-5,-61,3,-60,14,-60,17,-63,12,-66,8,-67,12,-63,15,-58,15,-57,13,-60,13,-64,12,-63,10,-61,9,-62,14,-64,20,-64,33,-57,20,-60,21,-60,34,-52,5,-6]"
CSI_DATA,5940,1a:00:00:00:00:00,-6,11,1,0,1,1,1,0,0,0,0,-96,0,11,2,111128794,0,47,1,384,1,"[47,-16,2,0,0,0,0,0,0,0,7,13,28,51,32,49,38,53,31,61,20,65,22,67,34,64,40,55,37,46,34,45,36,51,44,52,39,48,28,47,30,51,33,47,22,37,23,36,35,34,31,42,22,52,25,44,29,29,36,24,37,29,34,28,24,12,62,30,60,33,66,24,62,21,49,24,48,28,44,30,32,31,28,34,32,32,30,31,23,38,22,33,27,18,33,21,40,32,36,35,32,28,26,22,17,27,22,32,23,23,13,16,6,28,2,37,-4,40,-2,11,0,0,0,0,0,0,0,0,-1,-1,-4,5,-27,49,-22,55,-14,58,-8,57,10,55,9,56,9,58,5,60,-2,57,-2,60,3,61,5,54,7,51,7,50,7,50,13,52,13,50,8,47,6,51,10,52,6,45,-2,36,3,33,1,36,-7,35,-3,34,2,38,7,40,14,39,19,37,0,48,16,34,16,36,25,37,26,33,13,26,8,31,9,39,6,36,9,30,11,29,9,27,7,27,3,32,-1,35,3,36,9,36,6,28,1,22,-1,24,-5,27,-8,26,-8,21,-9,19,-11,17,-10,10,-6,6,-1,1,-1,-1,-1,-1,-1,-1,0,0,-1,-1,-1,-1,-1,-1,-1,-1,-1,-1,-4,5,-9,21,-2,19,-3,20,-13,16,-19,10,-15,6,-11,8,-13,14,-15,19,-17,20,-28,15,-38,16,-38,23,-34,21,-37,10,-42,4,-40,4,-35,6,-37,6,-35,-1,-36,-5,-45,0,-50,4,-48,0,-49,-5,-53,-6,-53,-11,-51,-12,-54,-15,-61,-14,-64,-10,-63,-2,-55,5,-46,4,-46,-1,-49,5,-52,18,-57,24,-61,19,-65,11,-68,8,-67,12,-64,14,-62,9,-62,5,-61,5,-60,9,-63,14,-64,15,-61,15,-62,16,-63,12,-63,7,-63,-9,-65,6,-67,7,-66,-11,-9,-3]"
CSI_DATA,5941,1a:00:00:00:00:00,-5,11,1,0,1,1,1,0,0,0,0,-96,0,11,2,111139793,0,47,1,384,1,"[47,-16,2,0,0,0,0,0,0,0,11,10,45,45,48,45,55,45,51,48,40,43,35,39,35,34,37,34,42,38,49,39,52,41,56,37,62,38,55,50,48,50,64,33,68,23,46,23,34,21,30,26,31,34,39,32,46,16,55,-1,55,7,53,24,30,10,60,16,52,27,53,30,51,21,46,27,51,28,54,15,53,13,52,13,51,14,48,26,37,29,34,29,40,36,44,31,49,15,48,12,43,20,39,23,35,22,37,22,34,28,26,37,25,30,14,16,-2,13,-2,3,0,0,0,0,0,0,0,0,-1,-1,2,4,17,43,20,53,20,57,8,58,24,54,29,52,30,53,29,53,29,45,26,40,26,36,27,34,21,39,23,43,35,41,38,42,34,50,31,54,29,47,34,41,35,41,29,39,28,34,28,35,22,38,17,36,23,30,36,29,39,35,36,38,23,50,39,23,37,21,30,17,28,20,29,34,33,36,35,33,33,37,30,34,28,30,26,33,21,31,22,26,23,25,20,27,27,34,32,36,25,31,16,29,14,31,17,32,11,29,3,26,4,28,5,26,4,21,0,4,-1,-1,-1,-1,0,0,0,0,-1,-1,-1,-1,-1,-1,-1,-1,-1,-1,-2,2,-7,11,-14,12,-24,13,-26,17,-17,18,-11,13,-10,14,-13,15,-20,7,-28,5,-35,14,-33,17,-34,16,-35,16,-28,9,-35,7,-47,11,-40,8,-32,6,-36,10,-38,14,-36,12,-36,6,-47,0,-58,1,-53,10,-49,14,-48,11,-51,13,-50,18,-46,18,-49,8,-53,4,-52,12,-56,18,-60,18,-58,22,-53,25,-47,28,-44,28,-47,25,-55,24,-64,24,-61,29,-54,37,-52,35,-51,33,-52,37,-53,32,-53,24,-53,27,-54,32,-53,28,-53,-4,-63,-2,-73,4,-66,10,-8,1]"
CSI_DATA,5943,1a:00:00:00:00:00,-6,11,1,0,1,1,1,0,0,0,0,-96,0,11,2,111161793,0,47,1,384,1,"[47,-16,2,0,0,0,0,0,0,0,14,-6,56,-22,54,-20,60,-22,65,-18,61,-3,58,0,58,-11,60,-19,60,-24,56,-20,61,-8,66,-15,63,-23,62,-11,65,-4,56,-20,44,-25,41,-13,39,-15,39,-5,43,11,42,5,41,-9,40,-28,45,-32,48,-27,30,-15,69,-29,65,-30,64,-34,60,-26,52,-8,51,-4,48,-11,43,-14,37,-11,36,-4,44,-2,48,-1,48,1,53,0,54,-6,51,-9,47,-3,44,-3,39,-1,32,11,37,18,44,14,44,14,36,18,22,20,13,21,2,5,0,0,0,0,0,0,0,0,-1,0,5,0,47,8,51,6,55,-1,65,-5,65,-12,62,-11,63,-9,63,-7,54,-5,50,-1,50,-2,51,-7,55,-6,55,-3,52,-5,55,-8,61,-8,61,-4,58,2,60,-5,55,-11,43,-5,37,-4,36,2,37,13,41,14,45,8,47,-2,50,-10,53,-12,62,-4,48,-13,40,-14,40,-16,42,-10,41,10,42,12,45,3,47,2,43,3,39,6,39,11,39,13,42,15,46,18,45,14,44,7,43,8,39,12,35,12,32,13,28,18,25,21,22,23,21,23,15,20,11,17,2,4,-1,-1,0,0,0,0,0,0,0,0,-1,-1,-1,-1,-1,-1,-1,-1,4,1,16,4,20,0,29,2,29,5,18,6,11,7,13,11,19,16,23,19,26,17,29,19,32,26,35,28,34,32,24,35,21,33,25,31,22,30,16,31,14,31,17,35,19,40,18,40,18,45,21,53,18,49,17,40,5,45,8,47,9,50,10,50,11,51,12,54,16,50,19,49,26,51,37,49,41,47,31,45,19,47,15,52,23,57,31,63,27,60,23,55,24,56,24,53,21,52,16,57,14,60,19,61,22,60,16,60,6,60,14,68,12,72,-4,61,-2,6]"
CSI_DATA,5944,1a:00:00:00:00:00,-5,11,1,0,1,1,1,0,0,0,0,-96,0,11,2,111172792,0,47,1,384,1,"[47,-16,2,0,0,0,0,0,0,0,-4,-17,-15,-67,-20,-64,-25,-65,-23,-67,-23,-61,-23,-57,-21,-53,-19,-50,-16,-55,-23,-60,-36,-59,-43,-54,-44,-58,-35,-65,-27,-62,-40,-58,-46,-54,-33,-42,-29,-34,-29,-39,-33,-44,-34,-43,-33,-30,-47,-14,-51,-21,-43,-37,-27,-15,-59,-20,-47,-33,-43,-38,-43,-29,-45,-28,-53,-27,-58,-20,-57,-25,-53,-25,-49,-22,-42,-25,-30,-24,-25,-22,-28,-29,-37,-27,-57,-15,-57,-11,-39,-20,-31,-26,-30,-19,-36,-11,-31,-22,-20,-32,-25,-24,-17,-13,-2,-13,0,-4,0,0,0,0,0,0,0,0,-1,-1,-1,-6,-6,-50,-5,-64,-4,-67,4,-58,0,-62,-4,-62,-7,-63,-9,-62,-14,-56,-14,-54,-19,-48,-21,-45,-12,-49,-11,-52,-22,-56,-27,-61,-21,-66,-15,-64,-17,-57,-22,-56,-23,-57,-20,-49,-22,-41,-22,-44,-21,-46,-20,-41,-25,-36,-32,-37,-31,-41,-28,-43,-25,-48,-41,-28,-36,-26,-32,-22,-35,-24,-37,-31,-41,-31,-43,-30,-43,-34,-41,-34,-36,-32,-28,-33,-21,-27,-23,-21,-28,-22,-29,-25,-37,-30,-42,-28,-34,-23,-24,-26,-23,-31,-28,-30,-22,-27,-9,-24,-6,-21,-7,-20,-10,-22,-4,-6,-1,-1,-1,-1,-1,-1,-1,-1,-1,-1,-1,-1,-1,-1,-1,-1,-1,-1,2,-1,12,-1,13,1,13,9,18,13,20,5,19,-1,22,-3,21,0,12,10,13,21,23,24,24,19,22,20,23,20,21,13,26,24,30,37,27,28,29,21,32,21,31,16,29,16,27,24,27,35,29,42,33,34,33,34,34,31,43,35,49,28,47,22,41,26,38,28,45,24,53,27,54,33,55,27,56,19,56,14,57,10,60,8,63,16,65,25,70,19,69,8,61,4,59,5,64,1,65,0,63,5,63,6,64,4,60,3,42,17,53,21,68,17,75,0,9,-2]"
CSI_DATA,5945,1a:00:00:00:00:00,-6,11,1,0,1,1,1,0,0,0,0,-96,0,11,2,111183792,0,47,1,384,1,"[47,-16,2,0,0,0,0,0,0,0,-7,-14,-25,-54,-31,-51,-36,-54,-27,-63,-18,-67,-25,-68,-38,-63,-42,-51,-38,-41,-35,-41,-38,-50,-47,-54,-41,-53,-28,-50,-31,-49,-33,-46,-23,-39,-28,-34,-42,-29,-39,-38,-33,-47,-32,-37,-31,-25,-40,-23,-45,-29,-39,-28,-26,-8,-65,-15,-63,-19,-66,-7,-61,-2,-52,-9,-56,-14,-57,-18,-46,-23,-44,-29,-47,-24,-42,-21,-36,-31,-31,-28,-27,-12,-38,-12,-54,-18,-54,-19,-44,-17,-36,-17,-33,-22,-38,-18,-31,-10,-21,-11,-25,-23,-26,-31,-20,-37,-5,-11,0,0,0,0,0,0,0,0,-1,-1,5,-6,40,-43,31,-49,22,-55,19,-55,-2,-54,-3,-54,-4,-55,-1,-58,4,-58,3,-61,-3,-62,-5,-55,-6,-51,-7,-48,-10,-48,-15,-53,-13,-51,-9,-46,-10,-50,-12,-51,-7,-45,-2,-37,-11,-34,-10,-38,-1,-38,-4,-35,-11,-37,-20,-38,-28,-36,-30,-35,-17,-46,-28,-30,-28,-35,-37,-32,-36,-27,-25,-22,-26,-28,-29,-37,-23,-34,-21,-29,-24,-28,-22,-24,-20,-23,-22,-30,-23,-35,-27,-33,-30,-29,-24,-27,-17,-26,-15,-28,-14,-32,-11,-33,-7,-26,-6,-22,-4,-24,3,-21,5,-15,0,-4,-1,-1,0,0,0,0,0,0,0,0,-1,-1,-1,-1,-1,-1,-1,-1,6,0,23,-1,21,-6,22,-6,21,3,16,9,12,10,13,5,19,2,25,4,28,10,28,20,35,25,42,20,38,18,32,21,31,29,29,30,28,25,30,25,25,25,23,26,32,30,38,31,33,31,27,32,31,32,25,45,31,39,28,44,35,45,42,43,49,37,49,28,41,24,38,27,42,22,49,10,57,7,58,15,60,21,63,23,61,20,58,18,56,18,54,17,52,15,53,11,62,8,65,8,62,6,61,5,61,8,59,11,50,29,54,14,60,12,58,31,6,5]"
CSI_DATA,5946,1a:00:00:00:00:00,-6,11,1,0,1,1,1,0,0,0,0,-96,0,11,2,111194792,0,47,1,384,1,"[47,-16,2,0,0,0,0,0,0,0,0,-15,2,-57,5,-59,6,-67,9,-69,16,-58,16,-56,14,-56,14,-58,11,-64,12,-63,19,-62,12,-70,2,-71,11,-67,21,-66,3,-67,-6,-59,11,-47,10,-43,17,-37,30,-32,23,-38,8,-43,-8,-48,-6,-52,2,-56,0,-35,5,-75,6,-69,3,-71,8,-60,20,-45,21,-46,12,-46,8,-43,8,-40,9,-36,17,-38,22,-40,25,-41,31,-46,25,-49,16,-50,17,-46,20,-39,21,-31,24,-22,29,-22,33,-25,35,-25,27,-21,17,-9,13,3,3,1,0,0,0,0,0,0,0,0,-1,-1,3,-6,28,-44,29,-48,29,-54,33,-59,22,-63,24,-63,25,-66,22,-63,19,-51,22,-44,24,-44,23,-46,27,-50,28,-50,21,-49,19,-53,24,-59,28,-58,31,-52,24,-56,20,-58,22,-45,17,-39,20,-36,31,-31,34,-32,27,-37,20,-44,18,-49,19,-52,32,-50,12,-45,7,-41,7,-41,12,-39,26,-31,30,-33,25,-42,27,-44,28,-40,25,-35,27,-31,29,-27,30,-28,32,-31,30,-32,28,-39,30,-40,32,-29,30,-23,26,-21,25,-15,26,-7,28,-6,27,-9,18,-7,10,-2,2,-1,-1,-1,0,0,0,0,-1,-1,0,0,0,0,-1,-1,-1,-1,-1,-1,2,-3,7,-11,8,-17,16,-23,21,-23,15,-16,9,-11,11,-11,20,-11,27,-10,28,-12,28,-18,34,-18,40,-17,41,-13,36,-5,38,-5,41,-12,35,-9,32,-1,33,-1,38,-3,44,-1,41,1,47,5,57,8,53,6,46,4,44,10,48,10,49,10,48,9,49,12,51,16,54,11,57,5,62,0,65,-6,62,-8,53,-4,49,3,51,8,62,4,73,2,71,3,65,2,65,2,63,3,62,4,61,8,58,11,59,8,61,8,61,12,57,26,63,27,67,32,60,26,6,2]"
CSI_DATA,5948,1a:00:00:00:00:00,-6,11,1,0,1,1,1,0,0,0,0,-96,0,11,2,111216791,0,47,1,384,1,"[47,-16,2,0,0,0,0,0,0,0,-10,10,-37,40,-31,44,-32,47,-43,40,-50,37,-50,45,-44,56,-34,56,-25,48,-22,42,-30,49,-29,64,-28,61,-32,46,-31,44,-28,44,-26,37,-18,39,-7,49,-18,50,-32,47,-25,43,-13,40,-4,50,-6,56,-9,45,1,26,4,67,-1,65,11,63,12,58,4,53,7,60,8,58,2,49,-4,51,-2,52,-1,49,-11,48,-9,43,1,36,2,42,1,55,0,54,-2,44,-2,38,-3,40,0,42,4,34,1,26,-6,29,-13,32,-26,30,-9,7,0,0,0,0,0,0,0,0,-1,-1,-7,-5,-55,-32,-63,-16,-64,-4,-58,5,-47,23,-46,22,-48,23,-52,20,-52,14,-54,16,-54,24,-47,26,-42,24,-41,21,-44,23,-46,31,-43,31,-41,24,-42,24,-41,28,-36,23,-31,14,-26,18,-28,18,-32,11,-32,15,-33,23,-31,27,-25,31,-21,33,-39,23,-20,29,-24,31,-21,39,-18,38,-15,25,-16,26,-21,32,-21,27,-18,28,-16,30,-14,26,-16,23,-22,23,-26,25,-25,29,-23,32,-22,26,-21,19,-22,18,-23,17,-23,14,-18,10,-16,10,-19,9,-14,2,-7,-1,-1,0,-1,-1,0,0,0,0,-1,-1,0,0,0,0,-1,-1,-1,-1,-1,-1,-4,-6,-12,-17,-13,-12,-12,-13,-8,-21,-1,-22,4,-20,-1,-19,-9,-21,-11,-26,-7,-30,1,-37,2,-45,-4,-46,-3,-43,1,-43,6,-47,11,-43,10,-39,6,-41,7,-40,5,-39,1,-47,4,-52,10,-49,12,-47,10,-53,18,-52,15,-51,18,-52,16,-59,12,-63,6,-63,-1,-57,2,-49,8,-50,-2,-53,-18,-52,-23,-57,-18,-63,-11,-68,-8,-72,-11,-69,-13,-62,-9,-59,-8,-59,-11,-55,-15,-53,-19,-60,-21,-64,-22,-60,-21,-60,-16,-63,-16,-62,-4,-58,-18,-57,-18,-62,-2,-66,0,-9]"
CSI_DATA,5949,1a:00:00:00:00:00,-6,11,1,0,1,1,1,0,0,0,0,-96,0,11,2,111227791,0,47,1,384,1,"[47,-16,2,0,0,0,0,0,0,0,-16,0,-62,1,-63,0,-69,1,-72,-1,-63,-8,-58,-9,-58,-6,-62,-6,-68,-1,-65,-1,-66,-6,-71,2,-68,15,-66,7,-66,-5,-61,13,-53,22,-48,3,-44,-1,-40,-8,-39,-15,-40,-6,-40,7,-40,23,-47,22,-55,17,-32,13,-61,28,-56,25,-60,30,-58,21,-51,0,-47,-3,-42,4,-43,8,-39,13,-35,10,-42,1,-42,-5,-43,-6,-56,-8,-56,2,-48,16,-42,12,-43,2,-43,-3,-33,-9,-33,-14,-38,-19,-39,-21,-33,-16,-16,-15,-3,-18,0,-5,0,0,0,0,0,0,0,0,-1,-1,-6,-4,-45,-31,-49,-28,-55,-27,-60,-30,-66,-19,-66,-20,-68,-20,-64,-17,-54,-14,-50,-16,-50,-16,-51,-16,-54,-22,-54,-22,-53,-12,-57,-7,-64,-11,-63,-16,-56,-18,-57,-10,-60,-6,-52,-12,-43,-9,-40,-9,-40,-18,-40,-20,-41,-14,-46,-6,-53,-2,-57,0,-60,-12,-45,8,-36,12,-36,12,-40,6,-40,-10,-41,-12,-43,-6,-48,-8,-48,-6,-42,-5,-38,-11,-34,-17,-32,-16,-34,-14,-36,-10,-45,0,-48,-1,-41,-11,-36,-14,-30,-11,-24,-12,-21,-18,-19,-20,-18,-18,-11,-16,-3,-15,-1,-4,-1,-1,0,0,0,0,0,0,0,0,-1,-1,-1,-1,-1,-1,-1,-1,-2,-4,-8,-12,-11,-16,-9,-26,-6,-29,-6,-19,-7,-11,-4,-13,-2,-20,2,-24,-1,-28,-4,-32,1,-35,5,-39,7,-40,10,-33,15,-36,12,-43,6,-35,8,-28,10,-32,12,-39,15,-40,15,-37,20,-44,27,-51,27,-45,31,-38,26,-39,26,-43,26,-41,22,-40,24,-43,27,-46,23,-52,20,-57,19,-61,13,-64,7,-62,6,-54,12,-51,15,-52,14,-61,18,-73,18,-72,13,-64,9,-61,7,-61,7,-63,11,-63,15,-61,13,-62,11,-63,14,-60,34,-52,35,-63,36,-68,31,-62,3,-8]"
CSI_DATA,5950,1a:00:00:00:00:00,-5,11,1,0,1,1,1,0,0,0,0,-96,0,11,2,111238791,0,47,1,384,1,"[47,-16,2,0,0,0,0,0,0,0,7,15,29,60,37,53,44,55,39,60,36,52,35,45,35,40,36,37,33,40,40,43,53,41,58,36,56,41,50,47,45,40,56,33,61,31,46,22,41,14,40,20,43,28,45,26,43,11,50,-9,54,-4,52,14,28,-2,57,-15,51,7,47,14,45,4,50,-2,56,-12,57,-19,60,-10,62,-4,58,-5,53,1,43,7,39,6,44,6,51,-2,61,-20,60,-23,48,-9,43,0,38,-2,38,-10,41,-5,41,8,40,4,28,2,17,10,3,3,0,0,0,0,0,0,0,0,-1,-1,3,3,32,33,42,40,50,41,36,44,27,54,33,49,37,48,38,49,39,43,39,39,41,33,41,28,35,33,35,38,48,35,56,33,52,41,45,43,45,33,50,28,50,31,44,26,43,17,45,19,42,24,39,21,42,10,49,5,48,10,46,13,48,8,48,-7,43,-4,38,-5,41,-5,47,0,51,-6,52,-10,52,-4,52,0,53,2,50,8,41,7,34,0,32,-7,37,-7,49,-10,53,-12,42,-7,37,1,41,6,45,2,37,4,27,12,27,14,30,13,29,12,6,2,-1,-1,-1,-1,-1,-1,0,0,-1,-1,-1,-1,0,-1,0,0,-1,2,-5,1,-18,1,-18,-2,-15,-7,-16,-8,-20,-2,-23,4,-23,8,-23,6,-18,-3,-18,-14,-25,-21,-30,-17,-30,-11,-34,-11,-34,-14,-36,-20,-39,-25,-36,-19,-35,-15,-35,-9,-34,-7,-34,-13,-31,-22,-33,-30,-41,-32,-45,-27,-55,-19,-47,-19,-50,-14,-51,-9,-50,-6,-48,-6,-49,-10,-51,-10,-53,-9,-54,-9,-58,-8,-58,0,-54,9,-54,14,-58,13,-61,8,-64,6,-64,8,-63,14,-58,21,-56,28,-55,26,-55,23,-59,22,-60,22,-59,20,-59,21,-53,17,-53,19,-52,26,-50,37,-10,8]"
CSI_DATA,5952,1a:00:00:00:00:00,-6,11,1,0,1,1,1,0,0,0,0,-96,0,11,2,111260790,0,47,1,384,1,"[47,-16,2,0,0,0,0,0,0,0,5,15,20,59,20,58,24,62,23,66,13,60,8,55,12,51,17,52,23,57,23,56,18,60,24,61,33,57,24,61,15,64,34,56,41,45,21,40,17,38,9,38,-3,39,3,38,20,35,41,30,44,36,38,45,22,25,46,51,38,51,42,50,37,45,21,48,16,49,22,41,28,38,26,33,20,31,18,41,15,43,13,46,13,56,21,51,28,40,23,39,20,44,15,42,3,37,0,41,-2,48,-7,51,-5,43,-6,24,-12,10,-4,1,0,0,0,0,0,0,0,0,-1,-1,-1,6,-4,50,-1,53,3,58,-2,65,7,67,10,66,11,66,11,63,10,53,7,50,6,49,8,49,5,55,5,56,12,50,14,49,11,57,9,60,6,55,13,55,19,54,11,47,11,40,8,38,-2,40,-4,42,3,41,16,44,23,50,22,52,15,57,27,39,24,33,21,30,18,32,5,39,4,42,11,44,12,48,10,45,6,39,1,39,-1,37,1,36,0,41,2,42,14,43,15,44,5,42,-1,38,-3,33,-5,31,-8,30,-13,28,-16,27,-14,21,-12,14,-3,2,0,0,0,0,0,0,-1,-1,0,0,0,0,-1,-1,-1,-1,-1,-1,-2,3,-7,15,-11,18,-23,21,-26,18,-16,13,-11,9,-14,8,-21,12,-27,12,-30,11,-32,15,-36,17,-41,18,-45,15,-42,4,-40,0,-43,8,-39,8,-34,2,-35,1,-42,2,-46,1,-44,-2,-53,-5,-62,-4,-53,0,-42,4,-44,-6,-48,-2,-47,-1,-46,-1,-49,-5,-54,-6,-55,1,-58,9,-63,10,-65,16,-62,22,-54,18,-52,10,-54,6,-62,12,-73,16,-69,14,-61,16,-61,19,-60,19,-59,19,-61,13,-63,9,-64,15,-64,20,-63,15,-61,-4,-71,-3,-77,-2,-69,-5,-8,-1]"
CSI_DATA,5953,1a:00:00:00:00:00,-5,11,1,0,1,1,1,0,0,0,0,-96,0,11,2,111271790,0,47,1,384,1,"[47,-16,2,0,0,0,0,0,0,0,15,1,64,7,66,1,71,-2,73,2,67,0,63,-3,57,-5,52,-5,58,0,63,-6,64,-17,63,-24,68,-23,70,-11,64,-4,67,-17,68,-26,53,-22,43,-22,46,-19,52,-18,51,-20,36,-26,26,-43,36,-41,49,-26,21,-20,36,-49,43,-34,44,-30,37,-33,40,-35,42,-45,37,-53,38,-51,36,-49,33,-47,36,-37,32,-23,31,-18,35,-21,34,-31,29,-51,27,-53,30,-35,32,-27,24,-28,18,-33,24,-26,31,-16,25,-19,13,-12,11,0,3,0,0,0,0,0,0,0,0,0,-1,-1,5,0,50,4,61,7,63,9,51,17,57,16,60,11,63,8,62,6,58,2,55,1,49,-5,46,-9,49,0,54,3,60,-8,66,-12,69,-4,66,2,59,-1,58,-6,59,-8,52,-11,46,-14,48,-11,49,-8,43,-9,39,-18,43,-25,47,-20,46,-15,50,-11,36,-30,32,-28,27,-27,30,-29,40,-28,42,-32,40,-36,41,-34,39,-34,39,-31,41,-24,34,-17,28,-19,26,-23,28,-23,35,-29,37,-35,31,-29,30,-19,35,-17,35,-21,29,-15,24,-5,24,-2,25,-4,26,-7,7,-3,-1,-1,-1,-1,-1,-1,0,0,-1,-1,-1,-1,-1,-1,-1,-1,-1,-1,-1,2,-6,12,-9,11,-15,7,-18,11,-12,17,-7,20,-5,22,-6,19,-12,8,-22,6,-32,14,-28,17,-30,17,-30,18,-22,16,-33,17,-48,20,-36,19,-27,21,-27,23,-22,23,-24,20,-32,17,-45,13,-53,14,-46,23,-41,29,-43,26,-47,31,-42,38,-36,39,-38,32,-38,27,-35,35,-41,44,-47,43,-41,46,-34,48,-30,48,-26,51,-26,56,-32,55,-40,54,-37,61,-29,64,-24,58,-24,56,-20,62,-18,63,-22,60,-23,60,-23,60,-22,57,-25,37,-33,47,-33,63,-14,73,-1,9]"
CSI_DATA,5954,1a:00:00:00:00:00,-6,11,1,0,1,1,1,0,0,0,0,-96,0,11,2,111282789,0,47,1,384,1,"[47,-16,2,0,0,0,0,0,0,0,11,-11,44,-42,39,-46,39,-52,47,-46,54,-40,53,-45,44,-55,33,-56,26,-51,28,-47,33,-53,32,-63,32,-58,32,-46,31,-47,33,-47,32,-36,24,-38,13,-49,21,-49,32,-48,24,-43,12,-36,6,-42,8,-51,10,-48,-3,-29,-9,-71,0,-66,-13,-62,-18,-59,-11,-52,-8,-55,-3,-58,5,-50,9,-49,6,-51,5,-45,16,-42,12,-37,-3,-27,-3,-36,-2,-55,-1,-56,1,-47,5,-37,9,-34,3,-39,-1,-30,6,-18,17,-26,23,-33,28,-30,8,-8,0,0,0,0,0,0,0,0,-1,-1,6,2,54,16,60,5,58,-5,52,-11,48,-26,49,-25,51,-26,55,-23,55,-17,58,-18,56,-27,47,-29,43,-28,43,-26,44,-27,45,-33,45,-30,43,-24,44,-26,42,-30,37,-24,32,-16,27,-20,30,-19,33,-11,30,-15,31,-22,30,-28,26,-34,22,-37,37,-24,17,-33,25,-35,21,-42,13,-42,12,-28,18,-29,24,-35,23,-29,18,-28,17,-30,16,-24,18,-21,23,-24,26,-25,22,-29,19,-32,20,-24,19,-18,21,-18,24,-17,25,-14,20,-11,17,-9,19,-5,16,1,11,2,2,0,0,0,0,0,-1,-1,-1,-1,0,0,0,0,-1,-1,-1,0,1,1,6,4,19,16,16,14,12,14,8,16,5,17,1,16,4,15,10,14,11,16,9,24,6,35,5,40,6,40,6,39,3,38,-3,41,-8,42,-5,38,-5,35,-2,35,-3,40,-5,45,-9,44,-10,44,-12,45,-12,48,-22,46,-17,50,-20,53,-18,60,-12,62,-4,58,0,53,1,49,3,49,6,48,12,51,18,57,18,62,17,65,16,69,12,64,10,62,10,61,10,58,12,54,17,56,22,61,24,62,23,59,21,59,19,60,21,59,6,60,8,61,10,62,9,65,1,12]"
CSI_DATA,5955,1a:00:00:00:00:00,-6,11,1,0,1,1,1,0,0,0,0,-96,0,11,2,111293789,0,47,1,384,1,"[47,-16,2,0,0,0,0,0,0,0,14,-1,57,-1,59,3,66,3,67,8,57,19,55,17,55,11,55,12,61,10,60,11,61,18,69,12,69,2,64,12,64,21,66,3,58,-5,47,12,43,10,35,16,29,30,35,25,44,10,50,-8,53,-7,55,1,34,2,75,10,68,8,68,4,59,9,46,21,47,22,47,12,43,9,39,8,35,11,38,18,41,22,42,25,45,32,47,29,47,19,42,19,39,21,32,22,22,26,23,31,27,35,26,38,20,32,8,20,-2,16,-2,3,0,0,0,0,0,0,0,0,-1,-1,4,3,41,29,45,30,49,31,56,36,61,23,62,24,63,25,61,23,50,19,42,21,41,22,44,20,47,26,47,28,48,21,51,20,56,27,54,31,47,32,53,27,56,22,45,22,38,16,32,19,25,31,27,35,34,30,42,22,47,19,49,22,45,39,44,15,38,10,37,10,36,15,27,27,29,30,39,27,41,31,37,32,30,29,24,31,20,31,22,32,25,36,28,35,33,33,31,35,21,36,16,34,15,31,11,28,5,27,2,29,4,29,4,21,1,13,-1,3,-1,-1,0,0,0,0,0,0,0,0,-1,-1,-1,-1,-1,-1,-1,-1,2,1,13,5,19,7,26,15,25,19,17,13,11,9,10,14,12,23,13,31,15,29,21,27,21,32,22,37,18,39,7,36,6,38,12,41,9,37,4,34,5,34,7,39,5,44,1,42,-4,48,-5,58,-2,53,1,45,-8,46,-6,49,-7,49,-8,48,-10,52,-13,56,-8,57,-1,60,3,63,10,65,13,62,7,54,-2,50,-7,51,-3,61,0,74,0,71,2,64,2,65,2,64,0,62,-6,62,-9,59,-7,59,-6,61,-12,60,-25,54,-27,62,-33,67,-27,59,-3,6]"
CSI_DATA,5957,1a:00:00:00:00:00,-6,11,1,0,1,1,1,0,0,0,0,-96,0,11,2,111315820,0,47,1,384,1,"[47,-16,2,0,0,0,0,0,0,0,-1,-15,-2,-59,0,-59,-2,-66,1,-69,12,-61,14,-58,6,-59,2,-61,-3,-64,0,-59,10,-60,3,-69,-8,-68,2,-64,10,-66,-5,-61,-13,-50,-2,-44,-6,-44,3,-41,20,-37,15,-37,2,-40,-18,-46,-22,-53,-16,-55,-9,-31,-16,-70,-17,-69,-25,-69,-19,-63,-2,-53,3,-49,-3,-47,-8,-44,-6,-40,0,-37,3,-44,4,-51,5,-52,4,-54,-2,-54,-7,-54,-2,-52,-1,-49,1,-42,13,-34,19,-37,16,-42,17,-42,19,-36,20,-23,23,-14,6,-3,0,0,0,0,0,0,0,0,-1,0,3,-6,26,-43,24,-46,23,-52,24,-63,13,-65,14,-63,16,-64,16,-64,15,-55,17,-49,18,-49,15,-53,17,-58,18,-56,13,-51,10,-53,10,-58,13,-57,18,-54,15,-58,10,-56,13,-45,9,-41,12,-37,22,-33,24,-36,20,-40,11,-46,5,-51,4,-53,17,-57,1,-47,-3,-43,-6,-43,0,-43,19,-37,24,-39,17,-46,14,-47,12,-42,13,-37,16,-35,18,-35,20,-37,25,-40,23,-40,14,-42,14,-42,19,-37,19,-34,18,-32,21,-27,25,-21,27,-19,26,-18,20,-12,17,-8,4,-2,-1,-1,-1,-1,-1,-1,0,0,-1,-1,-1,-1,-1,-1,-1,-1,-1,-1,3,-3,12,-13,10,-17,18,-22,22,-19,17,-11,13,-8,17,-9,25,-10,31,-12,30,-14,32,-14,39,-13,43,-15,46,-11,43,-1,40,1,42,-5,38,-5,34,1,33,4,38,5,45,6,44,6,46,7,52,8,47,8,40,5,40,18,44,18,48,19,49,17,50,16,53,15,54,9,56,4,60,-1,62,-10,60,-13,53,-6,51,3,55,7,64,2,73,-2,69,1,61,4,61,2,60,0,58,2,60,7,61,9,61,5,62,3,63,8,59,19,67,15,71,18,62,26,7,3]"
CSI_DATA,5958,1a:00:00:00:00:00,-6,11,1,0,1,1,1,0,0,0,0,-96,0,11,2,111326788,0,47,1,384,1,"[47,-16,2,0,0,0,0,0,0,0,-5,-15,-17,-56,-19,-53,-22,-57,-15,-65,-6,-69,-7,-70,-21,-68,-30,-61,-29,-55,-24,-53,-23,-60,-33,-64,-33,-60,-20,-57,-18,-60,-20,-53,-14,-41,-16,-41,-26,-41,-19,-45,-9,-52,-14,-48,-23,-40,-34,-34,-35,-36,-28,-35,-22,-19,-55,-48,-51,-51,-59,-42,-53,-38,-36,-39,-36,-38,-36,-35,-27,-33,-24,-39,-26,-39,-24,-38,-13,-44,-13,-39,-24,-28,-31,-28,-33,-36,-28,-37,-24,-33,-21,-26,-12,-27,-12,-36,-18,-29,-16,-20,-6,-28,6,-35,16,-36,5,-10,0,0,0,0,0,0,0,0,-1,-1,6,-4,52,-28,45,-36,43,-43,42,-49,14,-54,16,-53,17,-52,19,-52,20,-49,22,-48,20,-48,15,-47,15,-49,15,-47,11,-43,8,-46,8,-47,11,-43,15,-43,15,-46,16,-39,16,-28,9,-26,11,-25,18,-21,19,-24,17,-29,9,-30,1,-32,-2,-36,30,-37,0,-27,1,-26,-4,-29,-6,-27,0,-17,6,-20,11,-28,12,-26,6,-27,2,-27,1,-24,3,-21,9,-19,14,-14,13,-16,8,-23,3,-20,2,-13,8,-11,15,-13,15,-13,16,-8,16,-6,9,-9,3,-8,2,-8,0,-3,-1,-1,0,0,0,0,0,0,0,0,-1,-1,-1,-1,-1,-1,-1,-1,3,-3,10,-10,3,-12,7,-16,18,-13,18,-6,11,-2,12,-3,18,-7,21,-10,21,-13,25,-8,35,-4,39,-8,35,-7,36,3,39,7,35,5,30,2,30,3,28,10,33,15,44,11,47,8,43,12,45,15,51,16,49,24,44,22,46,26,53,27,54,24,52,22,51,18,46,13,44,14,50,10,57,-3,60,-6,59,2,58,11,62,16,64,12,63,8,59,10,56,13,56,14,58,9,62,9,61,12,56,8,56,6,57,11,57,15,50,39,59,32,60,35,50,43,5,5]"
CSI_DATA,5959,1a:00:00:00:00:00,-6,11,1,0,1,1,1,0,0,0,0,-96,0,11,2,111337788,0,47,1,384,1,"[47,-16,2,0,0,0,0,0,0,0,-3,-15,-8,-59,-6,-58,-8,-65,-5,-70,6,-63,7,-59,0,-58,-5,-59,-8,-63,-5,-60,0,-63,-9,-69,-17,-66,-6,-62,3,-64,-14,-61,-22,-51,-7,-45,-8,-43,0,-41,14,-39,8,-39,-8,-42,-29,-42,-31,-48,-24,-53,-14,-30,-28,-66,-25,-65,-30,-64,-25,-57,-8,-51,-2,-48,-10,-44,-16,-43,-14,-39,-8,-38,-6,-46,-4,-49,-1,-50,-2,-55,-9,-54,-16,-51,-11,-49,-8,-48,-5,-44,7,-37,11,-41,12,-47,15,-49,14,-42,13,-25,18,-11,5,-2,0,0,0,0,0,0,0,0,-1,-1,1,-6,15,-46,14,-51,11,-56,14,-65,6,-67,5,-66,6,-67,6,-65,6,-55,8,-50,9,-51,6,-54,9,-59,11,-58,4,-52,1,-53,3,-60,6,-59,11,-54,5,-59,-1,-58,4,-48,2,-42,4,-38,14,-37,17,-40,11,-42,1,-47,-5,-53,-5,-56,6,-60,-10,-48,-12,-42,-12,-40,-6,-40,11,-39,15,-41,6,-47,5,-51,5,-47,7,-40,12,-37,13,-36,13,-37,17,-41,16,-42,4,-44,3,-45,11,-41,13,-37,13,-34,15,-29,18,-26,21,-24,23,-23,19,-16,16,-9,4,-2,-1,-1,-1,-1,-1,-1,0,0,-1,-1,-1,-1,-1,-1,-1,-1,-1,-1,2,-4,9,-14,10,-18,19,-22,23,-19,15,-11,11,-9,14,-10,22,-13,28,-14,28,-14,30,-15,36,-16,41,-18,45,-14,42,-3,40,0,42,-8,39,-9,32,-2,32,0,38,0,46,1,45,3,49,6,55,5,48,2,40,-4,40,11,45,9,47,10,47,10,49,10,53,10,55,3,57,-4,61,-7,64,-14,60,-19,52,-14,50,-4,53,0,63,-6,73,-9,69,-6,59,-6,60,-8,60,-9,58,-8,61,-2,63,2,64,-3,65,-8,63,-2,60,11,68,8,74,9,65,15,7,2]"
CSI_DATA,5961,1a:00:00:00:00:00,-6,11,1,0,1,1,1,0,0,0,0,-96,0,11,2,111360811,0,47,1,384,1,"[47,-16,2,0,0,0,0,0,0,0,8,-13,34,-48,29,-51,27,-57,35,-56,43,-48,42,-51,37,-59,33,-61,29,-57,29,-50,33,-55,28,-65,22,-61,25,-50,30,-52,27,-50,23,-39,22,-42,13,-50,22,-47,34,-41,26,-40,14,-40,4,-45,5,-50,10,-47,1,-29,4,-72,7,-71,-6,-72,-5,-67,6,-55,7,-51,8,-49,11,-41,16,-38,17,-39,16,-40,24,-39,18,-39,2,-37,1,-40,6,-47,9,-45,8,-39,7,-30,15,-23,20,-30,12,-29,9,-19,21,-16,31,-15,37,-11,10,-2,0,0,0,0,0,0,0,0,-1,-1,7,0,58,-2,59,-11,58,-19,55,-27,45,-40,46,-38,47,-36,49,-32,50,-26,51,-25,52,-30,48,-34,45,-36,44,-33,43,-29,43,-34,40,-33,40,-26,44,-27,43,-33,36,-28,30,-16,25,-17,28,-15,32,-6,33,-9,35,-16,30,-20,25,-26,23,-30,45,-10,24,-23,25,-24,22,-33,18,-33,15,-16,21,-11,30,-17,29,-16,24,-18,23,-20,20,-17,20,-13,23,-8,25,-3,25,-8,23,-15,16,-10,12,-4,17,-2,22,0,23,1,20,3,17,4,12,2,5,0,4,-2,1,-1,0,0,-1,-1,-1,-1,-1,-1,-1,-1,-1,-1,0,0,0,0,-1,-1,4,-3,15,-9,7,-10,9,-10,17,-4,19,2,11,4,9,2,17,-1,22,-4,21,-4,23,4,32,10,37,5,33,5,30,15,30,23,27,22,23,17,24,17,23,23,24,28,33,30,36,30,29,32,28,38,31,43,37,40,26,45,26,48,32,52,37,53,39,48,40,37,33,31,28,35,36,35,49,28,54,27,51,34,46,45,45,52,49,47,49,41,44,43,41,46,41,47,46,44,49,45,48,48,47,44,47,42,44,47,42,50,32,55,43,49,42,52,29,57,2,7]"
CSI_DATA,5962,1a:00:00:00:00:00,-6,11,1,0,1,1,1,0,0,0,0,-96,0,11,2,111370787,0,47,1,384,1,"[47,-16,2,0,0,0,0,0,0,0,-12,9,-42,37,-34,41,-36,44,-47,38,-52,35,-52,44,-47,54,-37,54,-28,45,-26,40,-33,49,-32,63,-31,59,-34,45,-33,43,-31,43,-28,36,-20,37,-10,47,-20,48,-33,47,-27,43,-14,41,-5,51,-7,56,-11,44,1,26,4,68,-3,65,8,63,10,60,4,55,7,61,8,59,3,50,-3,51,0,52,0,49,-11,46,-10,42,2,35,2,42,1,55,-1,55,-2,45,-1,37,-1,38,2,42,6,35,3,25,-5,28,-13,30,-25,29,-9,7,0,0,0,0,0,0,0,0,-1,-1,-7,-5,-55,-28,-63,-16,-64,-4,-56,4,-47,21,-47,21,-50,21,-53,19,-53,13,-55,15,-54,24,-48,26,-44,23,-42,20,-46,22,-48,30,-44,29,-42,23,-43,23,-42,27,-37,23,-32,14,-26,17,-28,18,-32,12,-32,15,-33,23,-31,28,-26,30,-22,33,-38,21,-19,28,-25,30,-22,39,-18,38,-15,25,-17,26,-22,32,-21,28,-17,28,-15,29,-14,25,-17,22,-22,22,-25,25,-24,30,-22,32,-21,27,-20,20,-20,18,-22,16,-23,14,-18,11,-16,10,-18,9,-13,2,-7,-2,-1,-1,0,0,0,0,0,0,-1,-1,0,0,0,0,-1,-1,-1,-1,-1,-1,-3,-5,-11,-17,-11,-12,-10,-13,-5,-21,1,-21,5,-19,1,-19,-7,-21,-8,-25,-4,-28,4,-35,5,-42,0,-43,0,-40,4,-41,10,-46,15,-41,12,-38,8,-41,10,-40,8,-39,4,-46,8,-52,14,-48,16,-46,14,-52,19,-51,18,-50,21,-52,20,-60,15,-63,8,-62,2,-56,5,-47,10,-48,2,-53,-14,-54,-20,-58,-15,-63,-8,-68,-5,-72,-8,-70,-10,-64,-6,-61,-5,-61,-8,-57,-13,-54,-17,-61,-18,-64,-19,-60,-18,-60,-14,-63,-13,-63,-3,-60,-16,-59,-15,-64,-1,-68,0,-9]"
CSI_DATA,5963,1a:00:00:00:00:00,-6,11,1,0,1,1,1,0,0,0,0,-96,0,11,2,111381787,0,47,1,384,1,"[47,-16,2,0,0,0,0,0,0,0,-15,3,-58,12,-57,14,-62,18,-69,10,-69,-2,-68,-1,-69,12,-65,20,-58,21,-54,17,-61,15,-66,23,-61,24,-57,14,-61,10,-53,13,-40,10,-43,11,-44,21,-46,12,-49,1,-45,8,-38,18,-37,26,-41,27,-41,23,-21,18,-51,45,-54,45,-48,54,-43,49,-42,30,-42,25,-41,25,-38,18,-41,14,-43,15,-44,15,-49,7,-44,8,-32,19,-32,24,-40,26,-41,20,-36,17,-29,13,-30,3,-38,2,-33,9,-25,6,-32,-7,-36,-18,-36,-23,-10,-7,0,0,0,0,0,0,0,0,-1,-1,-5,-6,-40,-43,-45,-38,-51,-32,-56,-28,-58,-9,-58,-11,-59,-13,-60,-17,-54,-20,-54,-22,-56,-20,-54,-15,-55,-12,-51,-13,-47,-12,-52,-7,-53,-7,-49,-11,-51,-15,-53,-11,-46,-12,-34,-16,-31,-11,-29,-14,-25,-21,-27,-20,-33,-17,-37,-11,-39,-2,-41,3,-42,-23,-33,-1,-33,-2,-37,4,-34,6,-21,-4,-23,-13,-32,-15,-32,-14,-31,-7,-31,-5,-27,-4,-25,-6,-24,-12,-21,-19,-23,-19,-28,-11,-21,-7,-12,-9,-14,-15,-17,-20,-15,-20,-11,-20,-10,-19,-10,-15,-8,-9,-8,-7,-3,-2,-1,-1,-1,-1,-1,-1,0,0,-1,-1,-1,-1,-1,-1,-1,-1,-1,-1,-5,-4,-17,-8,-16,0,-19,-1,-18,-12,-13,-17,-9,-11,-10,-8,-16,-14,-22,-17,-23,-16,-17,-24,-17,-35,-23,-34,-21,-30,-11,-35,-5,-42,-4,-38,-6,-32,-7,-33,0,-33,5,-38,0,-48,-2,-50,3,-46,5,-48,7,-53,7,-55,16,-51,17,-53,18,-59,15,-61,8,-59,1,-56,0,-49,4,-48,-1,-53,-14,-56,-18,-59,-12,-60,-2,-63,3,-68,-2,-68,-6,-66,-1,-64,4,-62,5,-62,2,-63,0,-67,2,-67,0,-64,-3,-64,1,-66,7,-66,23,-61,11,-66,12,-67,29,-59,4,-7]"
CSI_DATA,5965,1a:00:00:00:00:00,-5,11,1,0,1,1,1,0,0,0,0,-96,0,11,2,111403786,0,47,1,384,1,"[47,-16,2,0,0,0,0,0,0,0,-7,15,-29,61,-26,62,-22,67,-24,68,-19,64,-16,59,-16,54,-17,53,-18,61,-12,68,-6,68,0,67,3,72,-9,74,-16,68,5,70,15,68,4,50,2,39,-1,42,-3,49,1,50,13,40,34,33,33,43,19,55,15,26,40,43,28,48,27,53,30,45,23,47,26,50,35,43,33,41,34,36,37,33,27,41,14,33,10,31,11,44,20,44,40,32,43,28,30,36,20,39,19,29,23,24,16,31,5,36,7,29,1,16,-10,9,-3,2,0,0,0,0,0,0,0,0,-1,-1,-4,5,-27,44,-30,51,-35,54,-44,42,-41,48,-37,51,-34,53,-29,54,-24,52,-23,50,-19,47,-16,45,-22,45,-23,46,-18,54,-19,61,-26,62,-29,59,-24,54,-18,55,-17,56,-15,48,-10,42,-9,44,-12,44,-11,39,-6,38,-1,46,-3,51,-5,51,-23,54,10,42,10,36,10,31,10,32,4,40,5,45,8,44,8,46,10,44,7,38,-2,35,-6,28,0,26,6,30,4,32,4,40,9,42,9,33,0,28,-6,29,-4,31,-6,25,-11,14,-11,11,-11,14,-11,17,-3,4,-1,-1,-1,-1,-1,-1,-1,-1,-1,-1,-1,-1,-1,-1,-1,-1,-1,-1,-2,-1,-9,-3,-13,-7,-12,-17,-11,-19,-13,-9,-13,-4,-16,-5,-16,-7,-6,-12,-3,-22,-11,-31,-13,-27,-13,-28,-13,-27,-7,-21,-6,-33,-11,-45,-12,-34,-13,-28,-15,-31,-15,-28,-12,-29,-8,-34,-5,-46,-6,-55,-12,-47,-28,-42,-10,-47,-15,-51,-23,-44,-25,-39,-19,-46,-14,-49,-22,-47,-29,-51,-26,-56,-30,-54,-38,-51,-41,-46,-41,-41,-40,-38,-39,-46,-39,-59,-45,-58,-50,-49,-46,-42,-44,-41,-49,-40,-48,-39,-46,-42,-50,-44,-53,-43,-48,-42,-26,-41,-34,-54,-46,-58,-53,-42,-8,-4]"
CSI_DATA,5978,1a:00:00:00:00:00,-6,11,1,0,1,1,1,0,0,0,0,-96,0,11,2,111546782,0,47,1,384,1,"[47,-16,2,0,0,0,0,0,0,0,-7,-14,-27,-51,-28,-47,-30,-49,-22,-57,-12,-63,-15,-65,-27,-64,-34,-58,-35,-50,-31,-45,-26,-53,-36,-59,-38,-57,-25,-56,-24,-57,-28,-48,-21,-37,-19,-36,-29,-34,-24,-41,-13,-51,-15,-47,-24,-38,-39,-34,-41,-36,-33,-33,-22,-19,-54,-50,-54,-48,-64,-40,-57,-37,-41,-38,-44,-41,-44,-38,-34,-34,-29,-40,-32,-43,-31,-41,-23,-42,-21,-39,-27,-33,-34,-36,-36,-41,-31,-40,-25,-35,-21,-31,-15,-32,-15,-37,-21,-32,-21,-26,-13,-32,-2,-36,10,-35,4,-9,0,0,0,0,0,0,0,0,-1,-1,5,-6,40,-44,35,-50,30,-54,27,-57,0,-57,1,-57,1,-57,3,-57,9,-54,11,-55,8,-58,2,-54,0,-54,3,-51,3,-48,-1,-52,-3,-53,-2,-50,1,-51,-1,-54,1,-47,7,-36,2,-34,4,-33,15,-32,15,-35,9,-39,-1,-39,-9,-38,-12,-40,10,-52,-9,-39,-9,-38,-16,-38,-16,-33,-5,-27,-2,-34,-2,-41,-1,-38,-3,-36,-5,-36,-5,-32,-4,-30,1,-34,5,-36,3,-37,-3,-37,0,-31,4,-25,7,-26,9,-29,15,-28,16,-22,12,-18,8,-19,6,-16,6,-12,1,-4,0,0,0,0,-1,-1,-1,-1,0,0,0,0,0,0,-1,-1,-1,-1,4,-4,15,-13,7,-16,9,-20,17,-15,20,-6,17,-3,17,-6,22,-11,27,-15,27,-17,31,-12,40,-10,42,-13,40,-12,42,-4,43,0,38,-1,33,-1,34,1,33,6,36,8,46,5,48,4,47,7,50,7,51,4,44,10,46,15,48,17,55,15,58,11,58,9,55,8,49,7,49,8,53,-1,55,-15,59,-19,59,-10,61,0,65,3,66,-2,63,-6,59,-2,58,-1,59,-3,58,-4,62,-4,64,-4,61,-5,61,-5,63,-2,62,0,60,17,65,5,68,7,63,24,7,4]"
CSI_DATA,5979,1a:00:00:00:00:00,-6,11,1,0,1,1,1,0,0,0,0,-96,0,11,2,111557782,0,47,1,384,1,"[47,-16,2,0,0,0,0,0,0,0,-4,-15,-13,-57,-15,-58,-18,-65,-13,-71,1,-67,3,-64,-9,-64,-18,-65,-22,-65,-19,-61,-12,-66,-21,-69,-28,-61,-16,-59,-8,-65,-16,-54,-16,-40,-9,-43,-13,-44,-6,-43,6,-47,0,-45,-12,-39,-26,-36,-30,-41,-27,-42,-18,-25,-37,-60,-39,-59,-49,-56,-41,-54,-19,-50,-14,-45,-15,-39,-14,-36,-12,-38,-11,-39,-9,-44,-1,-47,-1,-46,-11,-45,-19,-42,-20,-42,-13,-41,-10,-40,-9,-34,3,-27,11,-36,5,-39,2,-35,11,-34,21,-28,26,-23,7,-6,0,0,0,0,0,0,0,0,-1,-1,3,-6,30,-43,27,-50,20,-56,18,-61,5,-63,7,-63,9,-65,12,-64,16,-56,18,-52,16,-53,12,-54,11,-58,11,-55,9,-51,5,-55,4,-57,8,-54,14,-54,11,-56,9,-51,15,-40,11,-35,13,-34,20,-32,20,-34,15,-37,8,-40,1,-44,-3,-47,20,-50,1,-41,-3,-37,-8,-39,-3,-38,12,-28,17,-29,12,-36,11,-37,8,-35,7,-31,8,-29,9,-28,12,-29,19,-28,18,-28,10,-32,8,-27,13,-20,18,-21,19,-21,20,-17,24,-11,26,-12,20,-14,15,-10,16,-7,4,-2,-1,-1,-1,-1,-1,-1,-1,-1,-1,-1,-1,-1,-1,-1,-1,-1,-1,-1,2,-4,6,-13,-1,-13,1,-20,11,-19,14,-11,9,-8,8,-12,14,-18,18,-23,16,-24,22,-22,32,-20,34,-24,32,-24,35,-16,38,-11,33,-13,28,-10,27,-7,27,-3,34,0,46,-3,48,-6,47,-3,50,-1,50,0,48,-1,48,7,51,9,55,11,54,9,53,5,54,1,52,-1,52,-3,55,-10,57,-22,57,-25,56,-18,56,-7,60,-3,67,-8,71,-12,67,-8,62,-5,62,-5,62,-7,63,-7,63,-5,60,-6,62,-8,65,-6,64,1,61,20,67,11,69,11,61,21,6,3]"
CSI_DATA,5980,1a:00:00:00:00:00,-6,11,1,0,1,1,1,0,0,0,0,-96,0,11,2,111568782,0,47,1,384,1,"[47,-16,2,0,0,0,0,0,0,0,-4,-15,-12,-56,-11,-57,-13,-65,-9,-68,4,-60,6,-58,-3,-58,-8,-58,-13,-62,-8,-59,2,-62,-5,-70,-15,-67,-5,-64,2,-67,-14,-61,-20,-49,-7,-43,-9,-42,0,-42,16,-40,11,-39,-3,-41,-22,-46,-25,-51,-19,-52,-11,-32,-20,-71,-21,-69,-27,-69,-20,-62,-3,-53,1,-51,-8,-48,-12,-44,-9,-40,-1,-38,3,-45,5,-49,6,-51,6,-54,-1,-55,-5,-55,0,-52,1,-49,3,-42,14,-34,19,-36,16,-41,18,-43,20,-36,20,-21,24,-11,6,-2,0,0,0,0,0,0,0,0,-1,-1,1,-7,15,-49,13,-52,7,-57,6,-68,-2,-67,-1,-64,1,-65,2,-65,3,-55,7,-50,8,-50,3,-51,4,-56,5,-57,3,-53,1,-54,0,-60,3,-61,9,-59,4,-62,-2,-56,4,-43,1,-38,6,-37,17,-36,19,-40,14,-45,5,-49,-2,-51,-3,-54,7,-60,-6,-49,-8,-43,-9,-42,-2,-42,16,-40,18,-43,9,-48,7,-49,8,-45,11,-39,15,-38,17,-38,19,-41,23,-43,20,-43,13,-45,13,-44,16,-38,17,-34,17,-31,21,-27,24,-22,27,-19,27,-19,21,-13,17,-9,4,-2,-1,-1,0,0,0,0,-1,-1,0,0,0,0,-1,-1,-1,-1,-1,-1,2,-5,6,-16,3,-19,6,-28,10,-28,10,-18,8,-13,10,-15,17,-19,23,-22,22,-25,24,-27,30,-29,34,-32,37,-30,37,-18,35,-15,34,-21,33,-19,31,-13,30,-10,35,-12,42,-14,41,-12,45,-10,53,-13,49,-12,41,-15,43,2,47,0,50,-1,51,-3,52,-3,54,-3,52,-9,52,-14,55,-22,55,-31,53,-34,49,-24,49,-12,53,-8,59,-16,66,-24,63,-19,57,-16,59,-18,57,-18,54,-14,58,-9,61,-7,62,-11,63,-14,63,-9,63,-1,68,-7,70,-5,62,8,7,1]"
CSI_DATA,5981,1a:00:00:00:00:00,-6,11,1,0,1,1,1,0,0,0,0,-96,0,11,2,111579782,0,47,1,384,1,"[47,-16,2,0,0,0,0,0,0,0,-5,-15,-18,-60,-17,-61,-20,-67,-19,-70,-12,-62,-10,-57,-11,-54,-12,-55,-18,-61,-20,-63,-18,-66,-24,-68,-33,-65,-25,-67,-15,-68,-34,-56,-42,-46,-20,-42,-13,-39,-5,-39,0,-41,-11,-40,-25,-35,-39,-30,-37,-38,-35,-48,-23,-26,-47,-51,-43,-48,-48,-50,-40,-47,-20,-48,-17,-46,-23,-37,-24,-36,-26,-31,-26,-30,-19,-40,-13,-40,-11,-42,-11,-52,-20,-51,-32,-40,-28,-34,-18,-38,-12,-38,-7,-31,-5,-32,0,-38,3,-40,2,-33,8,-19,15,-7,4,-1,0,0,0,0,0,0,0,0,-1,-1,-2,-8,-10,-57,-9,-58,-13,-60,-9,-68,-11,-70,-12,-68,-11,-69,-12,-66,-12,-55,-9,-50,-8,-48,-8,-48,-4,-55,-5,-58,-14,-53,-19,-54,-20,-64,-18,-67,-12,-60,-18,-57,-23,-56,-16,-49,-15,-41,-13,-41,-5,-44,-3,-45,-10,-42,-21,-44,-26,-49,-28,-52,-27,-57,-31,-37,-29,-29,-25,-28,-21,-32,-11,-39,-9,-42,-16,-42,-17,-47,-15,-47,-14,-42,-9,-41,-6,-39,-7,-36,-6,-35,-7,-35,-18,-42,-21,-45,-10,-39,-6,-34,-8,-29,-5,-27,4,-28,10,-25,9,-23,7,-17,7,-9,1,-2,-1,-1,-1,-1,-1,-1,-1,-1,-1,-1,-1,-1,-1,-1,-1,-1,-1,-1,0,-2,3,-11,8,-16,21,-19,25,-19,13,-14,4,-8,7,-7,13,-10,19,-8,23,-8,26,-15,31,-15,37,-14,38,-11,32,-4,37,-4,43,-11,33,-7,27,-2,32,-6,39,-9,41,-6,38,-1,46,4,57,5,52,3,49,-6,44,4,48,3,46,3,44,2,48,3,52,6,54,0,59,-9,63,-11,64,-14,59,-19,51,-19,47,-14,48,-12,59,-15,73,-16,72,-15,63,-18,60,-19,57,-17,56,-18,58,-15,61,-10,63,-15,63,-20,62,-14,64,-2,72,-6,74,-8,65,-9,7,-2]"
CSI_DATA,5982,1a:00:00:00:00:00,-5,11,1,0,1,1,1,0,0,0,0,-96,0,11,2,111590781,0,47,1,384,1,"[47,-16,2,0,0,0,0,0,0,0,-17,-6,-67,-22,-70,-15,-75,-10,-72,-15,-64,-13,-59,-12,-56,-9,-55,-7,-60,-10,-66,-6,-67,1,-64,7,-69,5,-70,-6,-64,-9,-68,8,-70,18,-55,14,-44,14,-45,8,-49,1,-49,2,-39,15,-33,35,-43,32,-58,18,-26,16,-38,41,-45,24,-50,21,-44,26,-46,25,-50,32,-46,41,-50,40,-51,38,-47,36,-47,26,-40,11,-40,6,-53,11,-52,21,-43,40,-40,43,-44,29,-45,21,-40,19,-37,24,-41,19,-46,8,-38,12,-23,7,-15,-9,-4,-4,0,0,0,0,0,0,0,0,-1,-1,-6,-2,-48,-11,-57,-11,-60,-11,-56,-20,-61,-25,-62,-20,-64,-17,-64,-15,-60,-11,-56,-9,-52,-6,-50,-2,-51,-10,-54,-11,-57,1,-62,7,-70,-4,-67,-11,-57,-5,-57,6,-62,6,-55,6,-47,11,-48,9,-48,3,-43,2,-41,12,-48,22,-54,19,-54,15,-49,14,-35,28,-32,26,-31,22,-34,22,-42,22,-44,28,-41,31,-43,27,-43,27,-44,26,-46,19,-39,11,-33,14,-32,19,-33,21,-39,30,-41,35,-38,24,-37,16,-39,17,-41,20,-37,14,-33,4,-34,1,-33,1,-28,4,-7,1,-1,-1,-1,-1,-1,-1,-1,-1,-1,-1,-1,-1,-1,-1,-1,-1,-1,-1,0,-6,6,-22,13,-17,21,-10,22,-13,14,-22,9,-24,8,-21,9,-18,14,-10,25,-6,36,-12,35,-16,33,-18,33,-19,28,-14,38,-9,49,-12,39,-15,32,-14,33,-14,31,-18,32,-19,36,-14,47,-7,55,-8,48,-16,45,-26,45,-19,48,-22,43,-29,37,-33,41,-25,44,-20,42,-30,44,-38,48,-37,44,-39,41,-42,36,-43,33,-45,32,-48,38,-47,46,-46,42,-54,31,-59,27,-57,27,-57,23,-62,22,-62,27,-58,29,-59,27,-60,28,-55,33,-38,45,-48,43,-60,21,-67,1,-9]"
CSI_DATA,5983,1a:00:00:00:00:00,-5,11,1,0,1,1,1,0,0,0,0,-96,0,11,2,111601781,0,47,1,384,1,"[47,-16,2,0,0,0,0,0,0,0,-17,1,-66,4,-66,10,-70,14,-73,11,-68,12,-63,13,-57,15,-51,15,-56,10,-61,16,-61,29,-57,38,-62,35,-66,23,-61,17,-62,27,-60,34,-46,31,-38,32,-43,30,-50,30,-47,28,-30,27,-17,43,-26,47,-39,35,-15,23,-22,55,-34,41,-37,36,-28,39,-28,45,-26,55,-21,62,-26,59,-25,54,-21,50,-23,41,-22,30,-20,25,-23,26,-24,33,-19,53,-16,58,-19,43,-23,34,-18,32,-11,36,-17,28,-25,18,-19,23,-11,17,-12,7,-4,1,0,0,0,0,0,0,0,0,-1,-1,-6,-1,-51,-4,-64,-5,-66,-7,-54,-14,-59,-9,-61,-5,-63,0,-64,2,-59,4,-57,4,-52,11,-47,16,-50,7,-54,4,-60,14,-65,20,-67,13,-64,6,-56,9,-54,14,-55,14,-49,15,-44,17,-47,16,-49,14,-43,15,-37,22,-39,29,-43,25,-41,20,-47,15,-30,33,-27,32,-22,33,-24,36,-32,34,-32,37,-31,39,-34,38,-31,38,-31,36,-34,28,-28,20,-21,23,-20,28,-22,28,-28,33,-29,40,-24,35,-26,26,-32,23,-31,27,-25,20,-21,9,-23,6,-27,6,-28,7,-7,2,-1,-1,-1,-1,0,0,0,0,-1,-1,-1,-1,-1,-1,-1,-1,-1,-1,0,-4,2,-14,5,-12,11,-8,15,-10,10,-16,6,-21,4,-23,6,-20,11,-11,20,-9,29,-16,27,-20,27,-18,27,-19,21,-21,33,-21,47,-20,36,-20,25,-24,24,-26,19,-26,21,-24,31,-22,43,-16,49,-15,43,-25,41,-30,39,-29,45,-34,42,-42,36,-43,35,-37,31,-33,27,-39,35,-46,40,-46,34,-48,28,-51,25,-52,22,-57,22,-62,27,-59,33,-57,31,-64,23,-68,17,-61,16,-59,13,-67,11,-68,14,-63,16,-62,16,-63,14,-60,21,-41,27,-50,25,-66,8,-74,-1,-10]"
CSI_DATA,5984,1a:00:00:00:00:00,-6,11,1,0,1,1,1,0,0,0,0,-96,0,11,2,111612781,0,47,1,384,1,"[47,-16,2,0,0,0,0,0,0,0,-15,11,-54,43,-42,48,-37,55,-45,54,-44,53,-38,53,-31,52,-24,48,-24,41,-25,48,-21,64,-14,71,-21,69,-28,60,-24,53,-20,58,-18,57,-8,48,4,46,-3,50,-10,54,-10,50,-3,37,16,38,22,50,12,52,15,24,40,47,18,47,15,39,26,32,33,33,41,35,42,38,34,43,31,45,31,38,23,36,14,37,12,30,12,25,23,33,46,43,50,40,32,34,20,32,20,27,28,20,23,22,10,30,15,31,14,26,3,26,0,7,0,0,0,0,0,0,0,0,-1,-1,-7,0,-56,8,-60,19,-55,27,-50,22,-51,28,-48,30,-47,32,-49,33,-48,35,-46,41,-39,47,-32,45,-33,38,-34,38,-33,46,-32,51,-37,46,-37,39,-28,41,-21,45,-23,40,-22,33,-17,35,-22,39,-26,39,-19,38,-12,38,-9,39,-7,39,-5,38,-19,36,9,38,6,42,12,41,17,39,12,35,11,39,11,45,9,44,10,42,9,41,2,36,0,29,7,28,15,31,18,35,18,40,16,41,12,35,6,32,0,37,2,37,3,27,-2,21,-6,25,-11,27,-13,23,-4,5,-1,-1,-1,-1,-1,-1,-1,-1,-1,-1,-1,-1,-1,-1,-1,-1,-1,-1,0,-7,2,-25,4,-18,8,-11,10,-13,7,-18,7,-19,6,-23,1,-25,4,-20,17,-15,30,-18,28,-22,22,-23,21,-27,20,-30,32,-28,42,-26,33,-28,25,-33,22,-33,19,-34,22,-36,28,-36,33,-28,36,-23,34,-34,38,-38,36,-36,40,-39,36,-48,30,-52,23,-53,16,-50,13,-47,20,-51,24,-51,12,-51,5,-55,4,-60,1,-65,2,-68,6,-64,10,-60,4,-66,-6,-68,-11,-60,-13,-59,-20,-66,-21,-68,-17,-63,-14,-60,-16,-63,-20,-62,-1,-52,-4,-54,-12,-62,-22,-68,-4,-9]"
CSI_DATA,5985,1a:00:00:00:00:00,-5,11,1,0,1,1,1,0,0,0,0,-96,0,11,2,111623780,0,47,1,384,1,"[47,-16,2,0,0,0,0,0,0,0,-14,8,-53,35,-45,43,-46,49,-53,47,-47,46,-41,46,-35,47,-29,44,-33,38,-34,46,-27,62,-20,69,-27,68,-34,58,-29,51,-23,58,-19,59,-10,48,-2,46,-8,52,-13,57,-11,52,2,40,21,44,21,52,6,48,12,23,35,51,12,53,9,47,20,42,27,45,39,47,43,47,33,50,29,50,31,42,25,39,18,39,18,33,18,27,24,31,46,39,51,42,34,36,24,31,25,25,33,21,26,24,12,26,14,25,13,21,7,19,1,5,0,0,0,0,0,0,0,0,-1,-1,-7,1,-55,11,-64,21,-64,25,-53,16,-51,21,-49,25,-52,30,-53,32,-49,32,-49,33,-42,39,-34,40,-36,34,-39,33,-40,43,-39,52,-43,46,-43,37,-33,39,-27,44,-28,42,-27,37,-23,38,-25,41,-27,41,-20,38,-10,39,-6,44,-7,41,-8,36,-24,35,4,40,4,43,12,43,14,44,7,43,8,44,10,46,6,47,8,45,9,44,2,40,0,33,8,30,16,31,17,32,18,40,21,44,18,38,9,34,4,37,8,36,6,28,-2,21,-7,24,-12,26,-11,21,-3,4,-1,-1,-1,-1,-1,-1,-1,-1,-1,-1,-1,-1,-1,0,-1,-1,0,-3,2,-6,10,-16,11,-11,12,-5,14,-6,14,-11,13,-17,11,-21,11,-21,15,-14,22,-8,31,-7,32,-12,28,-16,31,-19,32,-19,40,-19,46,-18,40,-19,32,-21,26,-25,23,-29,28,-27,35,-20,40,-17,44,-20,43,-25,45,-24,39,-34,40,-39,39,-42,35,-45,29,-45,28,-44,27,-45,27,-47,30,-49,29,-51,21,-53,13,-56,10,-60,12,-64,16,-64,16,-65,14,-66,9,-67,3,-64,-4,-66,-7,-66,-7,-65,-5,-65,-6,-65,-5,-61,-6,-59,6,-52,0,-55,-9,-58,-19,-64,-4,-13]"
CSI_DATA,5986,1a:00:00:00:00:00,-6,11,1,0,1,1,1,0,0,0,0,-96,0,11,2,111634780,0,47,1,384,1,"[47,-16,2,0,0,0,0,0,0,0,-16,11,-58,44,-45,47,-40,54,-47,54,-44,54,-37,53,-30,51,-24,47,-25,44,-25,51,-18,65,-9,72,-15,72,-24,64,-22,55,-17,60,-15,61,-6,49,4,45,-1,49,-7,54,-8,51,-1,37,23,35,30,45,17,51,16,22,43,39,22,42,16,39,26,32,34,32,43,32,44,34,38,40,35,40,34,32,29,30,20,30,16,23,13,22,23,30,48,34,55,31,38,28,24,27,21,20,30,13,26,20,14,29,18,26,16,19,5,20,0,5,0,0,0,0,0,0,0,0,-1,-1,-8,0,-60,9,-63,18,-60,23,-53,17,-53,28,-50,30,-47,32,-48,33,-46,35,-45,40,-37,45,-30,45,-33,39,-35,39,-33,48,-30,54,-35,49,-37,42,-29,43,-21,46,-22,43,-22,36,-18,38,-22,41,-25,40,-18,39,-10,39,-6,39,-4,38,-4,38,-18,39,11,36,8,40,13,38,18,36,12,35,10,39,10,44,9,44,11,40,9,37,3,33,2,26,9,24,17,28,20,33,20,38,19,39,18,31,12,28,2,34,4,34,6,26,0,19,-5,21,-10,24,-10,22,-3,5,-1,-1,-1,-1,-1,-1,-1,-1,-1,-1,-1,-1,-1,-1,-1,-1,-1,-1,-1,-5,0,-20,5,-16,9,-9,11,-10,8,-15,9,-18,9,-22,6,-21,6,-14,15,-9,29,-14,28,-18,23,-18,20,-21,18,-25,32,-24,44,-21,34,-23,25,-29,22,-28,19,-29,23,-32,29,-32,35,-24,39,-20,36,-30,38,-38,39,-36,43,-39,38,-48,32,-51,27,-49,20,-45,16,-45,24,-51,29,-52,18,-52,8,-56,5,-60,4,-63,5,-66,10,-63,14,-60,9,-66,-1,-68,-6,-61,-9,-59,-15,-66,-18,-67,-14,-63,-12,-61,-14,-64,-18,-62,-1,-49,-2,-54,-9,-64,-18,-68,-3,-9]"
CSI_DATA,5987,1a:00:00:00:00:00,-5,11,1,0,1,1,1,0,0,0,0,-96,0,11,2,111645787,0,47,1,384,1,"[47,-16,2,0,0,0,0,0,0,0,15,3,62,16,67,12,74,10,72,15,61,12,56,10,54,8,53,8,57,13,63,8,67,-1,65,-7,70,-5,70,7,64,9,68,-7,70,-16,56,-13,46,-13,46,-6,52,1,52,-1,42,-17,36,-37,44,-30,55,-12,25,-13,44,-36,52,-19,55,-15,47,-21,48,-20,53,-28,50,-37,53,-34,54,-32,51,-32,52,-21,43,-8,40,-5,49,-8,50,-18,47,-37,45,-39,43,-23,43,-15,39,-16,39,-23,43,-17,45,-4,36,-8,19,-7,8,6,1,2,0,0,0,0,0,0,0,0,-1,-1,5,1,45,15,55,19,58,21,47,27,53,27,57,22,61,19,60,19,54,14,51,12,49,9,47,5,47,13,50,15,57,5,64,2,68,13,63,18,57,12,57,6,58,5,52,2,47,-2,48,1,47,6,42,4,41,-6,49,-13,54,-7,52,-3,51,2,40,-19,38,-19,35,-19,38,-17,47,-12,50,-17,47,-21,49,-17,48,-17,48,-16,49,-8,41,-2,35,-7,33,-12,34,-12,44,-16,49,-21,41,-15,37,-6,40,-5,43,-7,36,-5,29,3,30,5,30,5,27,4,6,0,-1,-1,-1,-1,-1,-1,-1,-1,-1,-1,-1,-1,-1,-1,0,0,0,2,-2,5,-9,18,-12,15,-16,12,-17,14,-14,19,-11,23,-6,22,-8,18,-16,11,-26,9,-34,13,-34,17,-30,19,-32,20,-34,17,-40,16,-43,16,-37,17,-33,17,-30,19,-27,21,-31,19,-37,13,-45,12,-52,16,-48,19,-56,20,-46,24,-45,30,-44,31,-42,31,-39,30,-42,28,-41,31,-42,34,-45,37,-47,41,-41,44,-34,44,-32,46,-35,46,-39,48,-41,52,-39,53,-35,55,-31,57,-25,59,-25,56,-27,54,-29,57,-29,57,-31,51,-34,50,-44,39,-44,41,-41,48,-33,58,-7,11]"
CSI_DATA,5988,1a:00:00:00:00:00,-6,11,1,0,1,1,1,0,0,0,0,-96,0,11,2,111656779,0,47,1,384,1,"[47,-16,2,0,0,0,0,0,0,0,-18,7,-67,28,-54,33,-51,40,-59,40,-56,39,-51,41,-44,41,-37,38,-39,35,-40,41,-35,57,-28,66,-35,63,-43,52,-40,46,-36,52,-33,52,-23,44,-14,45,-18,49,-22,54,-23,49,-13,36,8,42,10,53,-3,51,6,25,24,54,4,50,-1,45,10,43,18,47,27,51,29,54,21,56,17,53,19,44,13,39,7,35,6,27,3,23,5,33,24,49,34,50,23,39,12,32,12,27,23,26,15,29,-2,29,3,29,4,23,-5,19,-2,5,0,0,0,0,0,0,0,0,-1,-1,-7,0,-57,4,-65,12,-62,15,-53,8,-57,17,-55,20,-55,23,-55,24,-53,24,-53,27,-46,35,-39,37,-41,31,-45,30,-46,40,-45,48,-47,42,-48,32,-41,34,-34,40,-34,37,-33,30,-30,31,-33,34,-35,33,-29,33,-22,36,-18,39,-18,37,-18,35,-31,30,-4,38,-7,42,-1,42,4,42,-1,40,-4,42,-6,46,-8,46,-6,43,-6,38,-11,32,-10,27,-3,28,3,33,3,35,0,40,2,43,4,36,-1,31,-11,32,-9,33,-4,26,-8,16,-14,15,-20,16,-21,15,-5,3,-1,-1,0,0,0,0,-1,-1,0,0,0,0,-1,-1,-1,-1,-1,-1,-2,-4,-5,-16,1,-14,8,-10,11,-10,8,-13,7,-17,5,-22,3,-20,5,-13,15,-10,27,-17,25,-22,22,-19,19,-20,16,-24,31,-26,44,-23,34,-22,23,-29,19,-29,16,-29,20,-32,26,-32,34,-24,39,-19,35,-29,33,-37,38,-36,41,-40,36,-48,32,-50,29,-46,21,-42,17,-44,25,-52,31,-54,22,-52,14,-55,11,-59,9,-64,10,-67,14,-64,19,-61,16,-65,7,-66,1,-61,-2,-61,-7,-69,-9,-70,-6,-64,-4,-61,-4,-63,-8,-62,3,-48,4,-54,0,-63,-12,-69,-3,-10]"
CSI_DATA,5989,1a:00:00:00:00:00,-6,11,1,0,1,1,1,0,0,0,0,-96,0,11,2,111668819,0,47,1,384,1,"[47,-16,2,0,0,0,0,0,0,0,12,-13,51,-48,47,-49,48,-53,52,-52,46,-44,41,-40,38,-39,39,-43,42,-51,39,-53,41,-51,37,-55,32,-61,44,-57,49,-51,27,-66,14,-70,21,-46,20,-34,24,-31,29,-29,25,-33,11,-39,-7,-49,-1,-56,16,-62,4,-35,-1,-65,6,-58,7,-60,5,-56,16,-52,17,-52,5,-49,3,-51,0,-48,-2,-46,11,-49,17,-40,19,-38,26,-50,15,-55,-3,-51,-1,-47,10,-50,13,-48,12,-38,13,-38,23,-38,31,-34,23,-32,17,-20,17,-5,4,0,0,0,0,0,0,0,0,0,-1,-1,6,-3,50,-16,51,-19,53,-26,61,-19,61,-30,59,-33,57,-34,54,-35,46,-34,42,-30,40,-28,38,-29,43,-26,46,-27,42,-36,42,-41,49,-40,53,-38,47,-35,41,-41,39,-46,35,-36,27,-30,26,-29,31,-25,33,-21,28,-25,25,-38,27,-45,30,-48,44,-42,15,-44,10,-34,10,-29,12,-31,22,-31,23,-33,20,-35,25,-37,26,-38,24,-33,27,-28,27,-23,22,-23,19,-25,18,-27,22,-39,24,-43,23,-31,23,-21,20,-21,19,-22,22,-15,24,-5,24,-4,22,-6,17,-4,4,-1,-1,-1,-1,-1,0,0,0,0,-1,-1,-1,-1,-1,-1,-1,-1,-1,-1,1,0,9,3,15,12,16,26,15,28,15,14,11,6,8,9,9,14,5,20,4,27,11,31,11,32,10,36,10,37,3,33,-1,37,4,43,6,34,3,30,5,37,7,42,5,41,-1,38,-6,47,-6,58,-1,51,6,46,-1,47,3,49,5,44,4,41,-1,49,-3,55,6,56,14,59,14,61,19,59,26,55,25,50,21,47,20,48,21,56,22,68,25,67,29,56,29,52,29,51,31,51,29,53,26,55,33,57,37,57,29,56,5,58,10,69,15,73,14,61,1,6]"
CSI_DATA,5990,1a:00:00:00:00:00,-5,11,1,0,1,1,1,0,0,0,0,-96,0,11,2,111678779,0,47,1,384,1,"[47,-16,2,0,0,0,0,0,0,0,-18,5,-66,21,-56,27,-58,34,-66,32,-62,31,-58,34,-51,37,-43,36,-43,30,-45,36,-44,51,-39,61,-44,58,-48,45,-43,39,-41,46,-38,46,-26,42,-18,46,-23,49,-28,53,-25,47,-13,36,5,44,3,53,-11,47,4,25,22,57,3,52,0,46,9,46,15,50,25,56,27,59,18,60,14,55,18,46,13,40,6,39,6,31,6,24,8,31,26,49,34,51,22,41,14,33,15,29,25,29,18,28,2,25,5,26,5,23,-4,20,-2,5,0,0,0,0,0,0,0,0,-1,-1,-7,-1,-56,-1,-63,5,-61,7,-51,3,-57,10,-56,13,-57,17,-58,19,-56,19,-56,21,-51,28,-43,32,-44,26,-47,24,-51,33,-53,42,-55,37,-53,28,-44,30,-38,35,-37,33,-35,29,-32,30,-34,32,-36,32,-30,32,-22,35,-20,39,-21,38,-21,34,-36,31,-6,41,-6,42,1,43,4,45,-2,43,-4,44,-5,47,-7,47,-4,45,-3,42,-9,36,-9,30,-2,31,5,34,5,35,4,41,5,45,6,39,1,34,-6,34,-3,34,-1,26,-6,18,-14,20,-20,21,-20,19,-5,4,-1,-1,-1,-1,-1,-1,0,0,-1,-1,-1,-1,-1,-1,-1,-1,-1,-1,1,-4,7,-14,8,-10,10,-4,14,-5,15,-9,15,-13,14,-18,12,-17,12,-9,19,-3,31,-5,32,-10,30,-10,30,-12,28,-16,41,-12,51,-5,39,-10,30,-20,28,-20,25,-20,28,-22,35,-19,42,-9,47,-5,46,-18,45,-28,46,-24,49,-27,48,-35,45,-38,40,-36,31,-35,28,-37,38,-42,42,-42,32,-44,26,-49,24,-53,24,-59,26,-65,27,-61,30,-55,29,-61,23,-64,15,-59,12,-60,9,-68,6,-71,7,-65,8,-63,10,-64,7,-62,13,-45,17,-51,11,-64,-5,-70,-2,-9]"
CSI_DATA,5991,1a:00:00:00:00:00,-5,11,1,0,1,17,45,21,47,25,52,19,59,13,64,13,65,9,61,3,54,1,51,6,53,9,63,9,75,12,74,13,66,8,63,6,62,5,62,4,62,7,61,11,63,7,64,3,62,10,57,2575,12,74,13,66,8,63,6,62,5,62,4,62,7,61,11,63,7,64,3,62,10,57,2575,12,74,13,66,8,63,6,62,5,62,4,62,7,61,11,63,7,64,3,62,10,57,2575,12,74,13,66,8,63,6,62,5,62,4,62,7,61,11,63,7,64,3,62,10,57,2575,12,74,13,66,8,63,6,62,5,62,4,62,7,61,11,63,7,64,3,62,10,57,2575,12,74,13,66,8,63,6,62,5,62,4,62,7,61,11,63,7,64,3,62,10,57,2575,12,74,13,66,8,63,6,62,5,62,4,62,7,61,11,63,7,64,3,62,10,57,2575,12,74,13,66,8,63,6,62,5,62,4,62,7,61,11,63,7,64,3,62,10,57,2575,12,74,13,66,8,63,6,62,5,62,4,62,7,61,11,63,7,64,3,62,10,57,2575,12,74,13,66,8,63,6,62,5,62,4,62,7,61,11,63,7,64,3,62,10,57,2575,12,74,13,66,8,63,6,62,5,62,4,62,7,61,11,63,7,64,3,62,10,57,2575,12,74,13,66,8,63,6,62,5,62,4,6A,5996,1a:00:00:00:00:00,-5,11,,65,25,72,25,68,21,8,2]"
CSI_DATA,5996,1a:00:00:00:00:00,-5,11,,65,25,72,25,68,21,8,2]"
CSI_DATA,5996,1a:00:00:00:00:00,-5,11,,65,25,72,25,68,21,8,2]"
CSI_DATA,5996,1a:00:00:00:00:00,-5,11,,65,25,72,25,68,21,8,2]"
CSI_DATA,5996,1a:00:00:00:00:00,-5,11,,65,25,72,25,68,21,8,2]"
CSI_DATA,5996,1a:00:00:00:00:00,-5,11,,65,25,72,25,68,21,8,2]"
CSI_DATA,5996,1a:00:00:00:00:00,-5,11,,65,25,72,25,68,21,8,2]"
CSI_DATA,5996,1a:00:00:00:00:00,-5,11,,65,25,72,25,68,21,8,2]"
CSI_DATA,5996,1a:00:00:00:00:00,-5,11,,65,25,72,25,68,21,8,2]"
CSI_DATA,5996,1a:00:00:00:00:00,-5,11,,65,25,72,25,68,21,8,2]"
CSI_DATA,5996,1a:00:00:00:00:00,-5,11,,65,25,72,25,68,21,8,2]"
CSI_DATA,5996,1a:00:00:00:00:00,-5,11,,65,25,72,25,68,21,8,2]"
CSI_DATA,5996,1a:00:00:00:00:00,-5,11,,65,25,72,25,68,21,8,2]"
CSI_DATA4777,0,47,1,384,1,"[47,-16,2,0,0,0,0,0,0,0,-1,-15,-3,-57,-1,-58,-1,-65,3,-68,13,-60,13,-58,6,-58,2,-59,-1,-63,2,-61,10,-62,2,-70,-9,-69,1,-64,10,-64,-7,-62,-14,-54,0,-46,-3,-43,4,-41,20,-37,16,-39,0,-44,-21,-47,-23,-53,-16,-55,-9,-33,-15,-73,-12,-71,-17,-71,-13,-62,2,-52,5,-51,-3,-49,-10,-46,-7,-42,0,-39,3,-44,4,-48,6,-50,9,-54,3,-55,-3,-54,1,-52,2,-49,4,-43,14,-36,19,-38,19,-43,21,-44,20,-37,16,-21,20,-10,5,-2,0,0,0,0,0,0,0,0,-1,-1,1,-6,14,-48,15,-52,12,-57,14,-66,8,-67,8,-66,9,-67,8,-65,7,-54,11,-49,13,-49,9,-51,12,-56,13,-57,7,-52,6,-53,8,-61,11,-60,15,-56,9,-61,3,-59,6,-47,4,-41,7,-38,19,-36,22,-38,16,-42,5,-49,0,-54,0,-56,11,-58,-4,-48,-5,-43,-6,-42,-2,-41,15,-38,18,-41,11,-48,11,-52,12,-48,14,-40,18,-36,18,-35,18,-37,23,-40,21,-40,13,-44,13,-45,19,-39,20,-34,19,-31,20,-26,22,-22,25,-19,26,-19,20,-15,16,-9,3,-2,-1,-1,-1,-1,-1,-1,0,0,-1,-1,-1,-1,-1,-1,-1,-1,-1,-1,2,-4,6,-14,7,-19,16,-25,20,-23,14,-14,10,-10,13,-11,21,-15,29,-17,28,-16,28,-19,32,-20,36,-23,40,-20,39,-7,38,-5,39,-13,37,-11,33,-4,31,-3,37,-5,45,-5,43,-1,47,2,55,1,49,-2,41,-13,41,7,44,6,46,7,47,7,50,7,54,8,53,1,54,-6,60,-10,63,-18,60,-21,51,-15,48,-5,52,-1,62,-7,72,-12,67,-9,59,-8,61,-9,60,-9,58,-6,60,-1,62,2,62,-3,63,-8,63,-3,60,5,67,3,73,5,66,9,7,1]"
CSI_DATA,5997,1a:00:00:00:00:00,-6,11,1,0,1,1,1,0,0,0,0,-96,0,11,2,111755777,0,47,1,384,1,"[47,-16,2,0,0,0,0,0,0,0,-7,-14,-26,-54,-24,-54,-28,-60,-27,-65,-15,-60,-11,-57,-18,-57,-24,-58,-32,-59,-31,-59,-22,-64,-29,-65,-40,-59,-31,-63,-23,-66,-38,-50,-39,-37,-21,-40,-18,-39,-8,-40,1,-43,-10,-41,-24,-35,-39,-29,-40,-35,-35,-42,-23,-25,-50,-52,-49,-47,-56,-47,-45,-47,-23,-48,-21,-45,-25,-34,-24,-31,-25,-29,-24,-29,-19,-40,-12,-43,-12,-44,-16,-51,-24,-48,-31,-40,-27,-36,-19,-37,-13,-34,-4,-28,1,-34,0,-40,-1,-40,2,-32,10,-19,17,-10,4,-2,0,0,0,0,0,0,0,0,-1,-1,0,-7,5,-54,3,-56,-4,-60,-4,-66,-14,-66,-13,-67,-12,-68,-12,-64,-9,-54,-5,-52,-6,-53,-8,-51,-5,-56,-4,-57,-11,-52,-16,-53,-17,-61,-15,-64,-11,-60,-17,-56,-19,-54,-8,-48,-9,-43,-7,-42,0,-45,0,-46,-5,-44,-14,-45,-20,-49,-23,-50,-18,-56,-25,-40,-26,-32,-28,-31,-22,-34,-5,-39,-5,-41,-14,-40,-14,-44,-12,-43,-11,-39,-7,-40,-2,-39,-3,-39,-4,-41,-7,-39,-19,-42,-18,-44,-6,-40,0,-36,-1,-32,3,-29,10,-27,12,-26,9,-24,7,-16,6,-8,1,-2,0,0,0,0,-1,-1,-1,-1,0,0,0,0,0,0,-1,-1,-1,-1,2,-2,7,-9,7,-14,15,-21,22,-19,17,-13,10,-9,11,-10,16,-12,21,-11,22,-14,27,-18,34,-16,40,-14,40,-13,37,-7,39,-6,38,-12,31,-11,29,-2,32,-3,37,-6,41,-3,40,-2,47,-2,58,-1,55,1,48,0,45,2,49,4,50,5,48,2,49,3,52,5,53,0,57,-7,61,-12,62,-20,58,-23,51,-19,49,-11,53,-7,62,-14,73,-19,71,-15,64,-16,62,-19,59,-19,59,-17,61,-13,60,-10,61,-13,63,-15,63,-11,67,5,73,-1,75,-2,65,4,7,0]"
CSI_DATA,5998,1a:00:00:00:00:00,-6,11,1,0,1,1,1,0,0,0,0,-96,0,11,2,111766776,0,47,1,384,1,"[47,-16,2,0,0,0,0,0,0,0,4,-15,17,-58,20,-60,20,-66,22,-67,27,-57,26,-52,21,-54,20,-60,19,-66,19,-60,22,-56,15,-63,4,-63,12,-57,23,-58,8,-62,-3,-57,8,-48,5,-45,12,-41,25,-35,22,-37,7,-42,-14,-47,-15,-53,-8,-58,-6,-34,-9,-72,-5,-70,-10,-70,-7,-63,8,-54,13,-51,6,-51,-2,-51,-4,-44,2,-40,5,-46,7,-47,8,-47,10,-55,5,-57,-3,-53,2,-48,4,-49,6,-47,15,-39,20,-42,23,-48,28,-45,24,-35,18,-20,20,-7,5,-1,0,0,0,0,0,0,0,0,-1,-1,4,-5,33,-37,31,-43,31,-50,37,-57,32,-61,32,-61,31,-62,30,-59,25,-50,25,-43,27,-44,27,-48,32,-53,32,-52,23,-47,21,-49,26,-54,29,-52,31,-46,26,-52,21,-55,20,-45,14,-40,16,-35,27,-30,31,-32,25,-36,17,-44,14,-52,15,-56,31,-55,8,-48,3,-43,1,-42,6,-41,22,-33,27,-34,23,-43,22,-47,19,-44,19,-37,23,-31,24,-28,24,-29,28,-32,27,-33,17,-40,17,-42,25,-35,26,-32,23,-28,23,-23,24,-19,27,-16,27,-13,22,-8,18,-4,4,-1,0,0,0,0,0,0,-1,-1,0,0,0,0,-1,-1,-1,-1,-1,-1,3,-2,12,-8,16,-12,27,-12,28,-8,18,-3,12,-2,16,-2,25,-1,31,1,30,1,32,0,37,2,43,3,45,9,38,19,35,19,40,12,36,8,27,11,27,16,34,19,40,22,37,22,40,27,46,30,40,27,38,17,30,30,34,29,36,30,37,29,38,30,42,33,48,27,52,21,57,21,62,16,61,11,52,13,46,20,46,24,57,22,69,23,65,23,57,20,58,19,59,19,57,19,56,23,56,26,58,23,59,20,57,26,52,33,59,35,61,39,52,35,5,3]"
CSI_DATA,5999,1a:00:00:00:00:00,-6,11,1,0,1,1,1,0,0,0,0,-96,0,11,2,111777776,0,47,1,384,1,"[47,-16,2,0,0,0,0,0,0,0,-3,-15,-8,-57,-6,-58,-7,-65,-5,-68,6,-61,8,-59,4,-59,0,-61,-6,-65,-4,-64,6,-67,-1,-73,-12,-70,-3,-66,6,-68,-11,-63,-15,-51,2,-45,1,-45,9,-41,21,-37,13,-40,-1,-43,-17,-47,-16,-51,-11,-53,-7,-33,-12,-73,-14,-69,-20,-70,-10,-61,7,-50,6,-48,-3,-43,-4,-38,-2,-36,2,-36,10,-41,15,-42,16,-44,17,-50,10,-52,2,-51,4,-47,9,-42,12,-34,16,-24,22,-25,24,-30,24,-32,22,-26,19,-10,17,2,4,1,0,0,0,0,0,0,0,0,-1,-1,1,-7,13,-52,13,-55,7,-60,6,-66,0,-66,1,-67,3,-70,4,-66,6,-54,10,-51,11,-52,9,-51,10,-56,10,-57,4,-53,0,-56,0,-63,4,-64,10,-61,3,-62,-1,-58,8,-47,5,-42,8,-41,18,-40,18,-43,12,-46,3,-49,-2,-53,-4,-55,-1,-58,-6,-46,-8,-41,-10,-43,-4,-43,13,-41,14,-44,4,-47,5,-48,6,-46,7,-41,12,-40,16,-39,16,-40,17,-43,14,-42,7,-46,8,-47,16,-39,17,-33,15,-29,18,-24,24,-18,25,-18,21,-19,14,-12,10,-4,2,-1,0,0,0,0,0,0,-1,-1,0,0,0,0,-1,-1,-1,-1,-1,-1,2,-3,7,-11,4,-16,10,-23,17,-24,14,-17,9,-12,11,-12,17,-14,22,-15,22,-18,24,-21,32,-21,38,-22,38,-19,36,-12,38,-11,37,-16,32,-13,32,-4,33,-4,37,-7,43,-6,41,-6,46,-5,56,-5,53,-6,46,-7,45,1,48,2,50,3,50,1,51,3,53,6,53,2,56,-5,60,-12,62,-21,59,-23,51,-18,49,-9,53,-4,62,-10,71,-16,69,-12,63,-12,63,-14,61,-12,60,-11,62,-7,60,-5,61,-8,64,-9,64,-5,64,7,69,2,74,1,67,6,7,0]"
CSI_DATA,6000,1a:00:00:00:00:00,-6,11,1,0,1,1,1,0,0,0,0,-96,0,11,2,111788776,0,47,1,384,1,"[47,-16,2,0,0,0,0,0,0,0,-5,-15,-17,-59,-16,-59,-19,-66,-16,-71,-5,-64,-1,-59,-9,-58,-16,-61,-21,-63,-19,-57,-14,-60,-23,-64,-32,-59,-19,-61,-9,-65,-25,-53,-32,-40,-18,-41,-16,-40,-6,-39,5,-41,-3,-40,-17,-36,-35,-32,-40,-38,-39,-44,-23,-25,-46,-54,-45,-53,-51,-51,-44,-49,-23,-49,-15,-44,-18,-37,-22,-36,-22,-34,-18,-33,-18,-43,-16,-49,-15,-49,-19,-52,-26,-48,-30,-42,-23,-40,-20,-41,-16,-38,-2,-35,2,-41,-1,-46,-1,-47,3,-42,9,-29,16,-20,4,-5,0,0,0,0,0,0,0,0,-1,-1,2,-6,19,-46,14,-51,8,-57,9,-65,-2,-66,0,-65,2,-66,2,-66,3,-57,5,-52,5,-52,2,-55,4,-61,4,-58,-3,-52,-7,-53,-8,-59,-5,-59,2,-56,-3,-56,-7,-54,0,-47,-2,-43,0,-39,9,-39,9,-41,3,-42,-6,-45,-13,-50,-17,-52,-7,-60,-19,-44,-20,-37,-24,-36,-18,-38,2,-40,6,-42,-3,-44,-5,-46,-6,-42,-4,-37,1,-38,2,-37,2,-39,6,-44,3,-43,-9,-41,-10,-41,0,-41,2,-40,3,-36,7,-32,13,-31,14,-29,14,-26,14,-18,13,-13,3,-4,-1,-1,-1,-1,-1,-1,0,0,-1,-1,-1,-1,-1,-1,-1,-1,-1,-1,3,-3,10,-11,10,-15,19,-19,23,-14,17,-6,13,-5,17,-6,23,-9,26,-12,27,-12,31,-12,38,-9,43,-10,45,-7,42,1,42,5,43,-1,38,-3,32,2,32,6,38,7,44,9,44,7,48,9,54,12,47,12,39,11,41,16,44,17,46,19,46,15,48,14,52,14,54,9,56,3,59,-2,60,-10,59,-14,55,-10,52,-1,54,3,64,-2,74,-4,69,-2,60,-2,59,-4,59,-6,59,-6,61,-2,61,1,63,-4,64,-7,63,0,63,17,70,11,71,12,60,19,6,2]"
CSI_DATA,6001,1a:00:00:00:00:00,-6,11,1,0,1,1,1,0,0,0,0,-96,0,11,2,111799776,0,47,1,384,1,"[47,-16,2,0,0,0,0,0,0,0,3,-13,16,-52,19,-54,20,-63,24,-63,31,-52,31,-50,27,-54,27,-59,24,-66,25,-60,33,-54,27,-64,14,-66,21,-59,31,-61,18,-63,10,-53,20,-44,15,-45,22,-39,36,-29,32,-31,19,-39,3,-48,3,-54,8,-53,6,-33,19,-73,18,-69,14,-73,16,-62,24,-45,26,-46,20,-47,14,-43,15,-38,19,-33,22,-34,24,-37,27,-38,30,-43,25,-47,19,-50,21,-45,22,-40,22,-32,27,-22,33,-20,35,-24,35,-27,30,-21,21,-8,18,2,4,1,0,0,0,0,0,0,0,0,-1,-1,5,-4,45,-25,45,-31,46,-39,51,-47,37,-54,40,-53,39,-55,37,-53,33,-41,34,-34,36,-35,33,-39,36,-44,37,-43,33,-41,33,-45,36,-49,40,-45,42,-41,39,-47,33,-46,29,-33,23,-30,27,-26,37,-19,40,-21,37,-28,31,-35,28,-41,29,-44,49,-36,26,-38,19,-35,17,-39,22,-36,33,-22,38,-24,35,-36,34,-35,33,-32,31,-28,31,-22,33,-19,35,-20,37,-22,35,-24,32,-29,33,-29,33,-18,32,-14,31,-14,30,-8,28,-1,30,0,29,-1,20,-1,13,1,3,0,-1,-1,-1,-1,-1,-1,-1,-1,-1,-1,-1,-1,0,0,0,0,0,0,4,-1,14,-3,12,-10,19,-16,25,-14,20,-8,13,-5,15,-4,24,-3,31,-3,32,-6,34,-7,40,-3,45,-2,44,1,37,8,37,7,39,2,35,4,31,11,29,13,35,14,43,15,41,14,43,18,51,24,49,23,43,22,37,28,40,28,43,29,43,29,42,31,44,32,48,28,51,25,57,19,65,10,64,8,55,14,47,22,47,28,56,25,66,22,64,23,58,23,59,24,59,22,57,23,56,27,53,26,53,25,55,28,55,32,47,42,53,42,53,47,42,42,4,4]"
CSI_DATA,6002,1a:00:00:00:00:00,-6,11,1,0,1,1,1,0,0,0,0,-96,0,11,2,111810783,0,47,1,384,1,"[47,-16,2,0,0,0,0,0,0,0,3,14,13,59,12,60,14,67,12,72,2,65,-1,60,5,61,10,63,17,63,17,58,12,63,22,67,32,59,22,60,12,65,25,51,29,37,15,40,13,40,3,39,-7,40,3,39,17,34,34,29,39,36,37,42,22,23,46,51,47,48,56,45,47,46,24,47,17,41,18,33,21,32,22,29,19,28,18,39,16,45,18,46,23,49,28,43,32,35,26,32,22,35,17,34,3,31,-1,37,1,41,3,41,0,37,-9,26,-18,18,-6,3,0,0,0,0,0,0,0,0,-1,-1,-4,5,-27,46,-22,52,-16,58,-17,63,-7,66,-8,66,-10,67,-11,64,-11,54,-13,50,-12,51,-11,54,-13,59,-14,56,-6,51,0,53,0,59,-3,60,-8,56,-4,54,-1,53,-8,46,-3,42,-4,38,-12,37,-13,40,-9,40,0,42,7,46,11,49,-6,56,12,42,17,35,21,34,14,35,-5,35,-8,37,0,40,2,43,2,40,0,35,-3,33,-4,32,-4,32,-6,35,-4,35,8,38,7,37,-5,34,-9,35,-7,32,-9,26,-15,24,-17,24,-13,22,-11,13,-12,8,-4,1,0,0,0,0,0,0,-1,-1,0,0,0,0,-1,-1,-1,-1,-1,-1,-4,0,-12,5,-13,10,-21,12,-26,8,-19,2,-13,2,-17,3,-23,5,-26,6,-27,6,-31,4,-37,-1,-42,-2,-43,-3,-38,-10,-38,-13,-41,-7,-35,-4,-28,-9,-29,-13,-35,-15,-42,-18,-42,-17,-44,-19,-49,-23,-45,-23,-40,-19,-39,-24,-42,-27,-44,-29,-44,-25,-46,-24,-50,-25,-53,-20,-56,-14,-61,-9,-65,-2,-64,2,-56,-2,-51,-10,-53,-14,-65,-11,-75,-9,-70,-11,-63,-9,-62,-6,-62,-4,-64,-4,-64,-7,-62,-9,-64,-7,-65,-6,-64,-11,-63,-27,-69,-21,-70,-21,-61,-24,-7,-3]"
CSI_DATA,6003,1a:00:00:00:00:00,-5,11,1,0,1,1,1,0,0,0,0,-96,0,11,2,111821775,0,47,1,384,1,"[47,-16,2,0,0,0,0,0,0,0,-5,-15,-16,-58,-15,-58,-17,-64,-12,-66,0,-59,2,-56,-4,-54,-8,-54,-11,-59,-8,-59,0,-64,-6,-69,-15,-69,-6,-67,2,-68,-17,-64,-23,-54,-7,-45,-7,-42,1,-39,16,-38,10,-42,-6,-45,-24,-46,-24,-50,-17,-54,-10,-34,-16,-74,-12,-70,-15,-69,-12,-59,3,-50,5,-52,-6,-50,-10,-46,-7,-43,-1,-40,5,-45,10,-47,13,-49,16,-54,9,-54,2,-52,5,-50,7,-47,8,-40,16,-32,21,-35,24,-41,28,-41,24,-32,16,-16,16,-2,4,0,0,0,0,0,0,0,0,0,-1,-1,0,-6,5,-49,5,-54,0,-58,3,-66,-5,-68,-6,-66,-5,-67,-5,-65,-4,-53,2,-48,4,-48,0,-48,2,-53,4,-56,-1,-53,-2,-55,1,-63,4,-64,9,-59,1,-62,-5,-60,0,-47,0,-40,4,-38,15,-37,18,-40,12,-44,2,-50,-3,-55,-2,-57,9,-59,-6,-49,-7,-43,-7,-41,-4,-40,13,-38,17,-42,8,-48,9,-51,12,-46,14,-40,18,-37,20,-37,20,-38,23,-41,21,-40,16,-44,16,-45,21,-38,21,-32,19,-28,20,-25,23,-19,27,-15,28,-16,20,-12,14,-6,3,-2,-1,-1,-1,-1,-1,-1,-1,-1,-1,-1,-1,-1,-1,-1,-1,-1,-1,-1,0,-4,-1,-15,-2,-20,2,-31,6,-32,5,-21,4,-14,6,-16,12,-22,19,-26,20,-28,17,-32,20,-35,24,-39,29,-37,32,-24,31,-22,30,-30,29,-26,29,-17,28,-18,32,-23,38,-24,38,-19,45,-17,54,-22,47,-23,35,-28,42,-12,44,-15,45,-15,45,-13,49,-12,52,-12,49,-17,48,-24,53,-30,54,-37,51,-40,45,-31,44,-20,48,-17,56,-25,65,-33,62,-30,54,-28,56,-29,56,-27,53,-24,57,-18,60,-15,61,-19,61,-23,61,-18,59,-9,66,-11,72,-9,64,-4,7,-1]"
CSI_DATA,6004,1a:00:00:00:00:00,-6,11,1,0,1,1,1,0,0,0,0,-96,0,11,2,111832775,0,47,1,384,1,"[47,-16,2,0,0,0,0,0,0,0,-4,-15,-13,-58,-10,-60,-13,-67,-12,-71,-2,-64,1,-59,-5,-60,-9,-63,-15,-65,-15,-62,-10,-66,-19,-70,-31,-64,-21,-64,-12,-66,-25,-54,-28,-42,-12,-44,-11,-44,-2,-42,8,-41,-2,-40,-16,-37,-32,-34,-34,-40,-30,-45,-20,-26,-43,-57,-42,-53,-49,-52,-39,-51,-18,-50,-15,-44,-18,-35,-18,-34,-19,-32,-18,-31,-15,-41,-10,-45,-11,-46,-15,-52,-22,-49,-29,-40,-24,-36,-17,-37,-11,-34,0,-28,5,-34,5,-40,3,-40,4,-35,12,-22,19,-12,5,-2,0,0,0,0,0,0,0,0,-1,-1,3,-5,31,-43,28,-50,24,-56,25,-62,10,-65,12,-67,14,-69,13,-64,13,-52,15,-48,14,-50,13,-53,15,-58,15,-56,7,-51,2,-54,3,-60,7,-61,11,-56,7,-55,6,-54,12,-46,5,-41,6,-39,16,-38,17,-40,11,-41,3,-44,-3,-48,-6,-50,13,-55,-8,-43,-14,-37,-18,-37,-10,-38,8,-35,9,-38,1,-42,2,-45,2,-42,2,-36,5,-35,7,-33,7,-34,9,-36,7,-36,-4,-41,-3,-42,8,-35,12,-33,10,-30,11,-24,17,-21,19,-22,14,-21,10,-13,10,-6,2,-2,-1,-1,-1,-1,-1,-1,-1,-1,-1,-1,-1,-1,-1,-1,-1,-1,-1,-1,3,-1,10,-3,10,-8,19,-12,25,-8,18,-3,12,-3,14,-4,21,-4,25,-4,26,-5,30,-4,36,0,41,1,41,3,37,9,38,12,41,6,33,2,26,7,26,11,33,14,40,18,41,16,44,17,50,23,47,24,42,24,40,23,42,26,43,28,42,24,42,23,46,26,51,22,55,16,60,11,64,5,62,1,54,3,50,11,51,17,62,12,73,11,69,12,63,10,62,7,62,6,63,6,61,9,58,10,60,8,62,9,61,14,59,32,67,28,68,29,57,28,6,3]"
CSI_DATA,6005,1a:00:00:00:00:00,-5,11,1,0,1,1,1,0,0,0,0,-96,0,11,2,111843775,0,47,1,384,1,"[47,-16,2,0,0,0,0,0,0,0,0,-15,2,-57,4,-59,3,-67,7,-69,17,-60,18,-57,11,-58,7,-61,4,-65,6,-60,14,-60,7,-69,-4,-68,7,-60,17,-62,1,-62,-9,-52,3,-46,1,-45,10,-41,25,-34,20,-35,6,-41,-15,-48,-18,-54,-11,-57,-6,-33,-7,-71,-6,-70,-13,-72,-9,-64,6,-53,12,-48,6,-47,-1,-46,0,-41,6,-36,9,-43,11,-49,13,-50,13,-53,8,-54,3,-54,7,-50,8,-48,10,-42,21,-32,26,-33,25,-38,27,-39,26,-33,22,-19,23,-9,6,-2,0,0,0,0,0,0,0,0,-1,-1,3,-5,28,-40,27,-44,27,-51,30,-60,20,-64,20,-62,21,-63,22,-63,19,-54,21,-47,22,-47,20,-51,23,-56,24,-54,18,-49,15,-51,18,-56,20,-54,25,-49,21,-55,16,-55,18,-44,13,-40,16,-36,26,-30,29,-32,25,-36,16,-43,12,-50,12,-53,28,-53,8,-47,3,-43,1,-43,7,-41,24,-32,29,-34,24,-42,23,-45,20,-41,20,-35,22,-31,23,-29,26,-31,31,-33,30,-33,21,-39,21,-40,27,-33,27,-30,25,-27,25,-21,26,-15,28,-12,29,-11,22,-7,17,-4,4,-1,-1,-1,-1,-1,-1,-1,0,0,-1,-1,-1,-1,-1,-1,-1,-1,-1,-1,3,-4,10,-14,9,-18,18,-24,22,-21,16,-12,12,-9,15,-10,24,-13,29,-14,28,-15,31,-16,38,-15,42,-17,45,-13,42,-3,40,-1,42,-7,39,-7,34,-1,33,2,39,4,46,4,44,5,47,7,54,9,48,8,40,6,40,16,44,16,47,17,49,16,51,15,53,15,55,8,57,4,61,0,63,-8,61,-11,53,-5,50,4,54,8,63,3,74,1,69,3,62,5,62,4,61,2,58,3,60,8,60,12,61,7,63,4,62,10,57,24,64,22,68,26,60,29,6,3]"
CSI_DATA,6006,1a:00:00:00:00:00,-6,11,1,0,1,1,1,0,0,0,0,-96,0,11,2,111854774,0,47,1,384,1,"[47,-16,2,0,0,0,0,0,0,0,6,-13,26,-51,29,-53,30,-59,32,-60,36,-50,36,-46,35,-49,37,-55,35,-63,35,-58,41,-52,35,-59,22,-62,28,-55,40,-54,26,-59,16,-52,25,-41,23,-41,29,-33,40,-24,36,-29,24,-37,10,-46,14,-50,21,-48,11,-31,25,-69,23,-67,18,-71,23,-60,32,-42,32,-42,24,-42,21,-37,19,-34,21,-30,28,-30,31,-27,33,-29,38,-36,35,-41,26,-45,25,-40,27,-33,26,-25,27,-15,35,-11,39,-14,38,-15,29,-11,18,1,12,11,2,3,0,0,0,0,0,0,0,0,-1,-1,3,-6,31,-41,31,-46,30,-54,31,-59,32,-60,34,-61,35,-63,33,-59,31,-45,33,-40,35,-41,34,-42,38,-48,38,-47,31,-42,29,-46,31,-53,34,-51,39,-47,33,-53,28,-54,30,-41,24,-37,26,-34,36,-28,37,-31,33,-35,27,-41,25,-46,24,-48,27,-48,20,-41,13,-39,11,-44,17,-41,31,-31,33,-33,27,-40,28,-42,28,-39,25,-34,29,-28,31,-23,31,-24,34,-27,32,-31,26,-39,27,-39,33,-28,31,-23,26,-19,27,-11,30,-4,31,-3,27,-6,16,-1,10,4,2,1,-1,-1,-1,-1,-1,-1,0,0,0,-1,-1,-1,-1,-1,-1,-1,-1,-1,2,-1,10,-5,10,-12,18,-17,24,-14,19,-8,13,-6,14,-6,21,-5,27,-5,28,-7,30,-7,36,-2,41,-1,41,1,37,8,39,9,41,2,35,2,29,10,30,12,36,12,41,15,39,14,42,18,50,24,48,24,45,17,38,26,40,27,42,28,43,26,43,28,46,31,50,27,53,22,59,17,66,11,63,8,52,11,46,19,48,23,60,19,71,18,68,21,63,21,63,20,61,20,59,21,58,23,56,24,56,23,57,24,57,28,58,31,66,28,69,31,60,29,6,3]"
CSI_DATA,6007,1a:00:00:00:00:00,-6,11,1,0,1,1,1,0,0,0,0,-96,0,11,2,111865774,0,47,1,384,1,"[47,-16,2,0,0,0,0,0,0,0,-5,-16,-19,-60,-18,-59,-21,-64,-20,-69,-10,-63,-6,-58,-12,-55,-17,-56,-22,-60,-21,-57,-17,-61,-25,-63,-34,-57,-23,-59,-15,-63,-32,-53,-38,-41,-20,-40,-17,-39,-10,-39,1,-40,-6,-39,-21,-35,-40,-29,-45,-35,-41,-42,-25,-24,-51,-51,-46,-50,-49,-47,-44,-43,-26,-46,-19,-44,-24,-37,-29,-35,-27,-31,-22,-30,-23,-41,-21,-44,-20,-45,-23,-51,-30,-46,-35,-38,-27,-38,-24,-41,-21,-39,-8,-37,-5,-43,-7,-49,-4,-50,-3,-43,4,-28,13,-17,4,-4,0,0,0,0,0,0,0,0,-1,-1,1,-7,11,-51,8,-55,2,-59,5,-67,-4,-68,-5,-68,-5,-68,-5,-65,-5,-55,-2,-50,-2,-50,-4,-53,-1,-60,-1,-59,-7,-52,-11,-51,-9,-58,-7,-60,-2,-55,-9,-55,-14,-55,-6,-48,-8,-41,-6,-38,3,-40,5,-42,0,-42,-10,-45,-17,-50,-19,-53,-9,-60,-24,-42,-25,-34,-23,-32,-18,-33,-3,-38,-1,-42,-10,-46,-10,-49,-8,-45,-5,-39,0,-38,1,-37,0,-37,3,-41,1,-41,-12,-42,-14,-43,-3,-41,1,-39,1,-34,3,-31,7,-30,11,-28,14,-27,14,-21,12,-14,3,-4,-1,-1,-1,-1,-1,-1,0,0,-1,-1,-1,-1,-1,-1,-1,-1,-1,-1,2,-3,9,-13,12,-17,22,-20,25,-16,16,-9,11,-7,15,-7,22,-11,27,-12,29,-11,32,-12,37,-12,43,-12,47,-9,42,0,40,3,44,-5,39,-6,32,0,32,2,40,2,45,4,44,6,49,8,56,9,49,6,40,1,41,12,45,11,45,11,45,10,47,11,52,11,54,4,57,-4,63,-5,64,-11,60,-17,53,-13,50,-4,52,-1,62,-7,74,-11,69,-8,59,-10,59,-12,59,-13,59,-13,61,-7,63,-3,65,-8,65,-13,63,-7,62,9,71,6,75,5,65,12,7,1]"
CSI_DATA,6008,1a:00:00:00:00:00,-6,11,1,0,1,1,1,0,0,0,0,-96,0,11,2,111876774,0,47,1,384,1,"[47,-16,2,0,0,0,0,0,0,0,-7,-13,-27,-48,-28,-47,-30,-51,-24,-58,-11,-60,-10,-61,-21,-63,-30,-63,-34,-59,-26,-55,-15,-61,-26,-65,-34,-60,-20,-60,-16,-65,-26,-55,-24,-41,-16,-40,-20,-40,-10,-44,6,-50,1,-48,-13,-41,-29,-38,-31,-44,-27,-46,-17,-29,-33,-70,-33,-68,-41,-67,-32,-61,-14,-54,-15,-55,-19,-48,-16,-41,-10,-43,-7,-45,-4,-46,1,-45,2,-44,-2,-48,-8,-52,-12,-51,-7,-46,-3,-41,-1,-36,6,-32,14,-34,9,-37,5,-37,13,-30,20,-17,24,-10,6,-3,0,0,0,0,0,0,0,0,-1,-1,1,-7,14,-51,8,-57,-2,-61,-8,-66,-20,-61,-18,-61,-16,-63,-12,-62,-4,-55,-1,-55,-4,-57,-10,-53,-13,-54,-10,-54,-8,-52,-14,-56,-16,-60,-10,-60,-5,-60,-11,-61,-12,-54,-2,-42,-4,-37,2,-39,12,-43,10,-47,4,-50,-4,-50,-10,-49,-13,-48,-3,-54,-10,-48,-13,-43,-18,-44,-12,-44,5,-42,5,-46,-4,-48,-2,-45,0,-42,1,-40,4,-41,7,-41,10,-44,11,-47,7,-48,2,-47,4,-41,8,-33,10,-30,12,-30,17,-28,21,-24,22,-23,21,-21,17,-13,16,-7,4,-2,-1,-1,0,0,0,0,-1,-1,0,0,0,0,-1,-1,-1,-1,-1,-1,2,-6,6,-18,-1,-15,-4,-22,1,-26,7,-21,8,-14,7,-15,8,-20,10,-25,9,-29,13,-32,22,-35,26,-39,26,-37,28,-29,29,-27,25,-29,24,-25,28,-19,29,-13,32,-14,37,-22,37,-26,42,-26,50,-30,49,-31,45,-23,45,-15,47,-16,50,-18,51,-19,51,-18,51,-19,48,-20,48,-22,47,-32,42,-44,44,-47,46,-37,50,-25,55,-21,56,-30,57,-39,55,-33,54,-29,56,-31,52,-31,51,-28,55,-25,55,-25,57,-26,61,-25,61,-21,65,-12,70,-24,70,-21,62,-2,6,1]"
CSI_DATA,6009,1a:00:00:00:00:00,-6,11,1,0,1,1,1,0,0,0,0,-96,0,11,2,111887773,0,47,1,384,1,"[47,-16,2,0,0,0,0,0,0,0,-5,-15,-17,-58,-19,-58,-23,-62,-17,-68,-4,-68,-3,-67,-17,-67,-26,-63,-28,-57,-24,-53,-19,-60,-27,-64,-28,-59,-17,-58,-15,-63,-19,-52,-16,-37,-15,-40,-22,-43,-13,-47,-2,-52,-9,-46,-17,-38,-27,-36,-32,-40,-30,-40,-21,-21,-49,-49,-49,-53,-58,-48,-51,-43,-31,-43,-26,-44,-24,-42,-19,-38,-17,-41,-17,-40,-17,-42,-8,-48,-8,-46,-19,-37,-25,-34,-26,-39,-20,-41,-19,-39,-17,-32,-4,-33,-2,-42,-8,-38,-7,-30,4,-34,15,-35,20,-33,5,-9,0,0,0,0,0,0,0,0,-1,-1,4,-5,37,-41,32,-48,25,-54,20,-59,3,-60,7,-61,10,-62,12,-62,15,-55,18,-53,16,-55,11,-54,9,-55,9,-51,8,-48,5,-52,3,-53,7,-50,11,-52,9,-54,10,-47,14,-35,9,-32,11,-32,18,-28,17,-30,16,-33,8,-36,-1,-40,-5,-43,23,-48,-2,-36,-3,-34,-7,-37,-6,-34,5,-23,11,-26,12,-35,11,-35,6,-33,4,-30,4,-26,4,-24,9,-25,17,-23,18,-24,9,-29,5,-23,9,-15,15,-17,18,-21,17,-17,21,-11,21,-11,15,-13,11,-9,11,-6,2,-2,0,0,-1,-1,-1,-1,-1,-1,-1,-1,-1,-1,0,0,0,0,-1,-1,2,-5,6,-16,-3,-15,-1,-20,11,-19,16,-12,10,-9,8,-11,14,-17,17,-22,16,-24,23,-21,34,-20,35,-25,33,-23,36,-14,39,-9,35,-9,30,-9,30,-10,29,-4,35,2,47,-2,49,-4,45,-1,46,1,49,3,50,6,49,12,52,13,57,13,56,11,54,6,54,1,50,-1,50,0,54,-6,55,-19,57,-23,59,-15,61,-5,65,-1,67,-6,68,-10,64,-5,61,-1,60,-1,61,-3,64,-4,64,-3,60,-4,61,-7,65,-4,65,2,60,21,65,10,67,11,61,25,7,3]"
CSI_DATA,6010,1a:00:00:00:00:00,-6,11,1,0,1,1,1,0,0,0,0,-96,0,11,2,111898773,0,47,1,384,1,"[47,-16,2,0,0,0,0,0,0,0,-10,-12,-37,-44,-39,-38,-41,-39,-35,-49,-31,-57,-39,-59,-51,-54,-52,-43,-44,-30,-40,-27,-45,-36,-58,-39,-56,-38,-41,-41,-40,-39,-42,-35,-34,-30,-36,-22,-47,-14,-48,-26,-44,-38,-40,-31,-41,-18,-52,-10,-55,-12,-43,-15,-27,-1,-68,1,-66,-4,-66,8,-62,8,-56,1,-64,2,-62,2,-50,-4,-50,-9,-52,-6,-49,-5,-46,-14,-42,-12,-37,-1,-43,1,-55,0,-55,-1,-45,-1,-38,0,-40,-2,-43,-1,-36,3,-27,2,-30,-6,-31,-14,-28,-24,-7,-8,0,0,0,0,0,0,0,0,-1,-1,5,-6,40,-47,30,-57,19,-63,11,-59,-13,-51,-12,-51,-13,-52,-11,-54,-5,-53,-7,-56,-15,-57,-17,-51,-15,-45,-12,-42,-13,-45,-20,-49,-22,-46,-17,-43,-16,-46,-20,-46,-16,-41,-9,-33,-15,-29,-14,-31,-6,-32,-8,-32,-15,-35,-22,-33,-28,-29,-30,-27,-17,-45,-28,-23,-28,-27,-35,-25,-34,-21,-24,-16,-26,-19,-29,-26,-23,-26,-24,-22,-27,-19,-25,-16,-22,-17,-21,-23,-21,-29,-25,-28,-29,-25,-24,-22,-17,-20,-15,-22,-15,-24,-12,-24,-8,-20,-8,-17,-9,-17,-3,-12,0,-6,-1,-2,0,0,0,0,0,0,-1,-1,0,0,0,0,-1,-1,-1,-1,-1,-1,5,-1,18,-4,13,-8,16,-9,22,-1,20,7,16,9,16,5,21,0,29,-1,31,4,34,12,41,14,44,9,41,9,40,14,41,20,35,22,32,19,36,18,32,19,32,18,40,17,45,19,40,23,39,25,45,24,43,33,44,30,44,33,52,32,56,28,58,24,54,18,45,18,44,19,49,10,53,-5,59,-7,64,2,67,9,70,11,68,6,63,2,59,5,59,6,56,2,55,-3,61,-5,64,-5,60,-6,60,-6,63,-1,62,-1,55,11,60,-3,66,-1,63,17,7,3]"
CSI_DATA,6011,1a:00:00:00:00:00,-5,11,1,0,1,1,1,0,0,0,0,-96,0,11,2,111909773,0,47,1,384,1,"[47,-16,2,0,0,0,0,0,0,0,-12,-15,-44,-55,-45,-42,-51,-38,-50,-47,-50,-47,-54,-43,-56,-36,-51,-26,-44,-22,-47,-21,-62,-18,-72,-14,-68,-21,-56,-26,-51,-22,-54,-22,-49,-24,-43,-10,-47,5,-52,-1,-55,-9,-48,-7,-35,1,-38,16,-51,18,-53,8,-26,13,-53,41,-52,21,-42,21,-39,29,-41,35,-43,43,-45,42,-45,31,-44,26,-37,27,-31,22,-34,16,-27,17,-16,14,-27,17,-44,35,-45,44,-35,34,-26,21,-23,18,-22,28,-20,23,-22,7,-30,9,-31,10,-29,2,-8,-1,0,0,0,0,0,0,0,0,1,-3,3,-12,16,-57,9,-58,4,-56,2,-54,-17,-50,-16,-48,-17,-47,-19,-51,-20,-50,-22,-51,-26,-47,-24,-40,-21,-37,-22,-40,-27,-41,-27,-41,-26,-43,-25,-42,-25,-37,-25,-33,-26,-32,-22,-29,-20,-25,-21,-25,-23,-24,-22,-22,-21,-22,-24,-17,-31,-16,-33,-18,-21,-48,-32,-6,-36,-12,-34,-11,-35,-5,-34,-2,-32,-2,-31,-5,-31,-10,-31,-10,-26,-8,-19,-10,-19,-11,-21,-8,-25,-7,-29,-7,-33,-3,-30,1,-25,-2,-19,-9,-17,-10,-15,-5,-13,-7,-10,-11,-9,-9,-6,-11,-3,-14,1,-7,1,-2,-1,0,-1,0,0,0,-1,-1,-1,-1,-1,0,-1,0,1,-1,5,-2,17,-3,14,-1,11,2,11,9,14,9,16,8,18,5,19,4,16,8,15,14,17,22,23,23,27,22,29,23,26,26,25,32,23,36,23,31,24,26,27,21,30,21,32,24,29,30,28,35,27,39,29,39,25,50,32,41,35,43,41,42,46,38,47,30,45,26,43,22,43,20,43,20,46,16,54,11,60,10,66,11,69,14,65,17,63,17,60,13,59,10,55,5,59,-1,62,-4,63,-5,63,-4,62,-3,59,-4,57,-6,52,17,56,14,61,10,69,7,13,1]"
CSI_DATA,6012,1a:00:00:00:00:00,-5,11,1,0,1,1,1,0,0,0,0,-96,0,11,2,111920772,0,47,1,384,1,"[47,-16,2,0,0,0,0,0,0,0,-7,-16,-26,-61,-36,-54,-43,-55,-38,-60,-38,-54,-40,-50,-42,-45,-42,-37,-36,-39,-42,-41,-57,-36,-62,-30,-58,-36,-50,-41,-46,-35,-57,-32,-59,-28,-48,-16,-46,-7,-49,-14,-52,-22,-50,-20,-42,-6,-47,14,-53,12,-51,-4,-26,7,-55,26,-54,1,-48,-5,-45,7,-49,17,-54,31,-55,36,-58,25,-59,19,-52,20,-48,14,-44,7,-39,6,-39,8,-43,17,-53,40,-54,44,-45,25,-41,14,-35,16,-30,25,-33,21,-36,8,-34,10,-26,8,-22,-1,-6,-1,0,0,0,0,0,0,0,0,-1,-1,-3,-6,-21,-50,-30,-56,-38,-56,-27,-51,-22,-56,-27,-53,-31,-53,-31,-54,-33,-50,-39,-48,-44,-42,-44,-35,-37,-37,-36,-40,-46,-41,-52,-41,-45,-45,-38,-44,-42,-34,-48,-30,-46,-33,-41,-28,-42,-20,-44,-24,-44,-26,-41,-19,-43,-10,-48,-6,-44,-8,-41,-8,-41,-14,-47,7,-47,5,-45,9,-45,11,-47,6,-50,12,-52,17,-51,9,-52,7,-52,6,-47,0,-38,-2,-33,6,-34,15,-38,17,-47,21,-50,23,-43,15,-39,6,-44,2,-45,7,-37,5,-28,-3,-30,-6,-33,-9,-28,-10,-7,-2,-1,-1,-1,-1,0,0,0,0,0,0,-1,-1,-2,0,0,-1,2,-1,5,2,17,10,13,11,7,12,7,15,14,13,21,11,26,9,25,9,17,13,10,21,9,30,15,30,19,26,24,29,23,30,22,36,22,42,23,37,26,31,30,25,32,23,28,27,20,33,17,40,22,44,27,42,31,43,33,39,39,37,43,34,46,30,46,26,45,28,46,26,47,25,47,26,50,25,52,18,54,10,58,7,63,8,63,12,64,13,65,11,65,5,62,-4,63,-12,63,-14,62,-11,63,-8,63,-8,61,-7,60,-9,52,-2,53,-8,55,-15,58,-25,11,-6]"
CSI_DATA,6013,1a:00:00:00:00:00,-5,11,1,0,1,1,1,0,0,0,0,-96,0,11,2,111931772,0,47,1,384,1,"[47,-16,2,0,0,0,0,0,0,0,9,-15,38,-55,38,-56,35,-62,35,-62,30,-55,29,-51,28,-46,30,-48,32,-57,27,-63,23,-64,19,-63,17,-69,30,-69,36,-64,17,-73,6,-74,11,-49,11,-35,17,-36,22,-42,16,-47,1,-44,-19,-47,-12,-55,5,-59,-2,-32,-12,-62,-4,-60,-3,-63,-7,-57,5,-54,6,-59,-7,-55,-8,-52,-12,-47,-15,-48,-3,-52,7,-40,9,-37,14,-49,5,-52,-15,-49,-16,-46,-2,-44,5,-42,2,-36,-2,-37,8,-38,18,-36,13,-30,10,-15,14,-4,3,-1,0,0,0,0,0,0,0,0,-1,-1,3,-5,34,-32,42,-34,51,-36,59,-25,50,-37,47,-40,45,-42,43,-44,36,-41,32,-36,30,-34,30,-35,36,-32,36,-33,31,-44,34,-49,42,-47,45,-45,41,-43,34,-46,33,-47,30,-40,23,-35,23,-35,29,-31,30,-25,23,-29,19,-40,22,-45,27,-45,50,-36,11,-44,4,-39,2,-33,5,-33,17,-36,20,-39,17,-39,22,-39,22,-37,18,-33,21,-30,20,-25,14,-26,11,-29,14,-28,19,-33,18,-37,14,-30,18,-22,22,-21,21,-24,18,-17,14,-7,15,-5,17,-4,18,-6,4,-2,0,0,0,0,0,0,-1,-1,0,0,0,0,-1,-1,-1,-1,-1,-1,1,-1,10,-2,16,4,18,17,18,20,14,8,8,2,11,3,15,7,8,14,8,23,18,27,19,23,17,26,16,27,10,22,12,33,18,44,13,34,11,27,15,31,17,32,15,31,10,33,8,46,9,55,14,47,24,42,13,48,17,52,21,45,19,41,13,47,11,52,20,51,27,54,24,57,27,55,33,51,37,47,37,43,34,40,32,48,33,61,39,59,43,50,40,45,39,44,43,44,40,46,34,46,39,47,43,48,38,46,12,50,16,63,22,70,26,60,3,6]"
CSI_DATA,6014,1a:00:00:00:00:00,-5,11,1,0,1,1,1,0,0,0,0,-96,0,11,2,111942772,0,47,1,384,1,"[47,-16,2,0,0,0,0,0,0,0,15,-2,59,-6,58,-5,64,-8,68,-6,63,5,59,7,57,1,60,-3,63,-7,57,-4,60,3,69,-5,66,-15,63,-4,65,5,60,-12,51,-21,45,-7,42,-7,39,2,36,17,37,12,40,-3,43,-24,49,-29,54,-22,31,-13,66,-24,63,-21,63,-25,58,-20,53,-3,49,3,45,-3,43,-9,38,-10,34,-4,43,0,47,2,49,3,55,4,55,-3,50,-11,46,-5,46,-3,42,-1,34,11,38,17,43,18,43,19,37,18,21,16,9,18,1,4,0,0,0,0,0,0,0,0,-1,-1,5,2,44,19,51,17,56,15,63,17,66,8,64,7,65,8,64,9,55,7,50,10,50,9,53,7,58,12,56,13,51,6,53,3,60,6,58,9,54,13,57,7,58,1,49,6,41,3,36,6,35,17,38,20,41,14,46,3,52,-3,55,-4,59,5,47,-9,40,-10,39,-11,41,-6,37,12,38,16,44,9,49,9,46,7,38,9,36,15,34,16,35,16,40,20,41,17,43,6,43,6,40,14,37,16,32,15,27,17,24,20,21,23,20,23,14,19,8,15,1,3,-1,-1,-1,-1,-1,-1,0,0,-1,-1,-1,-1,-1,-1,-1,-1,-1,-1,3,2,14,9,18,11,22,21,19,23,12,15,7,12,6,17,9,24,11,30,12,29,15,30,14,36,15,40,12,43,1,41,-2,40,5,43,5,39,0,35,-1,34,-1,40,-3,46,-4,44,-7,50,-8,58,-7,50,-4,40,-13,41,-11,46,-13,48,-11,48,-11,51,-12,55,-6,57,-1,58,2,61,10,63,15,61,10,54,1,51,-3,53,2,63,5,74,3,69,3,61,4,61,6,60,6,59,0,61,-4,62,1,63,5,64,-3,62,-21,58,-17,68,-18,73,-22,63,-3,7]"
CSI_DATA,6015,1a:00:00:00:00:00,-6,11,1,0,1,1,1,0,0,0,0,-96,0,11,2,111953772,0,47,1,384,1,"[47,-16,2,0,0,0,0,0,0,0,11,-8,44,-31,42,-34,45,-36,54,-30,59,-21,60,-21,61,-30,59,-37,54,-39,49,-32,55,-24,58,-35,51,-41,53,-28,62,-24,52,-32,38,-29,39,-24,38,-29,43,-18,50,-4,47,-8,39,-20,33,-34,37,-35,39,-31,25,-21,62,-44,59,-42,56,-51,53,-43,50,-25,51,-26,46,-27,39,-20,42,-14,42,-12,42,-11,42,-7,41,-7,42,-14,46,-20,49,-21,46,-14,39,-10,32,-8,30,0,37,8,38,2,32,-3,28,6,21,16,15,24,3,7,0,0,0,0,0,0,0,0,-1,-1,5,2,48,23,53,19,58,10,64,4,58,-14,58,-13,59,-11,59,-8,53,-3,54,0,55,-2,53,-6,53,-8,52,-5,50,-5,54,-12,57,-13,56,-8,57,-5,57,-11,51,-10,40,-1,35,-3,36,2,39,12,43,10,46,5,45,-2,43,-9,44,-15,54,1,44,-11,38,-11,39,-18,40,-14,37,3,40,4,44,-2,42,0,40,0,38,0,37,1,36,4,39,8,42,10,43,6,42,1,35,2,28,6,26,10,27,13,27,18,23,20,19,20,18,17,12,14,8,16,2,4,0,0,0,0,0,0,-1,-1,0,0,0,0,-1,-1,-1,-1,-1,-1,4,3,15,9,13,0,19,-3,22,1,16,6,11,8,12,8,17,9,20,11,24,10,27,15,28,27,31,29,29,27,22,30,22,33,23,30,19,27,14,28,9,27,10,32,17,40,19,41,19,44,22,50,23,51,12,51,12,48,10,49,10,52,12,53,15,51,15,50,14,47,14,47,23,48,36,44,40,45,34,49,24,53,19,58,25,59,30,60,26,57,23,55,24,55,25,53,25,54,22,57,21,55,23,57,20,61,16,60,-3,64,9,70,8,73,-8,65,-3,7]"
CSI_DATA,6017,1a:00:00:00:00:00,-6,11,1,0,1,1,1,0,0,0,0,-96,0,11,2,111975822,0,47,1,384,1,"[47,-16,2,0,0,0,0,0,0,0,-9,-12,-36,-45,-37,-46,-41,-49,-36,-54,-23,-55,-20,-56,-30,-56,-39,-56,-44,-54,-36,-51,-24,-56,-32,-59,-40,-53,-30,-57,-27,-64,-39,-52,-37,-38,-26,-36,-29,-34,-17,-41,-1,-50,-6,-47,-19,-40,-37,-32,-41,-37,-38,-42,-22,-27,-46,-65,-43,-62,-47,-59,-40,-53,-22,-49,-21,-53,-27,-50,-26,-41,-20,-38,-14,-39,-12,-44,-11,-45,-8,-46,-10,-51,-17,-52,-22,-50,-17,-47,-14,-44,-10,-39,3,-37,8,-41,3,-46,1,-47,8,-38,13,-22,18,-14,5,-4,0,0,0,0,0,0,0,0,-1,-1,-1,-7,-2,-51,-8,-53,-16,-55,-25,-63,-33,-59,-31,-58,-30,-59,-28,-59,-20,-51,-13,-48,-15,-50,-23,-48,-26,-51,-23,-52,-21,-49,-24,-51,-27,-56,-22,-58,-15,-59,-23,-59,-26,-51,-16,-40,-16,-34,-9,-37,2,-44,0,-48,-7,-49,-16,-47,-24,-47,-26,-49,-17,-60,-22,-46,-23,-39,-25,-38,-20,-41,-3,-44,-3,-49,-15,-50,-14,-48,-10,-44,-8,-42,-3,-43,1,-44,3,-46,4,-50,1,-49,-4,-47,-4,-45,1,-40,2,-36,3,-34,10,-33,15,-30,17,-29,18,-27,15,-19,13,-14,3,-4,0,0,-1,-1,-1,-1,-1,-1,-1,-1,0,0,0,0,0,0,-1,-1,0,-6,0,-19,-6,-17,-9,-25,-6,-30,-1,-23,1,-16,2,-16,4,-24,5,-30,4,-34,7,-37,13,-42,15,-46,19,-44,22,-35,21,-33,18,-37,18,-33,22,-27,24,-24,26,-27,30,-35,29,-34,34,-35,42,-41,41,-39,36,-33,41,-23,42,-26,44,-29,44,-30,45,-28,45,-29,42,-33,41,-36,39,-44,32,-55,32,-58,34,-46,39,-35,46,-32,47,-42,48,-52,46,-48,45,-43,46,-45,43,-44,42,-40,47,-36,48,-35,48,-38,51,-39,53,-36,57,-30,62,-37,64,-33,55,-15,6,-1]"
CSI_DATA,6018,1a:00:00:00:00:00,-6,11,1,0,1,1,1,0,0,0,0,-96,0,11,2,111986771,0,47,1,384,1,"[47,-16,2,0,0,0,0,0,0,0,18,-3,71,-13,65,-20,65,-26,68,-23,64,-25,59,-27,53,-26,48,-25,52,-22,55,-28,52,-40,45,-45,49,-43,57,-36,54,-31,51,-43,47,-49,36,-39,27,-36,32,-37,37,-37,36,-34,24,-30,6,-43,9,-52,27,-50,7,-29,1,-63,15,-52,19,-44,12,-43,10,-50,6,-60,0,-62,6,-60,7,-58,2,-54,8,-46,14,-34,14,-28,17,-32,14,-41,-2,-58,-6,-60,6,-47,13,-41,9,-35,-1,-35,8,-34,22,-30,14,-31,9,-21,12,-10,3,-2,0,0,0,0,0,0,0,0,-1,-1,6,0,56,-1,64,-8,65,-10,58,0,64,-3,62,-8,61,-11,60,-13,57,-15,56,-18,49,-25,44,-28,48,-20,51,-19,52,-30,53,-35,58,-27,57,-21,50,-25,46,-31,47,-30,41,-25,35,-27,39,-30,43,-28,37,-28,29,-32,29,-38,32,-37,32,-36,36,-32,14,-45,14,-44,10,-41,11,-39,18,-40,18,-45,18,-46,20,-46,17,-45,16,-42,20,-35,18,-25,11,-26,8,-35,9,-39,12,-46,11,-48,8,-38,13,-31,21,-32,20,-36,17,-29,18,-16,20,-13,23,-14,21,-16,4,-5,-1,-1,0,0,0,0,0,0,0,0,-1,-1,-1,-1,-1,-1,-1,-1,1,3,3,15,-3,16,-12,11,-14,10,-7,16,-5,21,-6,23,-7,19,-10,9,-20,7,-32,16,-30,20,-27,18,-24,20,-20,23,-34,22,-45,20,-34,20,-27,23,-25,24,-19,25,-22,26,-31,25,-40,20,-44,17,-38,25,-40,31,-41,28,-45,33,-40,42,-33,44,-33,39,-31,35,-27,41,-34,48,-41,47,-35,47,-27,51,-22,56,-17,58,-17,59,-24,57,-31,57,-26,63,-16,65,-10,59,-8,59,-3,65,-2,66,-5,63,-8,63,-8,65,-6,63,-14,47,-17,56,-13,67,4,74,1,9]"
CSI_DATA,6019,1a:00:00:00:00:00,-5,11,1,0,1,1,1,0,0,0,0,-96,0,11,2,111997770,0,47,1,384,1,"[47,-16,2,0,0,0,0,0,0,0,9,12,37,52,39,50,45,53,41,57,28,52,23,47,26,43,29,44,35,50,38,51,34,55,38,53,45,53,36,61,31,62,50,50,54,41,32,37,24,33,16,37,8,44,16,45,31,35,47,23,46,29,38,41,23,23,47,48,38,50,38,52,35,44,23,46,25,51,35,42,37,38,34,35,30,36,22,45,13,44,12,45,13,56,19,53,26,42,25,39,21,43,16,41,8,39,8,42,4,47,-5,51,-2,42,-2,21,-12,8,-4,1,0,0,0,0,0,0,0,0,-1,-1,3,4,24,40,27,46,28,47,20,54,29,60,33,56,32,55,31,54,29,46,25,43,24,40,25,36,21,42,23,48,32,46,33,48,30,58,27,62,24,57,32,53,36,50,29,41,25,34,19,35,11,40,8,42,17,39,32,40,37,46,32,50,27,56,34,37,28,31,22,29,22,31,18,40,19,43,24,43,23,48,21,45,18,41,12,44,7,42,9,39,8,39,6,39,15,45,20,49,11,43,3,35,4,33,3,34,-3,32,-11,28,-11,30,-9,25,-9,14,-3,2,-1,-1,-1,-1,-1,-1,0,0,-1,-1,-1,-1,-1,-1,-1,-1,-1,-1,1,2,4,12,-1,19,-10,29,-10,33,-2,24,0,14,-3,13,-5,18,-14,19,-19,22,-17,30,-17,33,-21,36,-25,35,-27,21,-31,22,-33,33,-28,25,-26,17,-28,22,-30,28,-31,26,-33,20,-47,20,-57,26,-47,28,-37,33,-44,24,-44,29,-38,31,-36,28,-44,21,-50,19,-46,26,-45,34,-47,38,-48,44,-46,46,-40,41,-37,35,-39,32,-47,37,-57,43,-55,45,-46,46,-45,45,-44,41,-41,42,-46,37,-51,31,-52,36,-52,41,-53,37,-55,17,-65,21,-70,26,-53,24,-6,2]"
CSI_DATA,6021,1a:00:00:00:00:00,-6,11,1,0,1,1,1,0,0,0,0,-96,0,11,2,112019770,0,47,1,384,1,"[47,-16,2,0,0,0,0,0,0,0,9,11,40,42,47,34,52,33,47,42,45,45,52,42,59,35,55,25,45,18,45,19,56,20,68,16,64,20,52,24,50,20,51,19,43,19,40,8,49,-6,56,3,57,14,49,9,39,0,47,-13,55,-14,47,-9,22,-13,54,-36,55,-27,45,-34,40,-36,39,-32,43,-40,47,-40,46,-27,49,-22,45,-28,41,-27,46,-17,40,-15,26,-20,30,-30,43,-42,44,-41,38,-30,33,-24,32,-25,28,-32,22,-28,21,-15,28,-14,33,-17,37,-12,10,-2,0,0,0,0,0,0,0,0,-1,-1,-2,6,-3,54,14,58,25,57,26,51,30,46,31,45,33,45,32,47,29,49,33,51,42,48,42,40,37,35,35,34,39,36,45,35,41,32,32,31,36,31,42,28,34,26,24,23,28,16,31,20,28,26,31,23,35,18,39,12,39,6,38,3,31,26,37,5,44,6,48,-3,44,-9,30,-7,34,-6,45,-2,40,5,35,4,35,0,31,0,29,3,32,2,36,0,38,-5,38,-6,35,-3,32,1,31,6,30,8,27,6,23,3,19,4,17,10,9,12,2,7,0,0,-1,-1,-1,-1,0,0,0,0,-1,-1,-1,-1,0,-1,-1,-1,-2,0,-6,1,-18,1,-17,1,-15,-2,-17,-8,-17,-9,-16,-9,-18,-5,-22,-1,-24,-2,-26,-7,-29,-14,-33,-15,-36,-14,-39,-13,-37,-16,-36,-23,-35,-29,-34,-25,-34,-23,-37,-18,-41,-17,-41,-19,-37,-23,-36,-23,-38,-26,-42,-27,-46,-24,-46,-29,-47,-30,-54,-29,-60,-24,-60,-16,-57,-14,-53,-14,-53,-11,-51,-8,-53,-1,-58,4,-62,5,-68,6,-73,5,-68,1,-65,0,-63,0,-62,4,-58,8,-62,15,-67,19,-66,21,-62,19,-62,18,-61,16,-58,20,-51,14,-52,18,-54,22,-60,23,-12,4]"
CSI_DATA,6022,1a:00:00:00:00:00,-6,11,1,0,1,1,1,0,0,0,0,-96,0,11,2,112030769,0,47,1,384,1,"[47,-16,2,0,0,0,0,0,0,0,0,16,2,66,8,66,14,68,11,71,12,67,13,64,13,57,12,51,9,55,16,59,29,58,37,55,36,60,25,65,18,60,30,60,36,59,30,46,30,37,31,40,33,45,32,43,30,28,45,15,49,23,38,39,24,15,56,19,44,31,40,34,42,26,47,26,56,23,62,16,60,21,54,21,50,18,43,22,30,21,24,19,26,24,36,22,57,10,59,6,42,15,34,21,31,15,36,7,32,15,23,26,26,17,17,8,3,11,0,3,0,0,0,0,0,0,0,0,-1,-1,-2,5,-15,45,-20,58,-24,62,-28,48,-16,55,-11,57,-7,59,-4,59,0,56,0,54,6,49,10,46,2,47,-2,49,6,56,10,63,4,65,0,60,3,54,7,53,7,54,9,47,14,42,13,44,10,43,10,38,15,37,22,41,21,42,17,41,5,51,29,31,28,28,29,24,29,26,29,32,33,32,36,30,35,34,33,33,29,32,20,34,15,27,19,20,25,20,25,23,30,28,35,29,30,24,20,25,14,31,19,31,16,26,6,20,2,18,1,22,3,25,1,6,-1,-1,-1,-1,0,0,0,0,-1,-1,-1,-1,-1,-1,-1,-1,-1,-1,-3,-1,-12,-4,-10,-6,-7,-13,-9,-18,-16,-14,-19,-9,-22,-9,-19,-11,-6,-15,-3,-24,-11,-32,-16,-28,-14,-28,-15,-29,-16,-25,-13,-36,-10,-47,-12,-37,-18,-31,-21,-31,-21,-26,-19,-26,-15,-33,-10,-45,-8,-51,-17,-47,-22,-48,-23,-43,-27,-51,-35,-49,-37,-41,-31,-42,-26,-40,-32,-36,-37,-42,-36,-46,-41,-41,-46,-36,-48,-33,-52,-30,-55,-29,-52,-35,-51,-42,-60,-39,-64,-32,-57,-26,-54,-24,-61,-22,-62,-20,-58,-23,-59,-25,-60,-24,-57,-21,-34,-31,-42,-39,-57,-41,-67,-26,-9,-3]"
CSI_DATA,6023,1a:00:00:00:00:00,-5,11,1,0,1,1,1,0,0,0,0,-96,0,11,2,112041769,0,47,1,384,1,"[47,-16,2,0,0,0,0,0,0,0,-16,-3,-60,-10,-60,-10,-67,-9,-70,-10,-62,-18,-57,-19,-56,-13,-61,-11,-67,-10,-61,-10,-59,-14,-66,-6,-66,3,-61,-6,-63,-16,-62,1,-56,11,-49,-3,-45,-1,-40,-9,-36,-23,-37,-17,-43,-3,-46,18,-51,20,-56,12,-32,8,-66,17,-64,13,-65,18,-61,13,-54,-3,-50,-8,-47,-3,-47,3,-42,5,-36,0,-43,-4,-44,-6,-46,-7,-56,-8,-57,-1,-50,9,-44,3,-46,0,-44,-2,-37,-13,-41,-19,-47,-23,-45,-26,-36,-21,-21,-18,-8,-21,-1,-6,0,0,0,0,0,0,0,0,-1,-1,-6,-3,-46,-24,-50,-21,-56,-18,-63,-20,-66,-19,-66,-18,-67,-19,-63,-18,-54,-15,-50,-16,-50,-16,-53,-16,-59,-22,-57,-22,-51,-13,-54,-9,-61,-12,-59,-15,-53,-18,-58,-11,-61,-5,-52,-9,-44,-7,-39,-9,-36,-20,-39,-22,-42,-16,-48,-6,-54,-1,-58,0,-60,-2,-48,7,-41,9,-42,10,-44,5,-42,-12,-41,-16,-46,-9,-52,-7,-49,-6,-41,-7,-39,-14,-36,-18,-37,-18,-43,-19,-45,-14,-45,-2,-45,-1,-44,-11,-41,-12,-34,-12,-30,-16,-27,-19,-24,-22,-23,-23,-16,-21,-9,-17,-2,-4,0,0,0,0,0,0,-1,-1,0,0,0,0,0,-1,0,-1,0,-1,-2,-4,-8,-14,-12,-20,-12,-31,-8,-32,-6,-21,-434,-50,-34,-42,-32,-39,-29,-38,-31,-39,-38,-40,-34,-39,-26,-37,-28,-37,-34,-35,-28,-34,-20,-31,-24,-24,-25,-26,-19,-29,-20,-27,-28,-37,-34,-35,-28,-34,-20,-31,-24,-24,-25,-26,-19,-29,-20,-27,-28,-37,-34,-35,-28,-34,-20,-31,-24,-24,-25,-26,-19,-29,-20,-27,-28,-37,-34,-35,-28,-34,-20,-31,-24,-24,-25,-26,-19,-29,-20,-27,-28,-37,-34,-35,-28,-34,-20,-31,-24,-24,-25,-26,-19,-29,-20,-27,-28,-37,-34,-35,-28,-34,-20,-31,-24,-24,-25,-26,-19,-29,-20,-27,-28,-37,-34,-35,-28,-34,-20,-31,-24,-24,-25,-26,-19,-29,-20,-27,-28,-37,-34,-35,-28,-34,-20,-31,-24,-24,-25,-26,-19,-29,-20,-27,-28,-37,-34,-35,-28,-34,-20,-31,-24,-24,-25,-26,-19,-29,-20,-27,-28,-37,-34,-35,-28,-34,-20,-31,-24,-24,-25,-26,-19,-29,-20,-27,-25,-25,-30,-20,-34,-16,-37,-16,-22,-38,-30,-12,-34,-20,-43,-16,-25,-25,-30,-20,-34,-16,-37,-16,-22,-38,-30,-12,-34,-20,-43,-16,-25,-25,-30,-20,-34,-16,-37,-16,-22,-38,-30,-12,-34,-20,-43,-16,-25,-25,-30,-20,-34,-16,-37,-16,-22,-38,-30,-12,-34,-20,-43,-16,-25,-25,-30,-20,-34,-16,-37,-16,-22,-38,-30,-12,-34,-20,-43,-16,-25,-25,-30,-20,-34,-16,-37,-16,-22,-38,-30,-12,-34,-20,-43,-16,-25,-25,-30,-20,-34,-16,-37,-16,-22,-38,-30,-12,-34,-20,-43,-16,-25,-25,-30,-20,-34,-16,-37,-16,-22,-38,-30,-12,-34,-20,-43,-16,-25,-25,-30,-20,-34,-16,-37,-16,-22,-38,-30,-12,-34,-20,-43,-16,-25,-25,-30,-20,-34,-16,-37,-16,-22,-38,-30,-12,-34,-20,-43,-16,-25,-25,-30,-20,-34,-16,-37,-16,-22,-38,-30,-12,-34,-20,-43,-16,-25,-25,-30,-20,-34,-16,-37,-16,-22,-38,-30,-12,-34,-20,-43,-16,-25,-25,-30,-20,-34,-16,-37,-16,-22,-38,-30,-12,-34,-20,-4311,-19,-11,-21,-16,-24,-18,-28,-15,-33,-10,-28,-9,-19,-9,-17,-13,-17,-19,-15,-18,-12,-15,-10,-15,-8,-14,-3,-11,0,-8,-1,-2,-1,-1,-1,-1,0,0,0,0,0,0,-1,-1,-1,0,0,0,0,-2,2,-8,11,-21,10,-16,10,-11,15,-6,17,-4,16,-3,15,-7,15,-12,16,-12,20,-10,29,-8,35,-9,36,-11,37,-11,36,-7,38,0,39,5,35,3,35,2,35,-1,40,-1,45,0,45,3,44,5,45,7,46,7,47,13,50,11,54,12,59,8,62,2,58,-4,53,-6,47,-7,47,-8,47,-11,50,-18,55,-25,60,-26,64,-26,68,-25,63,-19,62,-16,61,-16,60,-17,56,-19,57,-25,59,-30,58,-32,55,-30,56,-29,55,-27,54,-29,56,-13,58,-17,62,-19,67,-20,12,-4]"
CSI_DATA,6028,1a:00:00:00:00:00,-5,11,1,0,1,1,1,0,0,0,0,-96,0,11,2,112096768,0,47,1,384,1,"[47,-16,2,0,0,0,0,0,0,0,0,-17,0,-66,-7,-69,-10,-74,-4,-74,-3,-65,-5,-60,-9,-57,-11,-55,-5,-58,-9,-62,-19,-64,-24,-61,-21,-66,-13,-68,-11,-62,-26,-64,-34,-65,-27,-52,-26,-43,-22,-45,-17,-51,-18,-51,-28,-37,-46,-25,-42,-32,-28,-48,-21,-20,-50,-28,-33,-41,-28,-48,-32,-40,-36,-40,-47,-40,-54,-35,-52,-40,-48,-44,-44,-41,-35,-41,-22,-36,-19,-35,-23,-44,-32,-45,-52,-37,-54,-32,-36,-36,-26,-39,-25,-35,-31,-30,-27,-35,-17,-41,-22,-35,-17,-20,1,-16,1,-5,0,0,0,0,0,0,0,0,-1,-1,0,-6,2,-48,1,-59,-1,-62,10,-55,11,-61,4,-62,1,-65,1,-65,-2,-59,-4,-56,-9,-53,-13,-51,-5,-52,-3,-54,-15,-58,-20,-64,-9,-68,-2,-64,-8,-56,-17,-57,-18,-59,-16,-53,-20,-46,-20,-47,-15,-47,-15,-44,-25,-40,-33,-43,-28,-46,-23,-45,-22,-43,-35,-29,-33,-27,-31,-26,-32,-30,-32,-39,-38,-38,-42,-34,-39,-39,-38,-40,-35,-42,-27,-45,-20,-38,-23,-29,-26,-26,-27,-29,-37,-35,-42,-35,-31,-33,-22,-34,-23,-38,-27,-40,-21,-35,-10,-30,-8,-31,-8,-32,-8,-29,-3,-7,-1,-1,0,0,0,0,0,0,0,0,-1,-1,-1,0,-1,-1,2,-2,6,0,21,6,19,9,17,14,18,15,23,10,26,6,25,2,21,5,14,14,12,24,17,30,21,29,23,24,25,26,23,29,22,36,23,40,23,35,23,32,25,27,27,24,25,28,19,35,18,42,23,46,25,42,24,51,31,39,37,38,37,36,38,35,39,34,38,37,41,36,43,35,45,35,48,36,49,30,50,23,52,20,54,23,56,27,61,29,62,27,63,22,63,15,64,8,62,8,60,10,63,13,63,12,58,14,56,16,46,28,50,27,59,21,69,11,13,2]"
CSI_DATA,6030,1a:00:00:00:00:00,-5,11,1,0,1,1,1,0,0,0,0,-96,0,11,2,112118767,0,47,1,384,1,"[47,-16,2,0,0,0,0,0,0,0,10,-12,39,-45,30,-51,29,-57,39,-53,42,-51,37,-57,30,-62,20,-56,13,-45,12,-46,12,-60,6,-72,11,-68,16,-56,12,-53,12,-54,15,-48,4,-44,-12,-49,-3,-55,8,-57,3,-49,-5,-38,-18,-45,-21,-53,-16,-47,-17,-21,-45,-49,-34,-52,-39,-41,-41,-34,-38,-33,-45,-37,-45,-41,-33,-42,-30,-45,-36,-42,-33,-39,-23,-44,-19,-38,-20,-23,-32,-27,-48,-38,-47,-39,-34,-34,-27,-31,-28,-31,-33,-27,-26,-21,-14,-22,-19,-28,-23,-33,-15,-39,-3,-11,0,0,0,0,0,0,0,0,1,2,9,3,51,19,56,9,57,0,56,-6,46,-23,46,-24,45,-24,48,-24,48,-24,49,-25,45,-30,39,-28,37,-25,38,-26,36,-33,34,-35,35,-33,36,-32,32,-33,29,-30,27,-28,23,-22,19,-20,21,-21,23,-25,22,-25,23,-26,16,-31,9,-36,9,-34,38,-28,1,-33,4,-38,1,-36,-2,-36,-3,-34,-3,-31,1,-30,5,-30,4,-32,0,-29,1,-25,4,-27,5,-30,3,-31,1,-32,-2,-35,-1,-31,2,-28,8,-25,8,-25,5,-24,7,-20,9,-14,7,-12,5,-8,5,-4,4,1,0,2,-2,-1,-1,-1,0,0,-1,-1,-1,-1,0,-1,-1,-1,-1,1,-1,7,-5,24,-4,20,-6,17,-11,16,-12,15,-12,14,-10,16,-7,19,-9,19,-16,22,-25,25,-27,30,-25,32,-24,34,-26,31,-33,30,-39,28,-35,27,-30,26,-24,29,-24,33,-28,35,-31,32,-33,31,-36,32,-36,34,-44,28,-38,36,-42,37,-44,44,-40,50,-32,51,-27,48,-23,45,-20,46,-16,45,-13,48,-9,56,-8,63,-8,67,-10,70,-14,64,-13,62,-10,59,-6,56,-1,52,4,56,8,62,9,64,8,61,7,61,6,59,10,57,-8,54,-3,56,0,60,0,66,0,12]"
CSI_DATA,6031,1a:00:00:00:00:00,-5,11,1,0,1,1,1,0,0,0,0,-96,0,11,2,112129767,0,47,1,384,1,"[47,-16,2,0,0,0,0,0,0,0,16,-5,65,-18,61,-24,63,-28,67,-25,60,-24,55,-24,49,-25,46,-24,52,-22,56,-29,53,-41,48,-48,52,-49,57,-40,54,-32,53,-44,49,-50,37,-39,29,-36,34,-36,40,-39,38,-40,23,-37,7,-49,14,-54,30,-47,10,-28,11,-61,26,-51,28,-46,20,-44,20,-46,16,-57,9,-63,12,-62,11,-60,10,-56,16,-48,19,-36,18,-33,20,-36,16,-42,3,-58,0,-59,8,-44,15,-38,11,-35,3,-39,11,-35,22,-27,15,-28,8,-19,11,-8,3,-2,0,0,0,0,0,0,0,0,-1,-1,5,-2,50,-13,61,-13,64,-13,56,-3,61,-6,60,-11,61,-15,60,-17,54,-19,52,-19,46,-24,42,-27,46,-19,50,-18,52,-29,55,-35,60,-29,59,-23,53,-24,51,-29,52,-30,45,-28,38,-29,41,-29,44,-26,38,-26,30,-31,30,-39,34,-36,35,-32,41,-30,22,-44,21,-40,14,-37,15,-39,25,-40,25,-45,23,-48,26,-47,24,-46,24,-42,26,-36,22,-28,16,-29,15,-32,17,-33,22,-41,20,-47,15,-39,19,-31,26,-32,25,-35,22,-26,20,-13,20,-12,21,-13,20,-14,4,-4,-1,-1,-1,-1,-1,-1,-1,-1,-1,-1,-1,-1,-1,-1,-1,-1,-1,-1,0,2,-1,12,-5,12,-12,10,-13,14,-6,18,-1,20,2,23,0,21,-9,13,-20,12,-25,22,-21,24,-23,22,-23,24,-15,23,-24,28,-40,33,-31,29,-21,29,-18,32,-14,30,-17,28,-26,27,-38,25,-44,27,-35,33,-26,37,-31,36,-34,43,-27,50,-21,49,-25,42,-26,38,-21,45,-26,55,-33,57,-27,55,-18,55,-12,55,-6,57,-6,61,-13,64,-22,65,-17,69,-6,70,-2,62,-2,60,4,65,4,66,-2,63,-2,63,0,64,1,61,-10,43,-11,55,-6,70,10,72,2,8]"
CSI_DATA,6032,1a:00:00:00:00:00,-5,11,1,0,1,1,1,0,0,0,0,-96,0,11,2,112140803,0,47,1,384,1,"[47,-16,2,0,0,0,0,0,0,0,-13,-13,-48,-48,-50,-37,-57,-31,-56,-40,-56,-42,-59,-37,-60,-29,-54,-20,-46,-16,-49,-17,-63,-14,-73,-7,-69,-13,-58,-20,-53,-14,-56,-12,-53,-14,-46,-1,-47,14,-53,8,-56,-1,-48,-1,-34,5,-35,20,-47,26,-51,20,-23,19,-43,51,-44,33,-32,31,-26,38,-27,42,-29,49,-33,49,-36,40,-36,36,-31,37,-29,31,-33,23,-25,21,-14,18,-23,29,-33,52,-30,56,-24,41,-20,27,-18,25,-12,34,-13,28,-20,14,-26,18,-27,21,-30,11,-9,1,0,0,0,0,0,0,0,0,-1,-1,1,-7,5,-57,-7,-61,-12,-58,-12,-51,-25,-49,-24,-47,-26,-46,-28,-49,-28,-50,-31,-50,-38,-45,-36,-37,-30,-35,-29,-36,-35,-38,-41,-39,-37,-39,-31,-37,-33,-32,-39,-27,-33,-25,-24,-23,-27,-17,-30,-19,-27,-22,-27,-19,-28,-18,-29,-14,-33,-8,-38,-4,-34,-32,-31,2,-37,-4,-41,0,-37,7,-26,7,-29,5,-38,1,-37,-2,-34,0,-30,0,-23,-5,-20,-5,-23,-3,-28,-1,-30,5,-31,8,-28,7,-22,4,-20,-2,-20,-8,-19,-6,-17,-1,-14,-2,-12,-8,-9,-13,-6,-10,-2,-2,-1,-1,-1,-1,0,0,0,0,-1,-1,-1,-1,-1,0,-1,0,1,-1,6,-1,20,0,16,1,11,2,10,9,13,11,15,10,18,7,20,5,18,7,16,12,18,20,23,22,27,21,29,22,26,25,24,31,23,36,23,31,25,28,28,22,32,21,33,25,30,30,28,34,28,37,29,38,28,45,32,40,36,42,43,41,48,36,49,27,48,24,46,21,46,19,45,19,48,15,56,10,62,7,67,7,71,10,67,12,64,11,62,8,60,4,57,-2,61,-9,65,-12,65,-13,63,-11,63,-11,60,-11,58,-14,53,5,56,1,61,-3,69,-6,13,-1]"
CSI_DATA,6034,1a:00:00:00:00:00,-5,11,1,0,1,1,1,0,0,0,0,-96,0,11,2,112162766,0,47,1,384,1,"[47,-16,2,0,0,0,0,0,0,0,-16,-4,-61,-16,-62,-17,-68,-17,-72,-19,-62,-23,-55,-23,-54,-21,-59,-23,-66,-22,-62,-21,-59,-25,-64,-18,-64,-5,-59,-14,-60,-27,-65,-9,-61,2,-49,-13,-43,-15,-37,-21,-32,-29,-35,-23,-40,-10,-46,6,-51,4,-59,-5,-34,0,-65,1,-60,-2,-67,2,-62,-4,-49,-20,-45,-24,-44,-17,-46,-13,-42,-7,-35,-8,-39,-18,-35,-22,-35,-25,-46,-33,-51,-25,-48,-8,-41,-10,-40,-20,-40,-24,-28,-27,-25,-33,-25,-39,-24,-41,-21,-32,-8,-22,6,-17,2,-4,0,0,0,0,0,0,0,0,-1,-1,-6,-4,-44,-29,-48,-28,-54,-26,-59,-29,-65,-27,-66,-27,-67,-28,-62,-25,-52,-21,-49,-23,-48,-24,-49,-26,-54,-33,-53,-33,-50,-22,-53,-17,-59,-22,-58,-26,-51,-28,-56,-20,-61,-16,-50,-21,-41,-17,-37,-17,-35,-26,-37,-30,-39,-24,-45,-16,-53,-14,-57,-13,-58,-15,-46,-4,-40,1,-41,2,-44,-4,-37,-21,-35,-24,-40,-19,-45,-21,-45,-18,-39,-15,-34,-22,-29,-27,-27,-27,-31,-30,-35,-24,-42,-11,-44,-11,-39,-23,-35,-24,-27,-20,-19,-21,-14,-26,-11,-27,-10,-25,-5,-22,0,-17,0,-4,-1,-1,-1,-1,0,0,0,0,0,0,-1,-1,-1,-1,-1,-1,-1,-1,-3,-3,-11,-10,-14,-15,-15,-26,-11,-27,-9,-18,-8,-12,-5,-16,-4,-22,-2,-27,-4,-30,-6,-32,-2,-36,1,-41,3,-43,9,-37,14,-37,9,-44,3,-38,7,-30,10,-32,12,-39,15,-41,15,-39,19,-47,26,-54,26,-45,27,-38,25,-38,25,-42,25,-41,22,-41,24,-43,27,-47,24,-53,20,-58,19,-62,14,-65,8,-62,7,-55,12,-51,16,-51,15,-61,18,-73,19,-72,16,-65,13,-62,12,-62,13,-63,17,-62,20,-61,16,-63,13,-62,18,-60,33,-53,34,-64,36,-68,32,-60,3,-7]"
CSI_DATA,6035,1a:00:00:00:00:00,-5,11,1,0,1,1,1,0,0,0,0,-96,0,11,2,112173766,0,47,1,384,1,"[47,-16,2,0,0,0,0,0,0,0,-6,14,-20,55,-10,57,-6,63,-14,64,-14,64,-9,64,0,59,5,50,2,44,8,50,21,63,29,68,22,70,10,63,11,52,16,55,17,55,24,40,35,33,32,40,27,48,26,41,28,25,45,23,52,30,39,30,25,6,62,8,47,22,40,17,45,8,51,5,59,-5,60,-6,52,2,49,3,50,-3,50,1,49,11,44,9,37,1,43,-6,61,-14,63,-15,50,-7,40,-4,36,-7,35,-17,31,-15,27,-2,30,-1,31,-1,31,6,8,2,0,0,0,0,0,0,0,0,-1,-1,-7,2,-49,26,-49,41,-43,50,-37,42,-27,46,-24,49,-22,51,-24,50,-25,49,-24,53,-17,56,-11,53,-10,48,-9,47,-6,53,-1,60,-3,55,-6,47,0,47,4,51,1,47,-3,38,3,37,1,42,-3,41,3,37,11,38,18,36,21,32,20,29,-5,36,19,24,21,33,31,31,32,25,24,19,28,20,32,27,26,28,22,23,24,20,21,19,18,20,24,19,31,16,32,15,35,16,36,17,29,17,22,20,19,23,20,18,18,12,12,10,8,12,3,13,0,9,-1,1,0,0,0,0,0,0,-1,-1,0,0,0,0,0,0,0,-1,-2,-2,-1,-6,3,-17,4,-14,6,-10,11,-13,12,-16,9,-19,5,-22,4,-25,6,-22,12,-21,19,-23,18,-27,15,-30,13,-34,16,-34,24,-35,30,-34,24,-34,19,-33,14,-35,11,-39,13,-39,20,-36,24,-35,25,-40,24,-45,16,-49,22,-49,21,-53,16,-59,9,-62,4,-60,3,-57,3,-54,2,-54,2,-52,-2,-54,-10,-56,-17,-59,-22,-63,-23,-67,-18,-65,-18,-64,-20,-62,-23,-61,-27,-54,-35,-54,-39,-55,-40,-55,-38,-52,-38,-52,-36,-51,-38,-48,-28,-43,-35,-43,-41,-42,-48,-45,-10,-9]"
CSI_DATA,6036,1a:00:00:00:00:00,-6,11,1,0,1,1,1,0,0,0,0,-96,0,11,2,112184765,0,47,1,384,1,"[47,-16,2,0,0,0,0,0,0,0,-11,-13,-40,-53,-40,-53,-45,-56,-45,-58,-37,-52,-32,-48,-32,-45,-34,-47,-42,-51,-47,-50,-45,-52,-48,-50,-54,-46,-48,-55,-41,-59,-56,-42,-60,-29,-37,-30,-26,-29,-21,-34,-19,-37,-28,-32,-38,-22,-50,-12,-52,-21,-53,-36,-32,-17,-63,-26,-55,-26,-60,-26,-56,-26,-40,-37,-37,-39,-40,-26,-40,-24,-40,-18,-40,-16,-36,-29,-26,-31,-24,-32,-30,-43,-39,-38,-45,-21,-40,-18,-33,-29,-30,-34,-23,-28,-21,-29,-17,-36,-13,-39,-12,-32,-2,-22,10,-14,3,-3,0,0,0,0,0,0,0,0,-1,-1,-4,-6,-31,-43,-35,-42,-41,-44,-37,-52,-38,-58,-39,-57,-41,-57,-41,-54,-36,-45,-31,-43,-28,-40,-27,-38,-27,-46,-31,-49,-38,-43,-43,-43,-46,-51,-44,-53,-36,-49,-41,-44,-46,-43,-37,-37,-32,-29,-29,-30,-23,-36,-22,-37,-30,-32,-42,-31,-49,-36,-51,-39,-52,-41,-44,-21,-35,-14,-32,-15,-34,-19,-30,-31,-30,-33,-33,-28,-34,-32,-35,-32,-34,-31,-27,-35,-20,-34,-19,-28,-19,-28,-22,-29,-35,-30,-39,-30,-27,-31,-20,-29,-19,-23,-16,-22,-9,-25,-1,-25,1,-24,1,-21,2,-15,0,-4,-1,-1,-1,-1,-1,-1,-1,-1,-1,-1,-1,-1,-1,-1,-1,-1,-1,-1,-1,-2,-4,-10,0,-17,10,-25,14,-27,3,-19,-2,-10,2,-11,4,-15,10,-15,16,-17,18,-24,21,-26,27,-28,29,-26,27,-17,32,-20,34,-28,25,-22,23,-14,28,-18,32,-23,33,-23,34,-19,44,-17,54,-20,48,-19,44,-28,43,-15,44,-17,40,-17,37,-18,44,-17,50,-16,47,-24,46,-33,50,-35,50,-39,46,-43,41,-39,39,-34,38,-33,46,-38,59,-43,58,-44,49,-43,46,-41,44,-40,42,-40,44,-38,48,-37,50,-42,48,-45,50,-39,53,-31,64,-37,66,-40,51,-37,5,-5]"
CSI_DATA,6038,1a:00:00:00:00:00,-5,11,1,0,1,1,1,0,0,0,0,-96,0,11,2,112206765,0,47,1,384,1,"[47,-16,2,0,0,0,0,0,0,0,5,-15,27,-60,28,-62,26,-68,26,-67,23,-60,22,-56,23,-51,26,-51,29,-60,22,-66,17,-65,12,-64,9,-68,22,-68,31,-64,14,-73,3,-74,9,-52,8,-39,15,-40,20,-44,14,-47,-1,-44,-21,-45,-13,-52,4,-57,-2,-32,-12,-62,-3,-59,-3,-63,-6,-57,6,-54,8,-59,-4,-56,-5,-53,-10,-48,-13,-49,-1,-52,8,-38,12,-35,18,-47,9,-51,-12,-51,-14,-48,2,-45,9,-42,6,-37,3,-37,12,-37,21,-34,14,-30,10,-13,13,-1,3,0,0,0,0,0,0,0,0,0,-1,-1,2,-5,26,-37,35,-42,43,-45,52,-33,42,-44,40,-47,38,-50,35,-50,28,-47,27,-43,25,-41,24,-41,29,-39,30,-40,25,-49,28,-54,36,-53,39,-50,36,-48,30,-51,29,-52,26,-44,19,-39,19,-39,24,-37,25,-32,19,-34,14,-43,19,-47,24,-48,44,-43,8,-46,3,-41,0,-36,3,-37,14,-42,16,-45,13,-44,17,-44,16,-43,14,-39,20,-35,20,-27,14,-28,12,-32,15,-32,18,-37,16,-42,13,-33,18,-25,23,-24,23,-27,20,-20,16,-9,16,-7,18,-6,19,-8,4,-3,-1,-1,0,0,0,0,0,0,0,0,-1,-1,-1,-1,-1,-1,-1,-1,2,-1,12,-4,17,-1,22,10,23,16,18,5,12,-2,15,-2,18,2,11,12,14,21,25,23,26,19,25,22,24,22,17,18,21,29,27,40,20,31,18,25,23,27,24,26,22,25,19,30,19,43,22,51,24,42,29,39,23,43,29,47,34,42,32,37,25,42,22,45,30,42,36,44,35,48,38,46,42,42,45,38,46,34,43,32,42,40,44,52,50,49,54,40,49,35,46,35,51,35,48,36,42,37,46,38,49,39,45,38,19,46,24,58,34,63,40,51,5,5]"
CSI_DATA,6039,1a:00:00:00:00:00,-6,11,1,0,1,1,1,0,0,0,0,-96,0,11,2,112217764,0,47,1,384,1,"[47,-16,2,0,0,0,0,0,0,0,14,-6,54,-22,52,-24,56,-27,63,-19,65,-8,66,-13,65,-28,57,-35,47,-34,44,-30,52,-28,59,-36,57,-34,54,-24,54,-25,46,-27,34,-18,34,-21,33,-34,40,-29,48,-19,37,-23,27,-30,28,-39,34,-41,33,-35,13,-24,31,-59,31,-62,21,-71,19,-65,24,-47,28,-46,29,-45,30,-36,36,-35,35,-39,33,-39,40,-33,35,-29,20,-30,19,-37,27,-45,29,-42,25,-35,23,-28,29,-22,30,-26,19,-27,15,-22,29,-20,39,-16,42,-9,11,-2,0,0,0,0,0,0,0,0,-1,-1,4,6,36,45,43,37,49,31,53,27,54,3,54,4,56,4,59,8,55,13,57,13,60,8,56,3,54,0,49,0,45,0,50,-5,50,-6,47,-3,50,-1,51,-3,44,-1,35,4,31,-2,33,2,31,12,31,7,36,1,39,-7,39,-15,38,-20,50,-3,34,-17,36,-17,35,-25,31,-25,25,-12,31,-8,39,-10,36,-10,32,-14,32,-15,29,-13,27,-12,32,-9,38,-4,38,-7,34,-13,27,-8,24,-2,28,-1,31,2,30,6,24,7,21,3,20,3,13,5,7,3,1,0,-1,-1,-1,-1,0,0,0,0,0,0,-1,-1,-1,-1,-1,-1,-1,-1,1,5,5,20,11,15,12,17,3,22,-5,22,-5,17,0,16,3,22,5,30,3,32,-8,35,-13,43,-8,47,-6,42,-14,39,-23,40,-23,36,-19,32,-16,34,-18,30,-23,31,-26,41,-25,45,-26,39,-28,38,-28,40,-36,35,-37,37,-41,37,-41,44,-37,49,-31,53,-22,53,-19,46,-23,44,-18,49,-5,53,-1,58,-9,60,-17,61,-20,64,-15,64,-11,62,-13,58,-14,55,-13,55,-12,58,-11,64,-9,65,-7,62,-6,61,-10,63,-15,63,-32,58,-14,59,-13,61,-32,56,-6,6]"
CSI_DATA,6041,1a:00:00:00:00:00,-5,11,1,0,1,1,1,0,0,0,0,-96,0,11,2,112239764,0,47,1,384,1,"[47,-16,2,0,0,0,0,0,0,0,6,13,25,54,30,51,36,54,29,62,20,66,25,67,38,62,43,50,38,42,34,43,37,51,45,53,39,51,27,49,31,51,32,48,21,39,26,34,40,30,37,38,31,48,31,39,29,26,36,23,40,30,36,30,25,9,64,18,60,22,64,11,61,5,50,11,52,16,51,22,40,25,38,28,41,25,36,24,29,33,25,26,25,10,34,14,48,23,48,24,40,20,31,17,27,22,34,22,30,13,16,13,15,26,16,35,12,39,2,10,0,0,0,0,0,0,0,0,-1,-1,-4,6,-25,51,-16,57,-7,57,-1,54,11,54,12,55,13,58,10,61,4,60,4,63,11,63,14,54,15,50,14,49,14,50,19,53,18,50,13,48,15,52,19,51,13,43,6,36,13,33,12,37,3,37,6,35,13,37,20,39,27,37,30,34,20,42,28,30,29,34,37,31,36,25,23,22,23,28,27,35,22,33,21,28,22,26,18,24,16,26,17,32,19,35,24,33,27,31,20,28,13,25,12,26,10,30,7,31,5,26,3,21,-2,22,-8,18,-9,13,-2,2,0,0,0,0,-1,-1,-1,-1,0,0,0,0,0,0,-1,-1,-1,-1,-7,3,-22,14,-16,16,-16,15,-21,8,-22,0,-18,-2,-15,2,-18,9,-23,13,-27,9,-34,-2,-44,-4,-48,3,-43,2,-39,-5,-41,-12,-40,-13,-37,-9,-38,-8,-34,-12,-34,-15,-43,-14,-48,-12,-45,-16,-43,-22,-46,-22,-47,-28,-47,-27,-48,-30,-56,-29,-60,-25,-61,-16,-55,-6,-47,-6,-47,-11,-50,-6,-53,8,-61,13,-65,6,-68,-2,-72,-4,-70,1,-65,2,-62,-2,-61,-3,-59,-1,-59,4,-65,8,-67,9,-64,10,-65,12,-67,7,-66,3,-61,-10,-61,6,-64,8,-66,-8,-9,-3]"
CSI_DATA,6042,1a:00:00:00:00:00,-5,11,1,0,1,1,1,0,0,0,0,-96,0,11,2,112250764,0,47,1,384,1,"[47,-16,2,0,0,0,0,0,0,0,-14,8,-53,33,-53,33,-56,38,-59,34,-54,22,-50,18,-48,22,-49,26,-55,31,-56,31,-59,25,-60,30,-60,39,-66,31,-68,24,-56,42,-45,45,-40,24,-36,18,-38,8,-44,-1,-47,8,-41,24,-32,41,-38,41,-49,33,-29,20,-59,41,-58,32,-59,33,-51,30,-48,15,-52,15,-45,25,-40,27,-37,25,-38,21,-46,13,-45,5,-48,4,-58,2,-56,9,-46,20,-43,19,-45,11,-42,5,-38,0,-42,0,-46,-4,-47,-9,-37,-6,-17,-6,-4,-12,-1,-4,0,0,0,0,0,0,0,0,-1,-1,-5,2,-42,16,-51,16,-54,17,-61,9,-62,20,-60,23,-59,23,-58,22,-48,22,-45,17,-44,17,-42,19,-47,14,-51,12,-51,20,-54,23,-63,19,-66,16,-61,13,-58,19,-56,25,-48,19,-40,18,-38,12,-42,1,-44,-3,-45,6,-49,19,-54,23,-56,20,-63,10,-44,26,-37,23,-35,18,-36,16,-40,7,-43,7,-46,13,-52,10,-50,7,-45,4,-44,-2,-41,-5,-39,-3,-41,-3,-41,-3,-47,3,-50,5,-43,-3,-36,-8,-33,-7,-33,-8,-28,-13,-23,-16,-25,-17,-20,-15,-12,-12,-3,-3,-1,-1,-1,-1,-1,-1,0,0,-1,-1,-1,-1,-1,-1,-1,-1,-1,-1,-3,1,-13,5,-22,1,-33,-5,-35,-6,-23,-1,-13,-1,-14,-5,-20,-9,-23,-18,-25,-19,-31,-14,-34,-14,-38,-20,-36,-25,-23,-26,-25,-28,-33,-30,-26,-28,-20,-27,-25,-28,-31,-30,-28,-32,-21,-33,-22,-45,-28,-56,-29,-48,-33,-37,-24,-44,-29,-44,-29,-40,-26,-39,-22,-47,-20,-53,-26,-50,-33,-49,-36,-51,-41,-51,-43,-48,-40,-41,-34,-38,-30,-40,-35,-49,-43,-62,-43,-60,-43,-51,-42,-49,-39,-47,-39,-46,-34,-51,-26,-55,-31,-54,-35,-54,-30,-55,-11,-56,-16,-68,-18,-74,-18,-58,-3,-7]"
CSI_DATA,6043,1a:00:00:00:00:00,-5,11,1,0,1,1,1,0,0,0,0,-96,0,11,2,112261763,0,47,1,384,1,"[47,-16,2,0,0,0,0,0,0,0,-12,14,-43,53,-31,54,-24,60,-32,61,-34,60,-31,63,-23,60,-15,52,-14,45,-13,50,-7,66,1,75,-7,73,-17,62,-13,54,-12,56,-14,54,-3,48,12,47,6,51,-1,54,0,45,6,31,22,35,28,49,19,52,18,22,47,42,29,41,27,33,37,30,42,31,47,31,44,34,35,35,30,35,32,30,29,29,22,34,19,26,16,14,24,24,45,37,50,35,37,27,23,22,19,20,28,18,23,17,10,21,16,27,18,30,8,32,1,9,0,0,0,0,0,0,0,0,-1,-1,-8,-1,-60,3,-61,15,-55,22,-48,24,-44,33,-41,32,-41,34,-44,35,-46,34,-47,37,-41,43,-33,40,-32,35,-33,33,-33,39,-33,46,-36,41,-36,33,-31,36,-24,41,-23,36,-22,27,-18,28,-22,30,-26,28,-21,28,-16,29,-11,30,-6,33,-4,37,-29,33,0,30,-6,37,1,43,9,39,7,27,3,29,-2,37,-5,35,-3,33,-1,29,-4,22,-5,19,-4,23,-2,28,2,31,6,32,6,28,4,23,-3,20,-11,20,-9,20,-4,16,-4,12,-9,12,-12,9,-8,5,-2,1,-1,-1,-1,-1,-1,-1,0,0,-1,-1,-1,-1,0,0,0,-1,-2,-2,-5,-6,-12,-18,-7,-14,-2,-9,3,-13,3,-17,1,-19,-3,-21,-6,-21,-4,-20,1,-21,9,-27,9,-31,6,-32,5,-33,8,-33,15,-36,20,-38,15,-37,11,-37,5,-36,4,-40,8,-42,14,-41,18,-40,21,-42,22,-44,26,-45,22,-48,24,-52,19,-57,13,-60,5,-58,3,-55,2,-53,2,-53,3,-52,-2,-54,-10,-58,-15,-62,-16,-66,-14,-70,-10,-67,-10,-66,-12,-65,-14,-62,-18,-57,-25,-59,-29,-62,-30,-62,-28,-59,-28,-58,-27,-56,-29,-53,-11,-54,-15,-57,-20,-60,-24,-65,-5,-13]"
CSI_DATA,6045,1a:00:00:00:00:00,-6,11,1,0,1,1,1,0,0,0,0,-96,0,11,2,112283763,0,47,1,384,1,"[47,-16,2,0,0,0,0,0,0,0,-3,-19,-11,-71,-17,-66,-24,-66,-22,-70,-23,-66,-24,-62,-23,-54,-22,-50,-20,-54,-28,-56,-40,-53,-47,-47,-47,-51,-38,-58,-32,-56,-44,-53,-49,-50,-39,-37,-38,-28,-40,-32,-43,-36,-40,-34,-34,-22,-45,-5,-55,-9,-51,-27,-29,-7,-63,0,-53,-15,-48,-19,-47,-12,-52,-11,-61,-5,-64,3,-65,-1,-59,-2,-53,1,-46,-5,-34,-10,-29,-9,-32,-13,-41,-9,-56,8,-56,13,-45,0,-41,-10,-34,-6,-34,6,-35,-4,-33,-18,-33,-10,-21,-5,-10,-12,-2,-4,0,0,0,0,0,0,0,0,-1,-1,0,-6,7,-52,7,-63,9,-65,16,-55,6,-62,2,-61,-2,-60,-6,-60,-9,-57,-10,-55,-16,-50,-19,-46,-12,-48,-12,-50,-21,-55,-26,-60,-20,-62,-15,-60,-18,-53,-23,-51,-22,-52,-21,-45,-23,-37,-24,-40,-23,-41,-22,-36,-25,-32,-32,-33,-33,-35,-31,-35,-24,-47,-41,-20,-38,-18,-35,-15,-36,-16,-38,-20,-42,-19,-44,-18,-45,-21,-43,-19,-38,-19,-30,-23,-22,-18,-25,-11,-33,-10,-35,-12,-41,-15,-45,-14,-36,-10,-28,-15,-27,-23,-31,-20,-28,-17,-16,-17,-11,-18,-11,-20,-14,-21,-5,-6,-1,-1,0,0,0,0,0,0,0,0,-1,-1,-1,-1,-1,-1,-1,-1,2,-1,12,2,11,6,6,13,5,18,12,13,17,10,20,10,16,11,4,13,-1,21,6,31,12,28,11,27,12,28,13,24,8,35,5,45,9,36,15,32,16,31,19,25,18,25,14,33,8,43,5,49,13,44,18,47,18,44,22,51,31,48,35,41,29,41,26,39,33,35,37,41,35,46,39,39,45,34,50,31,55,28,56,28,52,34,51,41,59,37,63,28,57,21,55,19,63,16,63,15,60,17,61,18,62,18,59,15,38,24,47,31,62,32,72,16,9,0]"
CSI_DATA,6046,1a:00:00:00:00:00,-5,11,1,0,1,1,1,0,0,0,0,-96,0,11,2,112294809,0,47,1,384,1,"[47,-16,2,0,0,0,0,0,0,0,16,-6,63,-21,58,-23,61,-27,66,-24,60,-14,54,-9,50,-14,53,-19,58,-25,57,-23,61,-17,61,-22,60,-32,64,-23,65,-14,57,-34,48,-43,42,-23,37,-18,36,-11,38,0,41,-5,39,-19,33,-40,38,-41,51,-34,27,-21,51,-44,49,-36,50,-36,47,-32,50,-18,49,-16,40,-24,41,-29,37,-27,35,-20,44,-15,44,-11,46,-7,58,-8,55,-18,43,-26,40,-19,45,-15,43,-13,36,-3,41,0,48,5,51,12,43,8,25,6,11,12,1,3,0,0,0,0,0,0,0,0,-1,-1,6,-1,51,-3,54,-4,58,-8,64,-3,67,-11,66,-15,66,-15,63,-14,53,-13,50,-11,48,-12,48,-14,54,-10,56,-9,51,-15,51,-17,59,-14,61,-12,56,-10,55,-18,55,-23,48,-15,39,-14,36,-11,39,-2,42,1,42,-5,44,-18,49,-24,52,-24,54,-20,38,-30,31,-25,29,-20,32,-19,38,-9,39,-8,41,-15,48,-16,48,-15,42,-10,42,-2,39,2,37,-1,41,-1,42,-4,43,-16,45,-16,42,-5,38,0,32,1,30,3,29,8,27,15,27,16,21,13,14,11,3,2,-1,-1,0,0,0,0,-1,-1,0,0,0,0,-1,-1,-1,-1,-1,-1,3,0,16,3,20,9,22,22,21,23,17,13,13,8,10,12,13,19,12,26,12,29,19,29,20,32,20,37,19,41,8,38,4,37,10,41,10,36,6,32,7,34,9,41,7,43,2,41,-1,51,0,62,3,52,5,41,0,45,4,49,4,45,4,44,0,50,-1,55,6,57,13,59,15,63,21,63,25,59,22,52,15,50,11,51,15,59,20,71,20,68,22,58,24,56,24,54,24,54,20,57,15,60,20,61,24,61,17,60,-4,59,0,70,3,77,1,68,0,7]"
CSI_DATA,6047,1a:00:00:00:00:00,-5,11,1,0,1,1,1,0,0,0,0,-96,0,11,2,112305800,0,47,1,384,1,"[47,-16,2,0,0,0,0,0,0,0,1,-16,6,-62,7,-66,4,-72,5,-71,8,-61,8,-56,7,-53,9,-54,11,-62,10,-66,9,-65,4,-67,-2,-70,8,-70,16,-67,-3,-71,-12,-68,1,-53,4,-45,10,-42,17,-43,9,-48,-4,-48,-19,-48,-13,-52,0,-58,-4,-33,-12,-64,-4,-62,-2,-66,0,-59,11,-51,9,-53,-1,-54,-3,-54,-5,-51,-2,-48,8,-48,13,-39,16,-38,25,-49,19,-54,1,-55,-2,-50,10,-42,18,-38,18,-36,17,-38,23,-36,30,-32,19,-30,8,-16,10,-1,3,0,0,0,0,0,0,0,0,0,-1,-1,-2,-6,-6,-51,0,-59,4,-62,12,-63,12,-66,10,-66,11,-67,9,-64,4,-55,5,-50,5,-47,5,-46,13,-52,15,-55,5,-56,1,-58,7,-66,12,-66,12,-59,7,-61,4,-63,4,-55,-1,-48,3,-46,13,-44,17,-45,8,-46,-3,-51,-1,-57,3,-59,2,-61,-11,-48,-10,-41,-4,-36,-1,-40,9,-46,10,-49,4,-52,7,-55,8,-53,9,-49,13,-44,14,-36,12,-35,15,-38,18,-39,13,-48,9,-52,13,-42,17,-35,16,-35,15,-34,19,-25,21,-16,20,-18,15,-15,11,-10,2,-3,-1,-1,-1,-1,-1,-1,-1,-1,-1,-1,-1,-1,-1,-1,-1,-1,-1,0,1,-3,5,-12,11,-15,23,-15,26,-16,14,-15,7,-9,8,-9,13,-11,20,-4,26,-3,29,-13,29,-14,35,-11,36,-9,28,-1,35,0,48,-6,40,-5,31,-2,34,-4,39,-6,39,-4,37,3,46,12,56,15,50,8,45,-2,46,10,51,7,47,2,44,2,48,9,51,14,55,6,62,0,67,2,67,0,61,-4,53,-6,49,-7,49,-6,60,-4,74,1,73,-1,66,-6,62,-6,60,-6,61,-10,62,-5,62,4,62,3,61,-1,60,3,54,15,67,17,75,14,71,3,8,-1]"
CSI_DATA,6049,1a:00:00:00:00:00,-4,11,1,0,1,1,1,0,0,0,0,-96,0,11,2,112327761,0,47,1,384,1,"[47,-16,2,0,0,0,0,0,0,0,-8,13,-34,54,-35,57,-33,63,-35,62,-31,53,-29,48,-28,46,-30,47,-35,53,-31,59,-27,60,-23,62,-23,69,-35,66,-40,59,-22,70,-12,72,-14,51,-13,38,-20,35,-29,38,-25,45,-7,46,13,50,4,53,-14,54,-5,30,-3,62,-13,57,-14,60,-8,56,-16,51,-16,55,-5,57,-4,54,-1,51,0,51,-14,51,-20,38,-21,35,-27,44,-20,49,-3,53,0,52,-11,45,-16,40,-15,37,-14,40,-20,38,-28,32,-19,28,-10,12,-13,-1,-4,-1,0,0,0,0,0,0,0,0,-1,-1,-4,4,-29,35,-36,40,-44,41,-51,31,-47,41,-44,45,-43,47,-41,48,-32,44,-29,39,-27,38,-25,37,-32,35,-35,37,-30,47,-33,53,-42,53,-46,50,-41,45,-35,48,-34,52,-30,44,-22,38,-23,35,-29,31,-31,28,-24,33,-19,44,-25,49,-30,48,-45,43,-13,46,-9,40,-9,34,-12,37,-22,40,-22,42,-19,44,-25,44,-24,42,-22,39,-27,36,-27,28,-21,26,-21,29,-24,28,-26,36,-25,42,-24,33,-26,23,-27,21,-27,24,-25,19,-22,10,-22,9,-22,7,-20,7,-6,2,-1,-1,-1,-1,0,0,0,0,0,0,-1,-1,-1,-1,-1,-1,-1,-1,-4,1,-15,3,-20,-3,-25,-13,-28,-14,-23,-6,-16,-4,-15,-4,-17,-6,-14,-16,-17,-23,-27,-22,-28,-19,-29,-23,-28,-25,-18,-23,-23,-31,-33,-39,-26,-30,-18,-25,-23,-29,-28,-28,-25,-28,-21,-31,-22,-44,-27,-54,-29,-46,-35,-38,-26,-44,-32,-45,-34,-40,-32,-36,-27,-44,-23,-50,-30,-47,-38,-46,-39,-49,-43,-47,-47,-43,-47,-37,-46,-33,-43,-32,-42,-41,-48,-54,-54,-51,-56,-40,-50,-36,-48,-35,-53,-34,-49,-37,-42,-41,-45,-42,-49,-41,-44,-41,-22,-48,-29,-60,-37,-66,-40,-50,-6,-5]"
CSI_DATA,6050,1a:00:00:00:00:00,-6,11,1,0,1,1,1,0,0,0,0,-96,0,11,2,112338761,0,47,1,384,1,"[47,-16,2,0,0,0,0,0,0,0,-12,11,-45,42,-39,45,-38,52,-47,47,-54,41,-52,47,-43,55,-32,55,-25,48,-27,47,-30,55,-27,65,-30,59,-31,45,-29,46,-31,48,-33,39,-25,40,-12,49,-18,50,-29,50,-22,44,-9,34,-1,40,-3,50,-8,47,5,27,18,65,8,61,17,55,22,52,16,49,15,52,11,56,3,50,-2,49,1,49,1,43,-9,43,-5,36,5,25,6,35,9,56,8,55,5,44,2,35,-2,33,4,37,5,29,-5,19,-13,28,-16,35,-24,34,-8,8,0,0,0,0,0,0,0,0,-1,-1,-8,-3,-59,-12,-64,0,-62,9,-54,15,-48,26,-48,26,-51,27,-54,24,-55,18,-58,20,-56,28,-48,30,-44,27,-43,25,-45,27,-46,34,-45,31,-43,22,-42,24,-39,30,-36,23,-32,15,-27,19,-29,19,-33,13,-31,16,-30,22,-27,26,-23,31,-20,34,-38,18,-16,28,-24,32,-21,41,-13,42,-11,28,-16,29,-23,35,-24,29,-19,25,-17,25,-16,21,-17,19,-21,21,-23,23,-19,27,-16,30,-17,24,-17,16,-19,15,-22,15,-21,12,-17,10,-16,8,-18,4,-14,-1,-9,-2,-2,-1,-1,-1,0,0,0,0,0,0,0,0,-1,-1,-1,-1,-1,-1,-1,-1,-6,-6,-19,-19,-15,-13,-11,-11,-7,-16,-3,-19,0,-19,-3,-16,-12,-14,-16,-17,-11,-23,-1,-34,-3,-41,-11,-38,-10,-36,-4,-37,5,-43,10,-42,5,-38,0,-40,2,-38,4,-38,3,-45,2,-48,8,-44,14,-43,11,-49,8,-52,14,-52,17,-53,14,-60,11,-64,1,-63,-9,-55,-5,-48,2,-52,-3,-52,-16,-50,-24,-56,-20,-63,-16,-68,-16,-72,-16,-68,-13,-61,-10,-63,-11,-63,-15,-59,-20,-57,-25,-63,-27,-65,-27,-61,-26,-58,-22,-60,-20,-59,-7,-54,-17,-56,-21,-63,-15,-71,-2,-10]"
CSI_DATA,6051,1a:00:00:00:00:00,-5,11,1,0,1,1,1,0,0,0,0,-96,0,11,2,112349761,0,47,1,384,1,"[47,-16,2,0,0,0,0,0,0,0,-7,-15,-27,-57,-28,-57,-33,-61,-30,-63,-19,-56,-14,-52,-18,-47,-21,-47,-25,-54,-27,-57,-23,-61,-29,-62,-36,-62,-27,-66,-22,-66,-42,-58,-45,-49,-23,-43,-17,-39,-9,-40,-1,-44,-10,-46,-26,-39,-43,-32,-40,-37,-32,-46,-20,-27,-40,-56,-32,-58,-33,-59,-30,-50,-16,-49,-16,-52,-27,-45,-29,-41,-27,-38,-23,-39,-17,-48,-10,-46,-8,-48,-7,-57,-11,-56,-21,-47,-21,-44,-15,-44,-8,-41,-2,-38,-2,-42,1,-46,8,-48,4,-40,3,-20,12,-6,4,-1,0,0,0,0,0,0,0,0,-1,-1,-2,-6,-12,-46,-10,-54,-10,-58,-2,-63,-13,-65,-17,-63,-16,-64,-16,-62,-17,-51,-14,-48,-14,-47,-15,-45,-9,-49,-9,-53,-18,-52,-20,-53,-16,-63,-13,-65,-12,-60,-18,-59,-22,-57,-17,-49,-16,-42,-12,-42,-2,-44,1,-45,-7,-44,-21,-48,-24,-53,-20,-55,-13,-59,-27,-43,-24,-39,-18,-35,-16,-35,-8,-43,-8,-47,-14,-49,-12,-54,-9,-51,-8,-46,-3,-45,-1,-43,-3,-41,-1,-42,1,-41,-6,-48,-10,-52,-2,-44,3,-37,1,-36,2,-36,8,-31,14,-26,14,-28,11,-22,8,-13,1,-3,-1,-1,-1,-1,-1,-1,0,0,-1,-1,-1,-1,-1,-1,-1,-1,-1,-1,0,-4,1,-15,8,-18,19,-24,21,-27,11,-21,5,-12,6,-11,12,-16,21,-14,25,-15,25,-24,25,-27,32,-28,36,-25,31,-13,33,-11,41,-20,36,-15,31,-10,33,-15,37,-19,38,-17,37,-9,50,-5,62,-8,53,-13,44,-19,47,-9,49,-13,45,-16,43,-14,49,-8,53,-5,52,-12,54,-20,58,-22,59,-26,55,-28,47,-26,43,-23,45,-20,56,-23,68,-26,65,-27,56,-30,55,-30,53,-28,52,-29,56,-23,58,-16,58,-20,59,-25,59,-21,57,0,66,-1,74,-4,63,-8,6,-2]"
CSI_DATA,6053,1a:00:00:00:00:00,-6,11,1,0,1,1,1,0,0,0,0,-96,0,11,2,112371760,0,47,1,384,1,"[47,-16,2,0,0,0,0,0,0,0,13,-7,53,-25,51,-23,55,-25,60,-20,59,-6,58,-3,58,-14,58,-23,57,-28,54,-23,60,-12,66,-19,62,-27,61,-15,64,-10,54,-23,40,-25,39,-15,38,-21,40,-10,45,6,43,0,40,-13,38,-29,42,-34,45,-29,28,-17,67,-34,64,-36,64,-41,58,-33,50,-15,51,-12,49,-17,43,-17,40,-12,40,-6,45,-7,48,-7,48,-5,50,-7,51,-13,51,-15,47,-9,43,-8,38,-4,35,9,39,13,43,6,43,6,37,14,24,18,15,21,3,6,0,0,0,0,0,0,0,0,-1,-1,6,0,48,8,50,4,55,-4,63,-12,61,-20,59,-17,61,-14,62,-12,54,-9,52,-5,53,-6,50,-11,52,-14,52,-12,51,-12,55,-15,60,-18,59,-14,59,-7,60,-15,52,-19,40,-10,36,-10,38,-3,40,7,43,5,47,-2,47,-12,46,-19,49,-22,58,-21,47,-21,40,-21,39,-25,43,-19,45,-1,48,0,48,-9,47,-9,43,-8,41,-5,43,0,44,2,48,3,52,3,51,0,47,-4,45,-3,41,1,37,1,35,4,34,11,32,16,29,17,27,17,20,16,16,14,3,3,-1,-1,0,0,0,0,-1,-1,0,0,0,0,-1,-1,-1,-1,-1,-1,4,3,16,9,19,4,27,5,27,9,17,9,10,10,10,13,14,17,19,20,25,20,27,24,27,32,31,35,29,37,20,37,17,35,21,34,18,33,13,35,10,35,11,36,15,41,15,41,15,47,17,55,14,52,9,43,-1,46,3,48,5,52,7,53,8,53,9,53,11,50,13,50,22,51,36,48,40,48,29,48,17,49,13,53,22,58,30,62,26,59,22,56,24,56,24,52,20,52,17,57,17,58,21,59,22,60,17,60,13,60,22,68,18,70,0,59,-2,6]"
CSI_DATA,6054,1a:00:00:00:00:00,-6,11,1,0,1,1,1,0,0,0,0,-96,0,11,2,112382760,0,47,1,384,1,"[47,-16,2,0,0,0,0,0,0,0,17,1,68,7,68,2,71,-3,73,-1,68,-4,64,-5,57,-5,53,-3,59,-1,63,-7,62,-18,58,-25,62,-26,68,-16,66,-9,67,-23,64,-32,49,-23,41,-22,45,-20,49,-21,46,-22,32,-25,22,-42,32,-45,49,-34,21,-23,30,-54,38,-41,40,-37,33,-38,37,-37,39,-45,32,-53,34,-51,31,-48,26,-47,29,-38,27,-23,27,-18,35,-20,32,-30,21,-51,19,-53,26,-37,30,-29,22,-26,15,-30,23,-25,32,-16,25,-19,14,-11,11,2,3,1,0,0,0,0,0,0,0,0,-1,-1,5,1,50,16,61,18,62,19,50,26,58,20,59,17,60,13,60,9,57,5,55,4,50,-1,47,-4,48,4,50,5,57,-3,63,-6,66,1,64,5,58,2,56,-2,56,-3,49,-4,44,-8,47,-7,47,-5,41,-5,37,-11,42,-16,47,-13,49,-11,56,2,37,-25,34,-24,28,-23,29,-24,37,-22,40,-26,39,-28,40,-27,36,-28,33,-25,34,-16,29,-10,25,-14,28,-20,29,-19,35,-23,37,-28,28,-24,28,-15,33,-10,33,-12,27,-8,19,0,17,3,19,2,22,-2,6,-2,-1,-1,-1,-1,0,0,0,0,-1,-1,-1,-1,-1,-1,-1,-1,-1,-1,-1,2,-1,12,-5,13,-14,10,-17,10,-8,15,-3,18,-4,21,-7,18,-12,6,-22,4,-30,15,-27,18,-27,16,-27,17,-21,16,-32,16,-44,18,-34,18,-28,19,-27,20,-21,20,-22,20,-31,18,-43,15,-49,15,-43,22,-41,29,-43,23,-48,28,-43,36,-35,38,-38,31,-39,27,-36,35,-42,41,-49,39,-44,42,-38,47,-33,49,-29,52,-29,53,-36,52,-45,52,-40,59,-32,62,-27,56,-25,54,-23,59,-21,60,-24,57,-26,59,-27,60,-25,57,-32,35,-40,42,-42,57,-24,67,-2,8]"
CSI_DATA,6055,1a:00:00:00:00:00,-6,11,1,0,1,1,1,0,0,0,0,-96,0,11,2,112393760,0,47,1,384,1,"[47,-16,2,0,0,0,0,0,0,0,3,14,10,56,10,56,11,61,5,65,-8,62,-8,63,6,65,14,63,18,58,15,53,5,61,9,71,14,67,4,60,0,62,6,53,6,38,5,39,15,41,5,43,-9,46,-2,41,8,39,20,44,23,49,19,45,13,25,29,61,33,61,45,59,37,55,19,49,15,48,15,45,10,40,6,42,5,45,6,47,1,51,1,49,8,43,11,42,12,48,9,48,9,43,6,37,-6,33,-8,38,0,37,3,32,-9,35,-22,33,-28,27,-8,6,0,0,0,0,0,0,0,0,-1,-1,-7,4,-47,35,-43,40,-41,46,-37,52,-16,57,-20,57,-21,57,-22,57,-25,50,-28,48,-26,51,-20,51,-17,52,-18,48,-16,44,-13,50,-11,52,-14,47,-19,47,-19,50,-19,45,-20,33,-15,30,-19,27,-27,22,-25,26,-22,31,-16,34,-8,38,-4,42,-30,46,-8,39,-3,36,3,41,-1,38,-13,25,-20,28,-21,37,-17,35,-11,33,-13,32,-14,29,-13,26,-17,27,-26,27,-24,30,-15,33,-13,26,-17,19,-21,21,-23,21,-27,15,-27,10,-22,10,-20,12,-18,8,-17,4,-5,1,0,0,0,0,0,0,-1,-1,0,0,0,0,-1,-1,-1,-1,-1,-1,-5,3,-15,15,-7,19,-9,22,-18,15,-21,7,-16,6,-15,8,-22,12,-28,16,-29,19,-33,14,-43,10,-46,13,-44,11,-43,2,-44,-3,-40,-1,-36,0,-36,0,-33,-6,-37,-11,-48,-10,-50,-8,-46,-10,-48,-10,-48,-10,-41,-22,-45,-24,-48,-26,-54,-25,-55,-21,-55,-17,-55,-14,-52,-10,-52,-11,-56,-5,-59,8,-62,11,-61,1,-60,-9,-63,-12,-66,-7,-69,-3,-65,-7,-59,-11,-59,-10,-60,-8,-62,-7,-63,-7,-59,-5,-60,-6,-63,-9,-64,-14,-58,-30,-63,-20,-64,-22,-55,-32,-7,-5]"
CSI_DATA,6057,1a:00:00:00:00:00,-6,11,1,0,1,1,1,0,0,0,0,-96,0,11,2,112415759,0,47,1,384,1,"[47,-16,2,0,0,0,0,0,0,0,-13,8,-48,35,-45,39,-48,43,-56,36,-61,27,-62,32,-57,44,-48,49,-39,44,-37,38,-44,39,-47,49,-44,45,-42,35,-43,39,-40,39,-33,28,-30,30,-25,43,-34,40,-45,33,-33,33,-20,34,-17,42,-23,46,-23,41,-6,26,-14,67,-17,67,-4,70,-1,65,-9,53,-14,54,-18,52,-22,41,-27,41,-24,46,-23,42,-32,36,-27,31,-10,28,-11,37,-18,51,-21,50,-19,41,-18,32,-24,28,-23,34,-13,29,-12,18,-26,20,-35,21,-39,15,-11,2,0,0,0,0,0,0,0,0,-1,-1,-7,-5,-52,-28,-58,-18,-59,-9,-56,-1,-52,17,-52,16,-56,16,-59,13,-59,6,-62,6,-62,13,-54,16,-49,18,-48,16,-49,16,-51,22,-49,22,-47,17,-50,18,-48,22,-42,17,-36,8,-32,13,-36,11,-36,2,-33,6,-36,14,-39,21,-36,28,-32,32,-45,20,-28,29,-32,30,-29,38,-23,37,-21,23,-28,22,-34,27,-31,22,-27,22,-27,24,-25,21,-26,19,-32,19,-36,19,-34,23,-31,27,-29,19,-27,12,-29,11,-32,9,-32,5,-25,4,-22,4,-24,1,-18,-4,-11,-5,-2,-1,0,0,0,0,-1,-1,-1,-1,0,0,0,0,0,0,0,-1,-1,-2,-6,-6,-18,-18,-17,-16,-15,-16,-12,-17,-9,-19,-4,-19,-6,-18,-13,-17,-15,-20,-12,-28,-8,-39,-7,-44,-6,-45,-6,-44,-3,-43,2,-44,6,-44,5,-40,5,-37,4,-36,6,-41,7,-46,9,-47,9,-47,12,-49,13,-50,25,-46,21,-49,23,-51,22,-58,16,-62,8,-60,4,-56,3,-51,1,-50,-4,-49,-12,-52,-16,-57,-14,-62,-11,-66,-10,-70,-9,-66,-7,-63,-7,-62,-7,-60,-8,-55,-11,-58,-15,-63,-17,-65,-18,-62,-15,-63,-12,-64,-14,-63,-1,-64,-3,-63,-3,-64,1,-66,-1,-12]"
CSI_DATA,6058,1a:00:00:00:00:00,-5,11,1,0,1,1,1,0,0,0,0,-96,0,11,2,112426759,0,47,1,384,1,"[47,-16,2,0,0,0,0,0,0,0,-13,-10,-48,-43,-51,-45,-58,-44,-56,-44,-46,-40,-40,-36,-39,-34,-41,-35,-46,-40,-53,-39,-55,-39,-59,-34,-64,-35,-59,-48,-52,-50,-66,-34,-69,-23,-47,-22,-35,-19,-30,-26,-32,-35,-41,-32,-47,-15,-55,1,-55,-9,-52,-26,-31,-12,-63,-18,-55,-26,-57,-29,-54,-23,-45,-29,-48,-30,-53,-19,-52,-18,-51,-16,-51,-15,-48,-27,-35,-30,-32,-30,-39,-37,-45,-33,-51,-18,-49,-14,-41,-21,-35,-25,-32,-24,-36,-25,-33,-32,-25,-39,-22,-30,-11,-17,2,-15,1,-5,0,0,0,0,0,0,0,0,-1,-1,-5,-4,-33,-33,-36,-44,-37,-50,-27,-54,-37,-51,-42,-49,-43,-49,-42,-49,-39,-40,-35,-35,-33,-33,-34,-31,-31,-38,-33,-42,-43,-38,-47,-39,-46,-49,-43,-53,-40,-47,-44,-41,-46,-41,-39,-36,-35,-29,-33,-30,-28,-36,-25,-36,-30,-29,-42,-27,-46,-33,-44,-39,-38,-52,-46,-23,-40,-17,-33,-15,-35,-18,-36,-31,-39,-33,-41,-29,-40,-33,-37,-31,-34,-29,-32,-35,-25,-34,-25,-29,-26,-28,-24,-29,-31,-34,-38,-34,-29,-30,-20,-29,-19,-32,-22,-34,-15,-30,-6,-26,-5,-27,-5,-24,-5,-22,-2,-6,-1,-1,-1,-1,0,0,0,0,-1,-1,-1,-1,-1,-1,-1,-1,-1,-1,-1,-3,-1,-14,3,-17,15,-21,18,-26,7,-22,3,-15,2,-16,4,-19,14,-13,22,-14,25,-26,23,-28,27,-27,28,-26,22,-17,29,-20,39,-29,33,-22,26,-16,28,-21,29,-25,29,-23,32,-17,46,-15,57,-19,49,-23,42,-29,45,-22,47,-27,43,-31,39,-30,44,-22,49,-18,46,-25,47,-32,52,-34,52,-37,47,-40,41,-40,36,-39,36,-36,45,-38,57,-41,54,-46,45,-50,41,-46,40,-43,40,-48,42,-44,45,-37,47,-39,48,-42,46,-39,51,-15,64,-21,69,-29,53,-33,5,-5]"
CSI_DATA,6059,1a:00:00:00:00:00,-6,11,1,0,1,1,1,0,0,0,0,-96,0,11,2,112437759,0,47,1,384,1,"[47,-16,2,0,0,0,0,0,0,0,-14,-12,-52,-42,-53,-31,-59,-26,-59,-34,-58,-38,-62,-33,-63,-25,-57,-16,-49,-13,-51,-13,-63,-9,-73,-2,-70,-8,-59,-15,-55,-11,-55,-12,-50,-16,-47,-3,-50,14,-54,7,-56,-2,-48,0,-34,6,-36,19,-49,23,-52,16,-24,18,-46,51,-46,35,-35,37,-30,43,-30,42,-33,45,-38,44,-39,32,-38,27,-34,31,-31,28,-37,20,-30,20,-14,19,-22,27,-34,44,-33,48,-25,35,-20,23,-21,21,-19,29,-16,24,-18,11,-27,14,-34,19,-38,13,-11,2,0,0,0,0,0,0,0,0,-1,-1,1,-8,5,-58,-7,-63,-15,-60,-17,-52,-31,-45,-30,-43,-32,-42,-32,-45,-29,-47,-31,-49,-38,-45,-37,-37,-32,-34,-29,-34,-33,-35,-40,-36,-37,-36,-30,-34,-32,-32,-36,-28,-30,-27,-22,-24,-25,-17,-27,-18,-22,-22,-22,-21,-24,-19,-27,-15,-32,-9,-38,-8,-30,-37,-27,-3,-33,-11,-40,-7,-37,2,-24,4,-26,0,-36,-6,-33,-9,-28,-6,-24,-5,-17,-7,-16,-7,-20,-9,-23,-11,-25,-5,-26,2,-22,3,-17,0,-15,-6,-16,-11,-15,-10,-13,-7,-11,-6,-7,-8,-1,-7,-1,-3,-1,-1,-1,-1,-1,-1,-1,-1,0,0,-1,-1,-1,-1,-1,0,0,0,1,-2,4,-4,17,-9,14,-7,12,-4,15,2,17,4,17,4,17,0,18,-5,19,-5,21,-2,27,4,32,6,35,5,36,5,34,8,35,15,35,20,33,16,34,14,35,9,38,9,40,11,38,16,37,18,39,21,41,22,44,24,45,25,48,26,54,22,58,16,56,8,53,5,50,4,50,2,49,1,51,-4,57,-11,63,-12,68,-12,72,-11,67,-7,65,-6,63,-6,61,-8,57,-13,59,-20,62,-25,61,-26,58,-25,58,-24,56,-23,54,-26,52,-8,54,-11,59,-13,65,-14,12,-3]"
CSI_DATA,6061,1a:00:00:00:00:00,-6,11,1,0,1,1,1,0,0,0,0,-96,0,11,2,112459758,0,47,1,384,1,"[47,-16,2,0,0,0,0,0,0,0,17,0,71,1,69,-6,71,-11,72,-9,68,-12,65,-14,57,-14,52,-13,56,-10,61,-16,59,-26,54,-33,58,-32,65,-23,63,-18,61,-32,59,-40,45,-30,36,-29,40,-29,44,-30,41,-28,28,-28,15,-44,23,-50,41,-42,15,-27,17,-62,27,-48,30,-41,23,-41,26,-45,24,-55,16,-60,20,-58,19,-55,14,-51,20,-42,21,-27,21,-22,26,-26,23,-36,11,-55,8,-57,16,-43,22,-36,16,-31,8,-33,16,-29,27,-22,20,-25,12,-15,12,-3,3,-1,0,0,0,0,0,0,0,0,-1,-1,5,2,48,17,60,17,62,18,51,26,59,16,59,13,59,8,59,5,56,2,55,0,50,-6,47,-8,48,0,50,1,55,-9,60,-11,63,-3,62,1,56,-4,53,-9,53,-8,45,-7,41,-11,44,-12,45,-10,38,-9,34,-14,38,-19,43,-18,45,-17,55,-4,32,-30,30,-29,24,-27,23,-26,30,-26,32,-29,32,-30,33,-30,28,-31,26,-27,28,-18,24,-11,21,-17,22,-25,23,-25,29,-29,30,-34,22,-29,23,-19,29,-14,30,-16,24,-13,18,-4,15,0,18,1,21,-3,5,-2,-1,-1,0,0,0,0,0,0,0,0,-1,-1,-1,-1,-1,-1,-1,-1,0,3,0,14,-6,14,-14,9,-16,8,-8,15,-5,19,-7,21,-9,17,-11,6,-21,3,-31,12,-29,17,-27,15,-26,16,-21,17,-34,15,-46,14,-36,15,-29,17,-27,17,-21,20,-23,21,-33,18,-43,13,-48,13,-43,20,-43,27,-43,22,-49,25,-45,34,-39,38,-40,32,-39,27,-35,33,-42,39,-48,36,-43,38,-38,45,-34,50,-30,54,-29,54,-36,50,-44,49,-40,56,-32,60,-25,54,-22,53,-20,60,-19,61,-21,58,-23,59,-25,61,-23,58,-33,36,-41,43,-43,56,-25,65,-2,8]"
CSI_DATA,6062,1a:00:00:00:00:00,-5,11,1,0,1,1,1,0,0,0,0,-96,0,11,2,112470787,0,47,1,384,1,"[47,-16,2,0,0,0,0,0,0,0,8,14,34,55,44,45,50,43,45,50,45,48,48,42,50,36,47,27,40,26,45,28,61,24,67,19,62,24,53,29,50,24,59,20,59,17,47,6,45,-4,49,5,53,12,51,10,40,-1,42,-20,50,-22,50,-11,24,-15,49,-39,51,-16,44,-13,39,-23,39,-30,40,-41,41,-45,47,-36,51,-30,45,-31,41,-25,40,-17,36,-15,32,-17,36,-28,43,-50,44,-52,39,-33,35,-23,30,-23,24,-31,25,-28,31,-15,31,-17,25,-16,23,-5,6,-1,0,0,0,0,0,0,0,0,-1,-1,1,5,17,48,29,56,36,55,26,48,25,51,31,48,34,47,34,49,35,47,41,44,47,37,47,30,39,31,38,34,48,34,54,33,48,36,39,35,42,26,49,22,46,25,40,22,40,14,43,17,43,20,41,14,43,5,46,1,43,1,40,0,38,11,43,-14,46,-13,43,-17,41,-19,40,-14,43,-19,46,-23,46,-16,47,-14,48,-14,44,-9,34,-6,29,-12,30,-22,35,-25,43,-28,45,-28,39,-20,36,-11,41,-8,42,-12,33,-11,26,-3,29,0,32,3,28,5,6,1,-1,-1,-1,-1,-1,-1,-1,-1,-1,-1,-1,-1,1,-1,-1,0,-3,0,-8,-2,-21,-9,-17,-11,-11,-13,-11,-15,-16,-14,-22,-12,-25,-10,-25,-10,-19,-15,-14,-23,-13,-31,-18,-31,-22,-27,-26,-29,-25,-31,-24,-37,-24,-43,-26,-39,-28,-34,-33,-28,-36,-24,-32,-28,-24,-34,-21,-39,-25,-41,-29,-40,-29,-43,-35,-40,-40,-39,-45,-36,-49,-32,-50,-27,-48,-28,-48,-26,-48,-24,-48,-25,-51,-23,-54,-15,-58,-8,-62,-5,-66,-7,-65,-11,-65,-12,-65,-9,-65,-2,-62,5,-63,14,-64,16,-64,14,-63,12,-63,12,-61,12,-60,15,-52,5,-53,10,-57,16,-62,24,-13,4]"
CSI_DATA,6063,1a:00:00:00:00:00,-6,11,1,0,1,1,1,0,0,0,0,-96,0,11,2,112481757,0,47,1,384,1,"[47,-16,2,0,0,0,0,0,0,0,-15,1,-58,3,-59,1,-66,3,-71,1,-63,-10,-59,-12,-59,-7,-62,-4,-65,2,-63,1,-68,-8,-76,1,-71,14,-67,4,-68,-5,-61,11,-50,17,-47,0,-46,-1,-41,-10,-36,-20,-38,-10,-42,2,-45,17,-50,18,-54,14,-33,11,-68,22,-63,22,-66,29,-62,17,-52,-2,-47,-1,-40,4,-38,4,-38,6,-35,4,-41,-5,-43,-9,-45,-9,-54,-9,-54,-1,-50,9,-43,4,-40,-3,-37,-6,-29,-13,-30,-20,-33,-22,-34,-19,-29,-18,-15,-19,-3,-20,0,-6,0,0,0,0,0,0,0,0,-1,-1,-5,-5,-39,-34,-45,-32,-52,-30,-57,-31,-63,-16,-65,-19,-67,-20,-63,-19,-52,-18,-48,-22,-49,-22,-50,-20,-53,-23,-51,-23,-51,-16,-56,-12,-61,-15,-60,-19,-54,-22,-55,-16,-56,-13,-47,-17,-41,-12,-38,-14,-34,-24,-36,-25,-40,-20,-44,-12,-49,-7,-52,-4,-53,-21,-44,-1,-39,4,-41,7,-42,0,-35,-17,-35,-18,-41,-10,-45,-12,-44,-12,-38,-12,-34,-17,-30,-20,-30,-20,-34,-20,-37,-15,-43,-8,-42,-11,-33,-20,-31,-23,-28,-20,-21,-21,-14,-24,-15,-25,-17,-20,-9,-14,-3,-12,-1,-3,0,0,0,0,-1,-1,-1,-1,0,0,0,0,0,0,-1,-1,-1,-1,-1,-3,-6,-10,-11,-11,-16,-19,-13,-24,-8,-19,-6,-13,-6,-15,-6,-21,-4,-26,-9,-27,-10,-30,-4,-36,-3,-41,-2,-40,4,-36,7,-40,2,-42,0,-34,6,-30,7,-31,7,-37,10,-41,9,-40,12,-45,18,-53,19,-50,23,-44,19,-43,21,-46,22,-47,20,-46,20,-47,22,-50,19,-54,15,-57,9,-60,1,-65,-2,-64,1,-56,9,-52,13,-53,10,-62,9,-74,11,-73,8,-66,5,-64,4,-63,5,-64,8,-63,9,-59,8,-61,9,-63,15,-62,34,-57,31,-65,32,-67,28,-59,2,-7]"
CSI_DATA,6065,1a:00:00:00:00:00,-5,11,1,0,1,1,1,0,0,0,0,-96,0,11,2,112503757,0,47,1,384,1,"[47,-16,2,0,0,0,0,0,0,0,-13,-12,-50,-45,-50,-33,-56,-30,-59,-37,-57,-33,-56,-28,-54,-22,-48,-19,-45,-22,-54,-20,-70,-12,-76,-5,-75,-10,-66,-19,-57,-18,-62,-13,-63,-9,-49,1,-45,10,-50,5,-56,2,-51,3,-39,9,-41,28,-52,31,-53,15,-23,14,-43,41,-47,23,-44,19,-39,27,-41,35,-40,47,-39,50,-41,40,-39,34,-34,36,-35,33,-36,26,-29,23,-22,19,-27,24,-33,48,-32,54,-28,37,-23,24,-17,23,-14,31,-19,27,-26,13,-27,14,-22,14,-21,6,-6,1,0,0,0,0,0,0,0,0,-1,-3,-6,-10,-30,-54,-32,-55,-33,-53,-31,-50,-38,-45,-38,-40,-40,-39,-44,-40,-44,-38,-47,-37,-49,-32,-45,-28,-42,-28,-47,-29,-53,-27,-54,-28,-53,-30,-52,-30,-48,-24,-49,-21,-49,-18,-44,-17,-41,-17,-42,-18,-43,-15,-42,-12,-40,-8,-39,0,-42,2,-44,-2,-44,-22,-40,9,-44,7,-43,9,-42,14,-42,16,-42,15,-43,12,-44,6,-43,6,-39,7,-35,6,-32,5,-32,10,-34,14,-36,15,-37,20,-37,20,-36,14,-33,5,-30,3,-27,6,-27,2,-23,-5,-20,-6,-19,-9,-17,-12,-6,-6,-1,-3,0,0,0,1,-1,-1,-1,-1,-1,-1,-1,0,-1,0,1,-1,3,-2,12,-3,11,0,8,3,11,7,15,5,19,3,21,-1,22,-1,19,4,17,12,21,18,25,15,27,10,31,11,32,15,34,22,34,27,33,22,33,16,32,10,34,6,35,10,34,18,34,25,38,27,41,26,48,20,48,19,53,18,56,15,57,10,54,6,53,7,52,6,53,6,54,7,55,5,55,-4,55,-12,59,-16,64,-15,64,-11,65,-9,65,-11,64,-15,59,-20,59,-27,60,-30,60,-29,59,-28,58,-28,55,-25,53,-27,48,-15,49,-21,49,-29,51,-37,10,-8]"
CSI_DATA,6066,1a:00:00:00:00:00,-6,11,1,0,1,1,1,0,0,0,0,-96,0,11,2,112514756,0,47,1,384,1,"[47,-16,2,0,0,0,0,0,0,0,14,-6,56,-21,54,-23,58,-26,64,-18,65,-6,65,-7,66,-22,62,-30,55,-30,51,-27,57,-23,63,-28,58,-27,54,-16,58,-16,51,-20,36,-16,38,-18,39,-28,43,-19,49,-6,43,-12,35,-21,34,-30,39,-33,39,-30,19,-21,47,-51,49,-52,43,-62,39,-56,39,-36,41,-31,42,-30,39,-23,42,-19,42,-21,42,-22,47,-15,43,-13,31,-21,31,-27,39,-29,41,-24,37,-22,31,-18,33,-6,39,-7,33,-13,26,-11,35,2,39,11,38,15,9,4,0,0,0,0,0,0,0,0,-1,-1,5,5,42,40,47,36,52,28,56,22,58,2,57,4,58,6,59,10,54,14,55,16,57,13,55,7,55,4,50,5,46,5,51,1,52,0,49,3,50,7,52,4,45,5,34,9,30,5,30,10,27,19,28,16,35,11,38,5,39,-4,40,-10,48,15,36,-5,35,-4,38,-11,35,-12,25,0,29,8,38,8,36,5,33,0,32,0,30,1,28,1,29,7,30,15,32,13,33,4,24,4,18,8,21,13,23,17,20,19,16,17,15,15,15,14,9,10,6,5,2,0,0,0,0,0,0,0,-1,-1,0,0,0,0,-1,-1,-1,-1,-1,-1,4,3,17,9,18,1,21,2,18,13,11,20,7,14,9,9,17,13,23,17,24,17,19,26,17,37,23,38,21,35,11,38,5,44,3,39,3,33,5,34,0,34,-4,37,-1,47,1,50,-3,46,-5,48,-7,50,-12,50,-17,50,-19,51,-18,57,-13,59,-6,59,1,56,1,49,-4,48,2,52,15,53,20,55,13,59,4,63,-1,67,5,67,8,65,4,61,0,58,-1,58,1,61,3,65,4,64,5,60,7,61,2,65,-5,66,-22,63,-6,63,-5,64,-23,60,-4,7]"
CSI_DATA,6067,1a:00:00:00:00:00,-6,11,1,0,1,1,1,0,0,0,0,-96,0,11,2,112525756,0,47,1,384,1,"[47,-16,2,0,0,0,0,0,0,0,-1,14,-2,56,-4,58,-5,67,-9,67,-16,57,-16,54,-12,54,-11,56,-9,63,-11,63,-18,63,-12,69,-2,69,-11,65,-20,63,-3,65,7,58,-9,47,-9,43,-16,36,-29,31,-22,38,-7,45,10,48,7,51,-1,55,0,35,-2,76,-5,70,-3,70,-6,59,-19,46,-19,47,-10,48,-6,45,-6,41,-9,37,-16,39,-20,40,-23,41,-29,46,-25,48,-15,49,-15,46,-18,41,-20,34,-24,25,-29,25,-33,29,-36,29,-29,23,-19,9,-15,-4,-4,-2,0,0,0,0,0,0,0,0,-1,-1,-2,6,-19,49,-21,53,-20,58,-24,63,-17,64,-18,64,-19,66,-18,63,-15,52,-18,45,-19,44,-17,47,-23,51,-24,52,-16,50,-14,53,-19,61,-22,60,-25,54,-19,58,-15,59,-17,48,-13,41,-16,37,-27,34,-31,36,-24,41,-14,47,-12,52,-14,54,-22,54,-6,48,-4,42,-5,40,-9,39,-23,34,-26,37,-20,46,-22,49,-24,45,-22,38,-25,34,-27,31,-28,32,-30,34,-29,35,-25,42,-26,44,-30,34,-28,27,-23,24,-23,20,-25,13,-29,9,-29,11,-20,9,-12,3,-3,0,-1,-1,0,0,0,0,-1,-1,0,0,0,0,-1,-1,-1,-1,-1,-1,-3,2,-8,12,-9,18,-18,24,-23,23,-16,16,-9,10,-12,10,-21,12,-29,10,-30,12,-29,18,-34,19,-40,19,-41,14,-37,3,-39,3,-43,12,-39,9,-35,2,-35,3,-39,5,-44,3,-42,-1,-49,-6,-59,-7,-54,-2,-46,3,-46,-8,-49,-7,-49,-6,-49,-6,-52,-10,-55,-13,-56,-7,-59,0,-65,4,-68,9,-63,11,-53,7,-49,0,-52,-3,-63,1,-75,3,-72,1,-66,3,-67,4,-65,3,-63,2,-64,-3,-62,-8,-62,-5,-63,-2,-62,-7,-59,-18,-66,-19,-73,-22,-67,-18,-8,-2]"
CSI_DATA,6069,1a:00:00:00:00:00,-5,11,1,0,1,1,1,0,0,0,0,-96,0,11,2,112547756,0,47,1,384,1,"[47,-16,2,0,0,0,0,0,0,0,-7,13,-23,53,-14,55,-11,61,-20,61,-20,62,-13,64,-4,61,2,52,0,45,5,50,15,63,23,70,17,72,7,64,9,53,13,55,12,54,19,40,33,35,30,42,24,50,23,43,27,28,44,26,49,32,35,31,24,7,63,13,48,25,42,18,47,9,51,7,59,-1,60,-2,50,5,48,6,51,1,50,4,49,14,44,12,36,1,42,-4,60,-9,63,-9,51,-4,40,-3,38,-5,38,-14,33,-12,27,1,31,2,32,1,32,7,8,2,0,0,0,0,0,0,0,0,-1,-1,-7,1,-56,17,-56,34,-51,44,-43,37,-32,42,-30,45,-29,47,-31,47,-32,45,-32,48,-25,54,-18,52,-16,47,-14,46,-13,51,-10,57,-10,52,-11,44,-6,45,-1,50,-5,45,-8,35,-2,35,-4,40,-8,39,-2,37,6,39,12,37,15,32,15,29,-11,34,15,25,17,34,26,34,29,29,21,21,23,22,27,30,21,30,18,25,20,21,18,19,16,20,21,21,27,20,28,19,31,20,31,20,26,20,19,23,16,24,18,19,16,14,10,12,6,14,0,12,-2,6,-1,0,0,0,0,0,0,0,-1,-1,0,0,0,0,0,0,0,0,-1,-2,0,-6,5,-17,6,-14,7,-11,12,-12,13,-15,11,-17,8,-21,6,-24,9,-22,15,-20,22,-21,22,-25,20,-27,19,-32,22,-32,30,-32,36,-31,30,-30,25,-31,20,-34,17,-38,20,-38,25,-34,28,-32,30,-36,30,-41,25,-43,29,-45,29,-49,25,-56,19,-61,12,-60,10,-57,10,-53,8,-53,9,-51,5,-53,-3,-57,-9,-60,-13,-65,-13,-69,-8,-66,-9,-65,-11,-64,-15,-62,-20,-57,-28,-57,-32,-59,-33,-59,-31,-56,-30,-56,-29,-55,-32,-53,-19,-49,-26,-49,-33,-49,-39,-53,-8,-10]"
CSI_DATA,6070,1a:00:00:00:00:00,-6,11,1,0,1,1,1,0,0,0,0,-96,0,11,2,112558755,0,47,1,384,1,"[47,-16,2,0,0,0,0,0,0,0,-4,-15,-12,-58,-15,-57,-19,-62,-11,-68,-1,-69,-4,-71,-16,-69,-24,-60,-24,-54,-22,-55,-23,-63,-31,-67,-29,-63,-16,-59,-14,-60,-15,-55,-9,-44,-12,-43,-25,-42,-20,-46,-11,-54,-14,-47,-21,-37,-31,-35,-32,-40,-26,-39,-20,-18,-51,-42,-49,-45,-56,-36,-53,-33,-39,-34,-39,-34,-37,-35,-27,-34,-24,-37,-26,-36,-25,-36,-16,-43,-15,-38,-24,-23,-30,-24,-34,-35,-31,-37,-27,-32,-21,-22,-13,-24,-17,-32,-22,-24,-15,-17,-6,-28,3,-37,12,-40,4,-11,0,0,0,0,0,0,0,0,-1,-1,4,-6,34,-46,32,-53,25,-56,19,-55,3,-58,3,-59,4,-60,8,-60,13,-58,13,-62,9,-64,6,-57,3,-55,3,-54,3,-53,-3,-57,-4,-55,1,-50,4,-54,1,-57,3,-49,9,-39,3,-37,5,-39,13,-36,10,-36,4,-41,-3,-42,-9,-41,-13,-40,7,-45,-8,-37,-9,-39,-19,-41,-20,-37,-9,-28,-4,-32,-3,-41,-2,-37,-6,-32,-8,-30,-8,-27,-4,-28,1,-33,3,-34,0,-36,-7,-37,-4,-30,1,-23,3,-23,8,-26,10,-27,9,-22,9,-18,9,-16,8,-11,5,-7,0,-2,0,0,0,0,0,0,-1,-1,0,0,0,0,-1,0,0,0,1,-2,2,-6,11,-17,9,-15,10,-13,14,-8,16,-4,15,0,15,-2,15,-8,17,-9,21,-7,29,-4,34,-4,36,-3,37,-4,37,1,36,6,35,9,32,7,31,8,30,9,35,12,41,14,42,15,43,17,45,19,47,20,47,22,46,28,48,29,54,29,59,26,57,20,52,16,45,14,46,12,48,6,53,-2,59,-3,62,1,65,6,70,8,65,7,63,9,63,10,62,11,60,10,62,8,66,6,66,4,63,1,64,4,64,6,65,5,62,13,64,14,66,15,68,20,12,3]"
CSI_DATA,6071,1a:00:00:00:00:00,-6,11,1,0,1,1,1,0,0,0,0,-96,0,11,2,112569755,0,47,1,384,1,"[47,-16,2,0,0,0,0,0,0,0,14,-2,57,-3,57,-1,64,-2,67,2,60,13,57,14,58,6,60,2,63,-2,60,1,62,10,69,3,67,-7,61,2,63,10,60,-6,50,-13,45,-2,44,-5,41,4,37,20,38,15,41,1,45,-19,50,-23,52,-16,31,-8,70,-14,68,-16,69,-22,64,-15,53,1,48,6,47,0,44,-6,39,-4,36,3,44,3,49,3,50,4,54,4,55,-1,55,-5,51,-1,46,0,40,3,33,15,37,19,43,17,43,19,35,21,21,20,12,23,2,6,0,0,0,0,0,0,0,0,-1,-1,5,3,42,25,45,24,51,21,62,21,64,12,62,13,63,16,62,16,53,14,48,16,48,16,51,13,56,16,55,18,51,12,53,9,59,10,56,13,53,18,58,13,56,7,45,10,40,7,35,11,33,22,36,24,41,20,45,9,49,3,52,2,57,13,47,-2,41,-5,42,-7,43,0,37,19,38,22,46,15,49,13,45,12,39,13,36,16,35,18,38,21,42,25,42,22,43,14,42,14,37,19,34,19,32,18,28,21,22,24,19,26,18,26,13,20,9,17,2,4,0,0,0,0,0,0,-1,-1,0,0,0,0,-1,-1,-1,-1,-1,-1,2,3,12,12,17,12,22,20,19,22,11,17,6,14,5,18,6,26,8,32,11,30,11,32,10,38,12,42,10,44,-1,41,-3,40,2,41,2,39,-3,36,-5,34,-5,39,-6,45,-7,44,-9,47,-10,54,-10,48,-7,40,-19,40,-18,45,-19,48,-18,49,-16,51,-16,54,-10,54,-6,55,-1,59,9,62,12,59,5,52,-4,50,-8,53,-4,62,0,72,-2,68,-4,60,-2,61,-1,60,-3,58,-8,61,-10,62,-6,62,-4,63,-10,62,-20,58,-15,66,-17,72,-25,64,-4,7]"
CSI_DATA,6073,1a:00:00:00:00:00,-6,11,1,0,1,1,1,0,0,0,0,-96,0,11,2,112591754,0,47,1,384,1,"[47,-16,2,0,0,0,0,0,0,0,9,13,36,49,42,41,48,41,43,50,40,54,46,52,54,44,51,32,40,24,40,24,52,27,64,25,59,30,47,32,46,27,48,27,39,27,39,17,50,6,53,16,53,26,46,19,36,6,44,-4,53,-2,48,3,25,-8,60,-25,58,-14,49,-21,46,-25,46,-23,51,-27,56,-26,52,-15,53,-9,51,-15,46,-13,46,-3,39,-3,27,-9,39,-16,57,-27,55,-27,44,-17,38,-12,38,-13,36,-21,29,-17,25,-3,32,-1,38,-3,39,4,10,2,0,0,0,0,0,0,0,0,-1,-1,-4,5,-22,48,-10,57,-2,60,1,53,15,49,14,49,16,51,16,53,14,52,17,54,24,52,23,45,18,41,18,40,23,43,29,46,25,43,20,39,23,39,28,39,20,35,12,28,19,23,21,26,17,28,18,26,21,28,26,27,32,20,34,17,19,37,29,11,34,19,41,16,39,8,28,2,30,5,37,13,31,16,27,13,28,11,24,12,22,13,25,15,30,14,33,11,34,8,30,9,24,11,20,15,19,18,18,15,15,11,12,10,8,15,2,15,0,8,0,1,0,0,0,0,0,0,-1,-1,0,0,0,0,0,-1,0,-1,-2,0,-8,1,-24,1,-22,1,-20,-1,-20,-8,-19,-9,-17,-9,-18,-6,-20,-3,-21,-6,-24,-12,-30,-19,-34,-20,-37,-18,-39,-18,-35,-21,-34,-28,-33,-34,-32,-31,-31,-28,-33,-23,-36,-21,-37,-24,-35,-28,-35,-30,-36,-32,-37,-32,-33,-41,-38,-36,-39,-39,-47,-40,-53,-36,-53,-29,-50,-25,-47,-22,-47,-19,-46,-15,-49,-11,-57,-8,-63,-7,-68,-7,-71,-10,-66,-14,-64,-15,-62,-12,-61,-9,-57,-4,-61,1,-65,5,-66,6,-62,5,-63,4,-61,3,-59,7,-54,-9,-57,-6,-61,-4,-69,-4,-14,-1]"
CSI_DATA,6074,1a:00:00:00:00:00,-6,11,1,0,1,1,1,0,0,0,0,-96,0,11,2,112602754,0,47,1,384,1,"[47,-16,2,0,0,0,0,0,0,0,-14,4,-54,14,-51,17,-54,19,-62,10,-65,0,-67,1,-67,11,-63,19,-57,22,-54,18,-63,13,-70,24,-65,30,-62,16,-63,10,-54,16,-41,12,-42,9,-43,18,-45,11,-48,-1,-46,4,-43,16,-42,30,-45,29,-41,22,-24,16,-61,38,-61,37,-57,48,-53,40,-49,23,-48,24,-44,27,-39,19,-43,14,-45,14,-47,13,-48,5,-44,6,-40,15,-42,21,-47,21,-46,16,-40,11,-31,11,-29,3,-36,-2,-35,5,-29,9,-31,-1,-29,-13,-24,-25,-6,-8,0,0,0,0,0,0,0,0,-1,-1,-5,-6,-40,-40,-46,-36,-52,-31,-58,-27,-58,-5,-58,-7,-59,-9,-60,-12,-55,-15,-56,-17,-57,-15,-55,-11,-56,-9,-54,-10,-51,-8,-57,-3,-58,-2,-53,-6,-54,-10,-56,-6,-50,-6,-39,-12,-35,-9,-34,-12,-32,-22,-36,-20,-41,-14,-41,-6,-40,1,-41,7,-47,-12,-40,2,-38,2,-42,9,-41,8,-31,-4,-35,-10,-41,-8,-39,-7,-37,-4,-38,-3,-36,-4,-34,-6,-35,-10,-36,-14,-37,-12,-37,-6,-32,-5,-25,-9,-24,-12,-25,-16,-24,-20,-20,-22,-16,-20,-17,-15,-13,-11,-11,-12,-3,-4,-1,-1,-1,-1,0,0,0,0,-1,-1,-1,-1,-1,-1,-1,-1,-1,-1,-4,-6,-11,-17,-13,-8,-18,-9,-15,-15,-8,-17,-4,-15,-4,-16,-8,-21,-12,-23,-15,-22,-11,-27,-7,-37,-11,-40,-12,-36,-5,-39,0,-43,-1,-39,-1,-34,1,-34,7,-32,10,-36,7,-46,5,-48,6,-47,5,-52,4,-55,10,-50,15,-48,18,-51,18,-56,15,-57,12,-57,10,-55,9,-50,9,-49,0,-53,-14,-57,-17,-61,-9,-60,1,-60,6,-64,1,-66,-4,-66,0,-62,5,-61,4,-63,0,-61,0,-64,3,-66,0,-64,-2,-63,2,-64,6,-64,23,-62,13,-68,13,-71,27,-63,4,-8]"
CSI_DATA,6075,1a:00:00:00:00:00,-6,11,1,0,1,1,1,0,0,0,0,-96,0,11,2,112613754,0,47,1,384,1,"[47,-16,2,0,0,0,0,0,0,0,-9,-15,-35,-58,-35,-56,-36,-60,-34,-64,-26,-58,-22,-52,-24,-48,-30,-51,-37,-56,-38,-54,-32,-57,-36,-55,-44,-49,-35,-57,-28,-62,-45,-49,-52,-36,-31,-36,-24,-34,-17,-36,-10,-40,-17,-38,-31,-31,-46,-21,-48,-28,-47,-41,-29,-21,-56,-39,-48,-39,-51,-39,-47,-36,-32,-44,-28,-45,-34,-34,-38,-32,-36,-26,-31,-26,-29,-39,-22,-40,-19,-42,-22,-53,-31,-48,-37,-31,-30,-31,-25,-40,-24,-40,-15,-35,-11,-38,-8,-47,-2,-50,-1,-43,4,-27,12,-16,4,-3,0,0,0,0,0,0,0,0,-1,-1,-3,-7,-20,-48,-23,-47,-29,-48,-28,-56,-31,-63,-34,-62,-35,-61,-33,-58,-28,-49,-25,-46,-24,-44,-25,-44,-25,-51,-27,-54,-30,-47,-32,-46,-34,-54,-31,-57,-25,-53,-35,-48,-41,-46,-29,-41,-24,-34,-21,-33,-15,-38,-15,-41,-21,-38,-32,-39,-39,-43,-42,-46,-41,-48,-39,-30,-33,-23,-32,-22,-32,-26,-22,-36,-21,-38,-27,-35,-29,-39,-28,-36,-25,-34,-18,-40,-13,-40,-13,-36,-13,-39,-16,-38,-29,-34,-31,-34,-21,-38,-15,-36,-12,-29,-7,-27,-2,-30,3,-30,6,-30,7,-24,8,-17,2,-4,-1,-1,-1,-1,-1,-1,0,0,-1,-1,-1,-1,-1,-1,-1,-1,-1,-1,0,-4,0,-15,2,-20,11,-27,16,-27,9,-19,4,-14,8,-13,10,-17,14,-19,20,-21,25,-25,29,-27,33,-30,38,-28,37,-18,38,-16,37,-24,29,-22,26,-13,30,-13,37,-17,40,-18,40,-15,49,-15,58,-17,50,-14,43,-16,44,-10,45,-13,42,-13,41,-14,46,-11,51,-10,49,-19,48,-27,53,-31,55,-38,51,-42,45,-35,44,-27,45,-25,52,-32,63,-39,61,-37,52,-36,49,-38,47,-38,46,-37,50,-33,54,-30,56,-35,55,-38,55,-33,58,-23,69,-29,71,-33,58,-26,6,-3]"
CSI_DATA,6077,1a:00:00:00:00:00,-6,11,1,0,1,1,1,0,0,0,0,-96,0,11,2,112635782,0,47,1,384,1,"[47,-16,2,0,0,0,0,0,0,0,6,15,24,59,24,58,27,63,25,67,16,60,14,55,16,52,19,55,26,60,29,59,24,63,28,62,38,57,30,62,21,65,39,51,45,38,22,38,15,36,8,38,2,40,12,36,27,29,41,24,41,32,39,44,25,23,51,43,46,41,51,41,44,40,24,44,20,44,25,35,27,33,29,26,28,24,23,37,16,39,14,40,16,51,25,47,35,34,29,29,21,37,17,38,8,30,3,32,0,39,-3,42,-2,36,-7,21,-15,10,-5,1,0,0,0,0,0,0,0,0,-1,-1,1,7,4,55,5,55,11,58,9,66,13,68,14,67,15,67,14,64,12,53,10,50,10,49,9,48,6,56,8,58,16,51,21,51,22,59,19,62,14,57,20,54,25,53,15,46,14,39,13,38,6,42,5,43,11,40,22,42,28,47,31,49,32,53,32,34,28,25,26,25,23,30,11,38,10,40,17,39,17,44,17,42,16,36,11,37,6,36,7,34,5,35,7,34,21,36,25,38,12,37,7,34,7,27,2,25,-6,27,-11,27,-10,24,-9,17,-10,10,-3,2,-1,-1,-1,-1,-1,-1,-1,-1,-1,-1,-1,-1,-1,-1,-1,-1,-1,-1,-2,2,-6,11,-9,14,-21,17,-26,15,-15,12,-7,9,-10,8,-16,11,-20,9,-24,9,-29,14,-34,14,-40,13,-41,11,-36,3,-39,2,-44,9,-35,8,-29,2,-34,2,-41,4,-44,2,-42,-2,-49,-4,-58,-5,-53,-5,-49,-2,-46,-5,-49,-5,-47,-5,-46,-4,-50,-6,-54,-8,-55,0,-59,8,-64,10,-65,15,-60,21,-53,19,-51,12,-53,9,-62,12,-74,15,-72,14,-64,16,-60,18,-58,18,-58,19,-60,15,-62,11,-64,17,-65,21,-65,14,-66,-2,-73,3,-75,7,-67,4,-8,0]"
CSI_DATA,6078,1a:00:00:00:00:00,-6,11,1,0,1,1,1,0,0,0,0,-96,0,11,2,112646753,0,47,1,384,1,"[47,-16,2,0,0,0,0,0,0,0,9,10,39,37,43,31,46,33,39,43,35,51,42,52,53,46,54,36,46,26,42,23,48,30,61,32,58,31,44,34,43,33,44,30,36,26,36,18,47,9,50,20,47,33,42,26,39,15,50,6,55,7,44,8,26,-2,67,-4,65,0,63,-13,59,-13,54,-4,61,-7,61,-7,50,0,50,6,51,3,48,2,47,12,44,10,38,-1,44,-3,57,-2,56,0,45,1,40,0,41,2,43,-1,35,-4,26,0,29,7,32,11,32,21,8,7,0,0,0,0,0,0,0,0,-1,-1,-4,6,-20,56,-3,61,10,62,18,56,28,46,27,46,27,48,24,51,18,52,20,55,30,55,34,48,32,41,29,40,29,44,36,45,34,41,26,38,28,41,33,40,28,36,19,31,23,24,24,28,18,35,22,33,29,32,34,28,37,22,37,18,29,34,36,19,39,21,46,16,44,13,31,13,34,15,41,19,35,20,33,17,35,16,31,14,28,15,31,18,35,22,38,21,39,18,33,19,25,19,25,19,25,21,22,22,17,19,14,18,12,21,3,18,-3,11,-1,2,-1,-1,-1,-1,-1,-1,0,0,-1,-1,-1,-1,0,-1,-1,-1,-2,0,-5,4,-17,12,-15,10,-17,8,-20,4,-21,0,-20,-4,-20,0,-21,9,-26,9,-32,5,-39,0,-42,-1,-43,0,-44,0,-45,-2,-45,-8,-43,-13,-39,-12,-38,-10,-39,-7,-43,-6,-47,-7,-47,-8,-46,-10,-48,-13,-51,-14,-49,-19,-52,-17,-54,-18,-60,-17,-65,-10,-63,-5,-58,-4,-53,-4,-53,0,-51,7,-51,14,-56,17,-62,16,-68,14,-73,13,-68,10,-64,9,-62,8,-59,9,-54,12,-56,17,-62,22,-63,24,-60,22,-62,19,-62,17,-61,21,-57,14,-55,18,-56,19,-60,16,-12,3]"
CSI_DATA,6079,1a:00:00:00:00:00,-6,11,1,0,1,1,1,0,0,0,0,-96,0,11,2,112657753,0,47,1,384,1,"[47,-16,2,0,0,0,0,0,0,0,-14,5,-53,20,-51,23,-55,26,-63,20,-66,10,-67,9,-66,21,-64,30,-58,31,-53,24,-59,20,-63,30,-56,32,-55,19,-62,15,-54,20,-40,18,-43,16,-44,22,-46,13,-51,1,-48,7,-41,17,-35,27,-38,28,-41,25,-25,18,-61,40,-61,38,-56,49,-51,43,-48,25,-47,22,-44,23,-40,14,-44,9,-45,10,-46,10,-47,1,-43,1,-39,13,-40,19,-44,18,-43,12,-39,9,-31,7,-28,-3,-37,-9,-36,-2,-28,1,-26,-11,-25,-24,-24,-31,-7,-9,0,0,0,0,0,0,0,0,-1,-1,-5,-6,-42,-40,-48,-36,-53,-31,-59,-28,-58,-4,-57,-7,-58,-10,-58,-13,-53,-15,-52,-18,-52,-16,-51,-11,-53,-11,-50,-12,-47,-9,-51,-5,-52,-7,-50,-11,-51,-13,-53,-10,-46,-11,-34,-16,-30,-11,-29,-13,-26,-20,-30,-21,-34,-19,-35,-12,-37,-4,-40,2,-42,-24,-37,-2,-33,-2,-36,3,-34,3,-22,-8,-23,-15,-30,-16,-31,-17,-33,-12,-32,-8,-28,-7,-26,-9,-25,-15,-21,-20,-23,-20,-28,-14,-22,-10,-15,-11,-14,-18,-15,-22,-15,-22,-9,-23,-6,-23,-8,-18,-6,-12,-5,-13,-2,-4,-1,-1,-1,-1,0,0,0,0,-1,-1,-1,-1,-1,-1,-1,-1,-1,-1,-5,-3,-14,-5,-13,4,-19,4,-22,-5,-16,-9,-11,-7,-11,-7,-16,-11,-21,-13,-25,-11,-24,-17,-24,-29,-28,-30,-27,-27,-20,-32,-17,-38,-17,-35,-14,-29,-13,-28,-8,-29,-5,-37,-11,-47,-13,-48,-9,-45,-10,-49,-11,-54,1,-54,-1,-51,1,-54,1,-59,-1,-59,-5,-56,-9,-54,-9,-51,-7,-50,-13,-53,-25,-53,-28,-54,-22,-56,-13,-59,-10,-64,-14,-66,-17,-66,-13,-62,-10,-59,-9,-60,-11,-60,-12,-64,-8,-65,-8,-61,-10,-61,-8,-63,-3,-62,23,-60,12,-66,13,-70,24,-65,3,-8]"
CSI_DATA,6081,1a:00:00:00:00:00,-5,11,1,0,1,1,1,0,0,0,0,-96,0,11,2,112679752,0,47,1,384,1,"[47,-16,2,0,0,0,0,0,0,0,0,-17,2,-68,-3,-67,-6,-71,-4,-73,-6,-67,-7,-63,-6,-57,-5,-54,-2,-61,-8,-66,-18,-66,-26,-63,-27,-67,-16,-70,-9,-67,-24,-67,-33,-65,-22,-51,-19,-43,-17,-47,-17,-51,-20,-49,-25,-36,-42,-25,-43,-34,-31,-47,-22,-21,-51,-33,-39,-43,-37,-47,-38,-40,-34,-41,-41,-42,-49,-37,-47,-40,-44,-36,-43,-31,-34,-35,-21,-30,-17,-29,-18,-39,-27,-40,-49,-30,-51,-25,-33,-31,-24,-35,-24,-27,-30,-20,-23,-28,-13,-35,-18,-27,-11,-14,4,-12,2,-4,0,0,0,0,0,0,0,0,-1,-1,-1,-6,2,-51,4,-63,7,-65,16,-56,15,-62,11,-63,8,-64,5,-63,0,-59,-1,-56,-4,-50,-6,-48,2,-51,3,-54,-7,-59,-11,-66,-4,-70,2,-67,-1,-61,-6,-61,-8,-62,-7,-54,-10,-46,-10,-48,-7,-49,-7,-45,-14,-41,-22,-45,-19,-51,-15,-52,-10,-56,-31,-38,-27,-33,-23,-29,-25,-33,-26,-42,-29,-44,-31,-42,-30,-46,-29,-45,-25,-41,-16,-40,-11,-32,-15,-28,-19,-31,-18,-34,-25,-41,-31,-41,-24,-32,-13,-32,-10,-37,-15,-36,-10,-31,-1,-24,1,-20,0,-19,-2,-23,-2,-7,-1,-1,-1,-1,-1,-1,-1,-1,-1,-1,-1,-1,-1,-1,-1,-1,-1,-1,2,0,13,0,14,2,15,12,18,16,20,6,17,0,20,-1,19,2,10,11,10,22,20,26,22,21,21,22,21,23,16,17,19,27,26,39,24,31,23,25,26,25,26,20,24,20,23,27,22,40,25,48,29,39,33,37,29,39,36,42,42,33,41,27,35,34,31,38,40,34,49,37,48,42,50,37,52,30,52,26,54,21,56,19,57,26,60,36,66,33,66,23,58,19,56,18,61,15,61,14,60,17,61,18,62,17,58,17,39,27,49,32,64,32,72,15,9,0]"
CSI_DATA,6082,1a:00:00:00:00:00,-6,11,1,0,1,1,1,0,0,0,0,-96,0,11,2,112690752,0,47,1,384,1,"[47,-16,2,0,0,0,0,0,0,0,16,-3,63,-10,60,-22,63,-30,69,-23,68,-21,66,-25,59,-32,47,-34,41,-25,45,-29,48,-44,47,-51,53,-42,55,-30,48,-30,49,-37,49,-37,36,-36,26,-43,33,-43,40,-42,35,-38,20,-32,8,-43,13,-50,24,-43,3,-26,-4,-61,11,-50,10,-43,2,-45,-2,-50,-8,-58,-9,-63,0,-62,5,-60,2,-53,6,-46,13,-40,13,-33,11,-31,8,-45,-4,-65,-10,-64,0,-50,6,-44,3,-40,-7,-40,-3,-35,10,-30,8,-33,7,-29,16,-25,5,-7,0,0,0,0,0,0,0,0,-1,-1,5,2,48,17,60,9,63,3,51,4,55,-1,56,-5,58,-8,60,-6,59,-5,60,-10,56,-20,49,-21,47,-13,49,-14,53,-22,56,-28,56,-21,52,-15,45,-20,43,-26,42,-20,38,-15,34,-21,38,-22,39,-19,33,-21,30,-25,30,-30,28,-32,26,-31,35,-18,14,-35,18,-40,14,-44,12,-44,14,-38,15,-40,16,-46,17,-42,15,-41,19,-40,22,-34,20,-28,15,-31,10,-37,9,-41,11,-45,14,-45,14,-37,17,-32,23,-31,21,-33,15,-25,15,-17,22,-17,27,-15,26,-10,5,-3,0,0,0,0,0,0,-1,-1,0,0,0,0,-1,-1,-1,-1,-1,-1,-3,6,-11,25,-10,17,-11,9,-15,10,-15,14,-15,16,-15,19,-11,20,-14,15,-24,7,-37,8,-36,14,-31,17,-31,20,-32,20,-41,14,-48,9,-41,15,-37,21,-34,21,-29,21,-33,23,-39,22,-43,14,-46,9,-46,18,-53,18,-49,19,-51,19,-52,28,-51,35,-46,38,-35,36,-31,34,-38,35,-39,35,-30,39,-29,47,-32,52,-32,59,-33,63,-33,55,-34,50,-34,59,-26,64,-17,57,-14,56,-13,65,-11,65,-11,60,-14,59,-17,63,-15,63,-21,43,-18,43,-16,55,-11,70,-2,9]"
CSI_DATA,6083,1a:00:00:00:00:00,-6,11,1,0,1,1,1,0,0,0,0,-96,0,11,2,112701752,0,47,1,384,1,"[47,-16,2,0,0,0,0,0,0,0,6,14,22,53,27,47,30,49,22,59,18,64,24,66,36,62,40,50,32,40,32,39,39,48,50,51,46,50,31,49,28,46,31,43,24,39,28,33,40,26,38,34,35,45,34,39,36,25,47,18,49,22,36,25,24,7,64,13,60,17,61,7,59,6,54,10,61,8,59,10,47,15,45,18,47,13,44,13,39,23,35,19,33,5,38,7,51,12,52,13,41,9,34,5,34,5,40,7,35,2,23,1,22,11,22,22,17,33,4,10,0,0,0,0,0,0,0,0,-1,-1,-5,5,-33,46,-27,59,-17,60,-10,51,6,51,7,51,8,53,4,56,-2,56,0,59,9,60,12,53,10,48,9,45,10,49,16,55,16,51,11,46,11,48,15,48,10,43,4,37,11,33,11,35,5,35,8,34,13,37,19,36,23,33,24,31,6,42,20,26,21,31,31,31,32,26,20,20,22,24,25,33,19,30,18,24,21,20,19,17,16,20,16,26,18,28,22,28,26,28,22,25,16,21,12,22,9,24,7,23,6,18,4,15,3,17,-2,12,-6,6,-2,1,0,0,0,0,0,0,-1,-1,0,0,0,0,0,-1,-1,-1,-2,0,-4,3,-15,9,-14,7,-15,4,-20,-2,-20,-6,-17,-8,-17,-6,-19,0,-22,-1,-26,-6,-32,-11,-35,-11,-36,-11,-37,-11,-37,-14,-36,-19,-34,-23,-32,-21,-33,-20,-33,-19,-38,-20,-41,-21,-41,-23,-40,-25,-42,-28,-46,-29,-43,-32,-45,-34,-48,-34,-54,-34,-59,-29,-57,-23,-51,-21,-45,-21,-46,-17,-47,-12,-52,-4,-60,-2,-65,-5,-70,-9,-74,-12,-69,-12,-66,-12,-64,-13,-63,-13,-59,-10,-62,-7,-66,-4,-66,-1,-63,2,-64,-1,-64,-3,-65,0,-62,-8,-64,-6,-67,-6,-70,-10,-14,-2]"
CSI_DATA,6084,1a:00:00:00:00:00,-6,11,1,0,1,1,1,0,0,0,0,-96,0,11,2,112712751,0,47,1,384,1,"[47,-16,2,0,0,0,0,0,0,0,-15,2,-58,8,-59,8,-65,10,-69,4,-66,-9,-64,-9,-64,3,-64,10,-61,12,-57,10,-65,6,-71,13,-63,17,-59,8,-64,2,-55,8,-41,10,-42,6,-45,13,-44,4,-44,-10,-42,-3,-40,9,-42,21,-47,25,-46,24,-25,15,-58,33,-62,35,-61,46,-55,39,-48,18,-46,12,-43,12,-39,9,-41,6,-43,6,-46,6,-51,-1,-50,0,-43,11,-41,17,-46,17,-46,10,-43,8,-37,5,-33,-7,-39,-11,-39,-3,-34,-3,-35,-15,-32,-24,-28,-27,-7,-8,0,0,0,0,0,0,0,0,-1,-1,-5,-6,-37,-40,-44,-35,-52,-31,-58,-28,-60,-12,-59,-17,-60,-20,-60,-22,-53,-24,-49,-27,-50,-26,-52,-21,-54,-20,-50,-20,-47,-17,-52,-14,-54,-14,-50,-17,-49,-20,-53,-18,-47,-18,-35,-20,-31,-15,-27,-18,-22,-25,-25,-25,-31,-22,-35,-16,-39,-9,-42,-4,-43,-34,-37,-7,-34,-4,-39,0,-36,-1,-21,-13,-22,-22,-31,-23,-32,-20,-32,-14,-29,-13,-25,-13,-22,-12,-22,-16,-19,-24,-21,-24,-28,-16,-22,-13,-14,-17,-16,-23,-19,-24,-14,-23,-8,-25,-8,-25,-9,-19,-7,-13,-5,-13,-2,-4,-1,-1,0,0,0,0,-1,-1,0,0,0,0,-1,-1,-1,-1,-1,-1,-4,-4,-15,-9,-17,-2,-23,-3,-20,-12,-12,-16,-9,-12,-11,-9,-17,-16,-22,-20,-24,-18,-20,-24,-17,-35,-21,-35,-21,-34,-12,-38,-6,-41,-6,-36,-7,-32,-7,-32,-3,-32,2,-38,0,-47,-1,-48,2,-45,3,-46,6,-48,7,-48,16,-48,17,-50,18,-55,16,-56,9,-55,4,-56,2,-53,3,-52,-4,-56,-17,-58,-19,-60,-10,-59,0,-59,3,-63,-2,-68,-5,-71,0,-68,4,-63,3,-61,1,-60,2,-64,4,-64,2,-61,-1,-63,3,-66,9,-65,24,-60,15,-64,17,-68,27,-62,3,-8]"
CSI_DATA,6086,1a:00:00:00:00:00,-6,11,1,0,1,1,1,0,0,0,0,-96,0,11,2,112734804,0,47,1,384,1,"[47,-16,2,0,0,0,0,0,0,0,-6,15,-23,64,-18,65,-14,69,-16,71,-11,67,-8,63,-8,56,-9,55,-11,62,-4,68,3,67,10,65,11,70,-1,74,-8,68,11,70,21,71,11,53,9,41,7,45,6,51,9,50,17,38,37,29,38,39,24,54,18,23,45,36,32,43,30,49,34,41,31,43,36,46,43,38,41,39,40,34,41,30,31,35,16,29,11,29,14,42,24,40,45,27,49,25,33,33,23,37,22,27,27,20,20,27,9,34,12,27,5,15,-8,11,-3,2,0,0,0,0,0,0,0,0,-1,-1,-4,5,-26,44,-29,51,-35,54,-44,42,-37,51,-33,53,-29,54,-25,55,-18,53,-17,51,-14,48,-11,46,-18,45,-19,46,-13,53,-13,60,-21,62,-24,59,-20,54,-14,54,-12,56,-11,49,-6,43,-5,45,-7,44,-8,38,-4,37,1,43,0,48,-2,50,-22,54,12,39,12,34,12,29,13,29,9,38,10,43,12,41,11,44,13,42,10,35,0,32,-5,26,2,24,8,28,6,30,6,37,12,40,11,31,1,27,-5,28,-2,29,-4,23,-9,13,-9,10,-9,13,-9,17,-3,5,-1,-1,-1,-1,0,0,0,0,0,0,-1,-1,-1,-1,-1,-1,-1,-1,-2,-1,-10,-2,-14,-7,-12,-16,-12,-20,-14,-9,-15,-3,-18,-4,-18,-7,-7,-13,-3,-23,-12,-30,-15,-26,-15,-27,-15,-27,-9,-22,-8,-33,-13,-45,-14,-34,-16,-28,-18,-30,-18,-27,-16,-27,-12,-33,-9,-47,-10,-55,-17,-46,-28,-42,-15,-46,-19,-50,-26,-43,-28,-38,-23,-44,-19,-48,-27,-45,-33,-48,-29,-53,-33,-51,-41,-48,-44,-44,-45,-38,-44,-36,-43,-43,-44,-55,-50,-55,-54,-46,-49,-38,-48,-36,-52,-36,-52,-35,-49,-37,-52,-39,-56,-39,-51,-37,-26,-42,-33,-55,-46,-58,-55,-41,-8,-4]"
CSI_DATA,6087,1a:00:00:00:00:00,-5,11,1,0,1,1,1,0,0,0,0,-96,0,11,2,112745750,0,47,1,384,1,"[47,-16,2,0,0,0,0,0,0,0,14,-7,57,-29,52,-38,54,-45,59,-40,53,-38,47,-39,41,-41,36,-40,38,-34,40,-40,36,-56,31,-62,38,-60,43,-52,38,-46,34,-56,29,-60,18,-48,12,-45,20,-48,27,-51,24,-49,7,-42,-13,-49,-9,-54,6,-49,-6,-27,-22,-57,4,-53,9,-47,-3,-45,-10,-51,-22,-57,-27,-59,-18,-61,-13,-61,-16,-54,-11,-49,-4,-44,-3,-40,-4,-39,-12,-45,-31,-58,-33,-59,-17,-48,-9,-42,-12,-37,-20,-35,-14,-36,-2,-36,-5,-34,-7,-26,-1,-22,0,-6,0,0,0,0,0,0,0,0,-1,-1,5,-3,49,-20,56,-29,57,-35,51,-24,54,-21,52,-27,54,-32,55,-33,49,-34,47,-37,41,-41,34,-41,37,-33,41,-32,40,-44,40,-52,46,-47,46,-39,36,-41,32,-46,33,-45,28,-41,23,-42,27,-44,30,-44,22,-41,10,-42,6,-48,10,-45,11,-40,13,-41,-6,-46,-3,-46,-8,-43,-9,-46,-3,-49,-7,-52,-11,-53,-5,-53,-4,-53,-5,-53,1,-49,4,-41,-3,-36,-12,-35,-14,-38,-15,-49,-17,-52,-12,-43,-4,-39,0,-45,-5,-47,-2,-37,6,-27,8,-29,10,-33,9,-31,1,-8,-1,-1,-1,-1,0,0,0,0,-1,-1,-1,-1,-1,-1,-1,-1,-1,-1,-2,5,-9,21,-12,13,-13,5,-14,9,-13,17,-11,21,-9,26,-8,26,-11,17,-21,9,-34,12,-31,16,-28,19,-28,24,-23,27,-35,25,-50,24,-39,23,-28,27,-24,30,-20,29,-24,28,-33,25,-42,18,-47,19,-42,32,-37,37,-37,35,-40,40,-35,48,-28,50,-27,46,-25,42,-23,44,-27,52,-31,52,-23,50,-16,51,-11,54,-4,59,-3,65,-10,63,-17,61,-11,66,1,68,6,62,5,61,12,66,14,65,7,61,5,61,8,65,10,62,-4,46,-2,52,12,59,26,60,3,7]"
CSI_DATA,6089,1a:00:00:00:00:00,-5,11,1,0,1,1,1,0,0,0,0,-96,0,11,2,112767750,0,47,1,384,1,"[47,-16,2,0,0,0,0,0,0,0,-11,10,-41,41,-32,48,-32,54,-42,49,-45,48,-41,55,-33,60,-23,55,-16,44,-15,44,-16,57,-12,69,-16,66,-21,54,-16,50,-16,52,-17,44,-6,41,9,49,-1,55,-12,56,-7,48,3,39,14,47,16,54,10,45,14,21,40,52,27,53,33,43,36,37,33,37,41,40,41,43,30,42,26,46,32,43,29,40,19,45,16,39,19,25,29,30,44,42,43,44,31,38,25,34,26,34,32,30,25,23,12,22,15,27,18,31,10,37,1,10,0,0,0,0,0,0,0,0,-1,-1,                                     -                          ,13,34,9,31,16,28,25,25,25,25,28,31,31,34,25,30,15,29,11,32,16,30,13,23,5,18,0,21,-3,23,-4,20,-1,4,-1,-1,0,0,0,0,-1,-1,0,0,0,0,0,0,0,0,-1,-3,0,-6,5,-17,7,-13,8,-6,11,-7,10,-12,9,-18,6,-22,7,-24,10,-19,18,-15,26,-16,25,-20,21,-23,22,-28,24,-29,33,-30,39,-29,32,-29,25,-30,18,-31,15,-34,19,-33,27,-28,32,-26,35,-31,35,-36,27,-40,29,-43,28,-48,26,-52,21,-55,16,-53,16,-51,15,-51,14,-52,17,-53,15,-56,6,-58,-3,-59,-8,-62,-7,-67,-2,-66,-2,-66,-4,-67,-8,-66,-13,-62,-21,-63,-24,-63,-24,-63,-23,-62,-23,-61,-20,-58,-22,-56,-14,-49,-20,-50,-28,-50,-36,-53,-8,-11]"
CSI_DATA,6094,1a:00:00:00:00:00,-6,11,1,0,1,1,1,0,0,0,0,-96,0,11,2,112822748,0,47,1,384,1,"[47,-16,2,0,0,0,0,0,0,0,-9,-13,-33,-47,-34,-42,-37,-44,-29,-54,-20,-61,-23,-64,-34,-62,-41,-56,-41,-48,-34,-44,-29,-52,-40,-56,-43,-51,-30,-52,-29,-56,-33,-47,-26,-36,-24,-35,-33,-33,-27,-41,-15,-52,-15,-47,-25,-37,-40,-31,-43,-32,-36,-31,-24,-18,-57,-48,-56,-46,-65,-40,-58,-38,-43,-40,-45,-42,-44,-37,-34,-34,-29,-39,-31,-42,-30,-40,-22,-40,-21,-36,-27,-33,-33,-37,-35,-41,-29,-39,-25,-35,-21,-30,-14,-32,-12,-38,-19,-34,-20,-28,-11,-32,1,-34,12,-32,4,-8,0,0,0,0,0,0,0,0,-1,-1,3,-7,30,-50,26,-54,19,-58,15,-62,-9,-58,-8,-57,-8,-58,-6,-58,0,-55,3,-57,-1,-58,-6,-54,-8,-53,-6,-51,-5,-50,-10,-53,-11,-54,-8,-52,-5,-53,-8,-55,-6,-49,0,-37,-4,-33,0,-35,11,-36,10,-39,5,-41,-4,-40,-11,-39,-14,-40,5,-55,-13,-41,-13,-37,-20,-36,-18,-34,-6,-30,-4,-37,-6,-43,-4,-38,-5,-36,-5,-37,-5,-34,-3,-32,1,-35,5,-39,2,-39,-4,-38,-3,-33,2,-28,4,-27,8,-28,14,-27,16,-22,13,-19,10,-21,8,-17,9,-13,2,-4,0,0,0,0,-1,-1,-1,-1,0,0,0,0,0,0,-1,-1,-1,-1,4,-6,12,-18,4,-17,4,-22,12,-20,16,-12,14,-8,14,-10,18,-16,21,-22,20,-24,25,-22,35,-22,38,-24,36,-23,38,-16,40,-13,36,-14,33,-12,34,-9,33,-3,36,-1,44,-6,46,-9,47,-9,52,-10,52,-12,47,-6,49,1,51,4,56,1,57,-3,57,-5,55,-5,49,-5,49,-4,51,-14,50,-29,53,-33,56,-24,58,-14,63,-11,64,-17,62,-21,58,-17,57,-14,58,-16,56,-18,59,-17,61,-16,58,-16,59,-17,62,-15,61,-11,63,6,69,-8,71,-6,63,12,7,2]"
CSI_DATA,6095,1a:00:00:00:00:00,-6,11,1,0,1,1,1,0,0,0,0,-96,0,11,2,112833748,0,47,1,384,1,"[47,-16,2,0,0,0,0,0,0,0,14,-3,56,-8,56,-11,62,-15,69,-8,67,4,66,3,67,-10,64,-18,58,-19,54,-16,61,-12,67,-19,62,-21,57,-11,61,-7,53,-10,40,-8,42,-8,44,-16,45,-8,47,3,44,-5,39,-15,38,-24,43,-24,43,-20,22,-16,54,-39,58,-38,54,-49,49,-43,44,-24,44,-20,42,-19,38,-13,41,-10,42,-11,44,-9,48,-1,44,-3,35,-15,35,-20,43,-20,43,-15,37,-12,29,-9,28,1,36,4,33,-4,25,-3,28,11,29,23,28,29,7,8,0,0,0,0,0,0,0,0,-1,-1,4,5,34,45,40,40,48,35,55,30,57,12,56,14,57,16,57,19,52,22,51,24,53,23,52,18,52,16,48,16,45,14,50,10,51,10,47,14,49,18,51,15,43,15,31,17,29,13,27,16,21,23,24,21,30,19,34,13,37,5,40,0,39,27,32,5,31,6,37,0,35,-2,20,6,21,15,29,18,29,17,30,10,30,7,26,7,23,8,22,14,19,20,21,20,26,13,19,9,10,10,10,16,13,21,11,21,6,20,5,20,7,15,5,9,4,8,1,2,-1,-1,0,0,0,0,0,0,0,0,-1,-1,-1,-1,-1,-1,-1,-1,4,2,15,6,14,-2,18,-1,18,11,12,16,8,10,8,7,14,12,20,16,22,15,17,22,16,33,22,33,20,29,11,34,5,41,5,37,5,31,6,31,-1,31,-5,36,0,47,1,49,-3,44,-6,46,-7,52,-10,53,-16,49,-18,51,-18,58,-16,59,-10,57,-4,54,-3,48,-6,47,0,51,12,55,15,58,9,59,-1,62,-6,66,-1,67,3,66,-1,63,-6,61,-8,61,-4,62,-3,66,-5,66,-3,62,0,62,-5,64,-11,65,-28,60,-15,64,-16,67,-30,59,-5,6]"
CSI_DATA,6096,1a:00:00:00:00:00,-6,11,1,0,1,1,1,0,0,0,0,-96,0,11,2,112844748,0,47,1,384,1,"[47,-16,2,0,0,0,0,0,0,0,6,14,24,52,26,46,28,49,21,57,14,63,19,66,33,63,39,53,37,42,33,38,32,47,43,54,43,54,29,52,28,49,29,41,21,33,25,30,37,26,34,35,26,45,28,37,34,26,46,23,47,27,37,26,24,8,62,19,63,20,69,10,63,9,52,15,57,17,56,17,44,18,44,24,48,23,47,21,40,28,35,26,34,14,40,12,49,15,48,17,40,14,35,12,34,18,37,18,33,10,27,6,27,16,25,26,19,34,4,9,0,0,0,0,0,0,0,0,-1,-1,-7,4,-49,39,-40,47,-32,54,-25,56,0,54,0,53,0,55,-3,57,-8,54,-9,57,-2,60,3,54,4,50,2,46,2,46,9,51,11,49,7,46,5,49,8,50,5,44,-1,35,6,32,4,33,-7,32,-4,33,4,37,13,38,20,35,23,33,8,48,19,31,18,32,27,32,27,27,17,21,18,27,19,35,15,33,17,29,21,28,20,24,17,22,15,28,13,34,15,34,20,30,14,26,7,22,7,25,7,29,3,29,0,23,2,18,4,18,1,13,0,7,0,1,-1,-1,0,0,0,0,-1,-1,0,0,0,0,-1,-1,-1,-1,-1,-1,-6,-1,-19,0,-15,6,-19,7,-24,-3,-21,-12,-16,-12,-17,-7,-24,-4,-32,-3,-33,-6,-33,-15,-41,-19,-45,-14,-41,-14,-39,-20,-38,-25,-32,-25,-29,-22,-33,-22,-30,-24,-30,-26,-39,-27,-43,-28,-38,-30,-37,-31,-43,-31,-40,-35,-39,-38,-38,-41,-45,-41,-50,-38,-54,-35,-53,-30,-45,-27,-43,-28,-49,-19,-55,-4,-61,-2,-62,-11,-64,-20,-68,-23,-67,-18,-63,-13,-57,-16,-57,-17,-57,-14,-57,-10,-63,-11,-66,-11,-63,-6,-63,-5,-65,-9,-64,-12,-57,-23,-61,-9,-65,-10,-59,-29,-7,-5]"
CSI_DATA,6098,1a:00:00:00:00:00,-6,11,1,0,1,1,1,0,0,0,0,-96,0,11,2,112866747,0,47,1,384,1,"[47,-16,2,0,0,0,0,0,0,0,-9,-13,-33,-49,-38,-44,-41,-46,-32,-55,-26,-61,-33,-62,-45,-58,-47,-46,-41,-34,-39,-32,-44,-41,-54,-46,-50,-45,-37,-43,-38,-41,-39,-37,-29,-32,-33,-25,-46,-18,-46,-30,-41,-42,-38,-32,-37,-20,-47,-16,-51,-20,-42,-19,-27,-3,-67,-4,-66,-7,-67,7,-62,9,-54,1,-60,-1,-60,-3,-50,-10,-51,-16,-53,-11,-48,-9,-45,-21,-40,-19,-35,-6,-44,-2,-58,-3,-57,-6,-48,-6,-41,-8,-42,-12,-43,-7,-34,-2,-25,-5,-31,-13,-35,-18,-31,-26,-8,-8,0,0,0,0,0,0,0,0,-1,-1,5,-6,40,-43,29,-51,18,-58,12,-59,-8,-53,-8,-51,-9,-52,-7,-56,-2,-55,-3,-58,-10,-60,-13,-54,-12,-47,-12,-44,-15,-47,-21,-51,-19,-47,-14,-43,-16,-46,-19,-46,-14,-41,-8,-35,-16,-30,-16,-35,-7,-36,-9,-34,-17,-35,-27,-34,-33,-31,-34,-29,-23,-44,-33,-25,-34,-28,-42,-25,-41,-20,-28,-17,-30,-20,-34,-27,-27,-26,-27,-23,-30,-21,-27,-19,-25,-19,-29,-25,-32,-30,-35,-27,-37,-23,-31,-22,-24,-23,-22,-24,-22,-27,-19,-28,-13,-22,-11,-19,-10,-23,-3,-21,2,-14,0,-3,-1,-1,0,0,0,0,-1,-1,0,0,0,0,-1,-1,-1,-1,-1,-1,6,0,23,1,20,-4,21,-3,21,5,16,10,13,11,14,7,20,4,25,7,27,15,28,25,34,28,41,24,38,22,33,25,32,30,28,32,27,28,31,27,26,26,26,24,34,28,38,31,32,32,27,34,33,34,27,46,32,39,29,44,37,45,45,42,51,37,50,29,42,26,39,28,43,22,48,8,54,6,57,14,61,20,65,21,63,18,59,14,56,14,54,14,50,11,51,7,61,5,65,5,61,4,60,3,62,6,60,7,51,22,55,6,60,5,60,24,7,4]"
CSI_DATA,6099,1a:00:00:00:00:00,-6,11,1,0,1,1,1,0,0,0,0,-96,0,11,2,112877747,0,47,1,384,1,"[47,-16,2,0,0,0,0,0,0,0,6,-16,25,-59,14,-56,8,-59,16,-61,20,-63,16,-67,5,-66,-1,-57,1,-50,-1,-54,-8,-68,-15,-77,-9,-74,2,-64,1,-56,1,-55,4,-50,-7,-47,-22,-45,-17,-49,-11,-53,-13,-47,-16,-35,-30,-38,-35,-49,-22,-47,-19,-19,-53,-38,-40,-40,-42,-31,-48,-29,-47,-29,-51,-26,-49,-29,-38,-28,-34,-26,-37,-23,-35,-25,-29,-34,-28,-28,-28,-12,-31,-16,-45,-26,-49,-28,-40,-23,-29,-14,-24,-13,-30,-13,-26,-7,-16,-9,-18,-22,-19,-30,-14,-36,-3,-10,0,0,0,0,0,0,0,0,-1,-1,6,-4,51,-30,49,-42,41,-46,34,-42,27,-50,25,-50,25,-52,27,-53,31,-50,30,-54,22,-59,16,-57,14,-52,15,-49,14,-53,10,-61,11,-56,14,-48,11,-50,7,-52,9,-47,11,-41,4,-40,7,-42,12,-40,6,-38,-1,-40,-7,-39,-11,-39,-12,-40,7,-40,-11,-35,-9,-42,-20,-43,-24,-39,-16,-31,-16,-34,-17,-42,-12,-38,-12,-31,-14,-28,-11,-23,-8,-24,-10,-29,-15,-31,-18,-32,-21,-33,-19,-31,-14,-27,-8,-26,-3,-28,-4,-27,-4,-20,-2,-16,-1,-18,4,-17,6,-12,1,-3,-1,-1,-1,-1,-1,-1,-1,-1,-1,-1,-1,-1,-1,-1,-1,0,1,0,5,1,14,7,9,6,5,7,3,13,3,17,3,18,6,18,11,16,9,17,5,20,3,27,5,30,7,30,9,31,6,34,0,38,-4,40,0,36,4,36,6,35,8,40,6,42,1,43,-3,42,-3,46,0,50,3,49,-1,54,0,57,6,61,13,62,18,57,19,52,17,48,17,46,18,44,25,44,32,46,36,48,39,52,40,58,37,56,37,55,36,55,36,54,37,49,44,47,49,47,50,46,49,42,48,43,46,42,48,40,39,39,45,39,51,39,55,42,10,7]"
CSI_DATA,6100,1a:00:00:00:00:00,-6,11,1,0,1,1,1,0,0,0,0,-96,0,11,2,112888747,0,47,1,384,1,"[47,-16,2,0,0,0,0,0,0,0,6,15,24,57,34,50,43,51,36,59,34,61,38,59,44,52,44,41,34,34,34,35,49,38,58,35,51,40,39,42,39,37,46,36,42,36,39,25,47,14,48,23,47,31,41,26,34,12,43,1,51,3,47,11,26,-3,62,-17,55,-3,45,-6,45,-13,49,-15,55,-21,59,-21,56,-11,56,-6,52,-9,46,-4,43,5,36,3,29,-2,42,-6,62,-19,61,-21,47,-11,40,-6,38,-8,36,-18,31,-13,27,3,33,4,33,3,29,11,7,4,0,0,0,0,0,0,0,0,-1,-1,-2,6,-9,53,1,61,7,60,7,50,11,53,12,54,15,55,15,58,14,58,18,58,27,53,29,47,23,43,21,45,27,49,33,51,28,48,20,44,25,40,32,38,25,37,17,33,22,28,24,31,21,33,23,29,27,28,31,27,34,21,35,18,24,33,36,11,41,15,45,10,44,6,35,6,39,6,46,9,40,11,38,11,38,13,33,17,28,16,31,12,37,8,40,6,43,6,41,8,34,11,30,15,28,19,28,15,22,10,16,12,16,19,12,24,6,20,1,4,0,0,0,0,0,0,-1,-1,0,0,0,0,0,-1,0,-1,-3,0,-9,-1,-25,-4,-22,-4,-17,-6,-16,-11,-17,-11,-19,-10,-22,-7,-23,-6,-20,-11,-19,-18,-22,-26,-26,-27,-29,-25,-31,-26,-28,-28,-27,-34,-25,-39,-25,-36,-26,-33,-30,-28,-34,-26,-34,-29,-29,-34,-27,-37,-27,-39,-28,-39,-24,-48,-30,-42,-33,-44,-40,-44,-46,-41,-48,-33,-46,-30,-45,-27,-46,-24,-45,-23,-48,-22,-55,-18,-60,-15,-65,-15,-69,-19,-65,-22,-63,-22,-62,-19,-63,-13,-61,-6,-64,0,-67,3,-67,2,-65,0,-65,-1,-63,-2,-61,1,-53,-11,-55,-7,-59,-3,-67,0,-13,-1]"
CSI_DATA,6102,1a:00:00:00:00:00,-5,11,1,0,1,1,1,0,0,0,0,-96,0,11,2,112910746,0,47,1,384,1,"[47,-16,2,0,0,0,0,0,0,0,-6,-18,-22,-70,-30,-63,-36,-63,-33,-66,-34,-60,-36,-55,-35,-49,-35,-44,-32,-47,-37,-51,-47,-48,-52,-41,-50,-44,-43,-50,-39,-47,-52,-42,-58,-39,-45,-29,-41,-20,-41,-25,-41,-30,-39,-30,-35,-20,-46,0,-55,0,-56,-19,-30,-2,-59,11,-51,-6,-45,-10,-44,-3,-51,1,-58,8,-58,13,-60,5,-60,3,-54,6,-48,-1,-37,-9,-32,-8,-37,-9,-46,-5,-58,16,-59,22,-50,6,-45,-3,-38,-2,-36,8,-39,1,-40,-13,-38,-7,-26,-4,-15,-14,-4,-5,0,0,0,0,0,0,0,0,-1,-1,-4,-6,-32,-45,-40,-49,-45,-49,-32,-50,-24,-60,-30,-56,-32,-54,-32,-53,-35,-50,-39,-47,-42,-38,-43,-31,-37,-36,-36,-43,-47,-41,-55,-37,-49,-42,-42,-44,-43,-36,-49,-32,-49,-34,-42,-30,-42,-21,-45,-22,-43,-26,-41,-22,-43,-15,-49,-9,-50,-11,-48,-13,-45,-2,-50,9,-46,6,-40,6,-41,6,-46,2,-50,6,-51,9,-51,4,-51,2,-51,0,-46,-7,-35,-7,-30,2,-33,10,-38,11,-49,14,-51,15,-39,9,-35,2,-41,-2,-45,3,-37,0,-27,-11,-28,-15,-31,-14,-28,-9,-7,-2,-1,-1,-1,-1,-1,-1,0,0,-1,-1,-1,-1,-1,0,-1,-1,0,-2,4,-3,16,-3,17,2,13,7,12,8,15,5,21,2,23,0,21,1,13,8,11,18,16,26,22,23,23,17,28,17,27,20,27,27,28,32,28,28,28,25,30,18,32,15,31,19,25,26,24,32,28,35,31,32,41,33,38,32,44,30,46,25,48,21,46,17,46,19,47,19,48,18,48,21,52,20,55,11,56,1,57,-2,59,0,60,5,63,8,64,8,64,0,60,-9,61,-17,61,-17,60,-15,62,-14,63,-14,62,-13,61,-15,54,-13,56,-18,58,-25,60,-34,12,-8]"
CSI_DATA,6103,1a:00:00:00:00:00,-5,11,1,0,1,1,1,0,0,0,0,-96,0,11,2,112921746,0,47,1,384,1,"[47,-16,2,0,0,0,0,0,0,0,12,8,49,39,53,40,60,39,57,42,48,36,43,32,42,29,41,30,43,36,53,35,59,33,62,29,67,32,61,43,53,45,66,29,70,19,49,17,37,15,34,22,38,30,45,26,48,9,54,-8,55,0,54,18,30,6,60,6,54,18,56,21,53,13,49,19,55,19,56,7,53,7,52,6,54,6,52,17,39,22,34,22,40,27,46,21,54,6,52,3,43,12,38,16,36,14,40,13,38,21,30,30,27,21,14,11,-1,10,-2,2,0,0,0,0,0,0,0,0,-1,-1,4,2,38,25,44,36,45,39,33,43,40,46,44,42,47,41,46,42,43,34,39,30,37,27,36,24,33,33,36,37,48,33,55,33,54,42,49,46,46,40,48,35,49,33,43,26,39,21,38,26,34,31,31,30,35,22,46,18,49,25,46,31,43,40,45,12,41,9,37,8,39,11,43,21,48,21,47,17,45,21,43,20,41,20,38,26,32,25,29,20,30,16,30,18,39,23,45,23,36,19,27,21,27,26,30,28,22,25,12,22,12,23,13,22,13,20,3,4,-1,-1,-1,-1,-1,-1,-1,-1,-1,-1,-1,-1,-1,-1,-1,-1,-1,-1,-1,3,-3,15,-6,14,-15,15,-17,20,-9,22,-5,18,-4,18,-5,18,-13,10,-24,9,-31,19,-29,22,-31,23,-31,24,-25,16,-33,17,-45,24,-34,20,-27,16,-30,19,-28,21,-28,20,-33,16,-46,13,-56,15,-50,23,-43,34,-48,24,-50,28,-44,33,-38,33,-42,23,-47,17,-45,26,-48,34,-53,33,-51,36,-47,40,-42,42,-37,43,-35,42,-44,41,-55,43,-52,49,-43,52,-39,47,-40,44,-38,49,-39,47,-45,41,-48,43,-47,46,-45,42,-47,19,-59,25,-62,38,-45,46,-5,6]"
CSI_DATA,6104,1a:00:00:00:00:00,-6,11,1,0,1,1,1,0,0,0,0,-96,0,11,2,112932745,0,47,1,384,1,"[47,-16,2,0,0,0,0,0,0,0,-12,13,-47,52,-46,50,-46,55,-48,55,-43,47,-40,42,-39,40,-42,43,-42,53,-38,56,-38,52,-35,55,-30,61,-41,57,-48,53,-27,66,-15,68,-21,44,-19,32,-25,29,-31,28,-26,34,-11,40,6,48,-2,54,-19,60,-6,34,-2,64,-6,57,-6,62,-5,57,-19,49,-21,49,-9,46,-8,47,-3,45,0,44,-12,47,-19,37,-22,35,-29,46,-19,51,1,49,0,44,-13,46,-18,45,-17,36,-18,34,-27,33,-32,29,-24,25,-18,13,-17,-1,-4,-2,0,0,0,0,0,0,0,0,-1,-1,-6,3,-46,29,-43,32,-43,37,-51,34,-56,41,-55,42,-53,43,-50,42,-41,39,-39,35,-37,32,-36,32,-43,32,-44,35,-38,42,-37,47,-45,50,-49,47,-45,41,-39,47,-36,52,-31,41,-23,33,-24,30,-30,27,-33,26,-27,31,-22,44,-25,51,-28,53,-36,50,-12,44,-7,35,-9,31,-12,34,-23,34,-24,34,-18,36,-23,39,-23,41,-21,37,-26,32,-28,25,-22,23,-20,23,-20,26,-20,39,-20,43,-23,32,-24,24,-19,22,-18,20,-22,13,-24,4,-24,4,-22,5,-18,2,-4,0,-1,-1,-1,-1,-1,-1,0,0,-1,-1,-1,-1,-1,-1,-1,-1,-1,-1,-2,0,-10,1,-18,-4,-24,-16,-24,-20,-19,-7,-11,-1,-10,-5,-14,-9,-13,-15,-16,-21,-22,-23,-22,-25,-23,-30,-22,-31,-13,-30,-12,-37,-20,-38,-17,-27,-12,-24,-15,-32,-19,-37,-19,-38,-14,-36,-11,-47,-14,-57,-16,-50,-24,-44,-12,-45,-16,-47,-16,-42,-15,-38,-13,-46,-12,-53,-21,-52,-30,-52,-32,-54,-38,-53,-42,-48,-39,-42,-35,-40,-34,-40,-37,-48,-41,-61,-43,-60,-43,-50,-41,-45,-40,-44,-41,-44,-40,-46,-39,-50,-45,-50,-48,-48,-41,-49,-27,-52,-32,-64,-38,-67,-37,-55,-5,-6]"
CSI_DATA,6106,1a:00:00:00:00:00,-6,11,1,0,1,1,1,0,0,0,0,-96,0,11,2,112954745,0,47,1,384,1,"[47,-16,2,0,0,0,0,0,0,0,14,-5,57,-19,57,-18,63,-21,68,-19,63,-8,58,-3,57,-8,61,-15,63,-23,61,-23,65,-16,68,-24,63,-34,64,-22,66,-13,54,-30,43,-35,42,-14,40,-10,39,-2,40,7,39,-4,37,-18,34,-34,40,-36,48,-31,27,-20,56,-41,50,-38,51,-46,51,-36,49,-13,45,-11,36,-16,35,-17,33,-19,31,-18,40,-12,41,-6,42,-4,52,-5,52,-15,44,-24,37,-17,39,-10,38,-6,30,2,33,8,39,10,39,10,33,10,18,13,7,17,0,4,0,0,0,0,0,0,0,0,-1,-1,6,1,52,10,55,7,58,2,64,2,67,-7,68,-7,68,-6,64,-6,54,-4,52,0,53,-1,53,-2,58,2,57,3,52,-5,54,-12,61,-11,64,-7,58,-3,56,-11,56,-14,50,-3,42,-2,40,-2,42,6,45,6,44,1,45,-9,50,-15,52,-18,57,-11,41,-21,32,-22,32,-24,36,-17,38,0,39,1,39,-9,45,-8,45,-7,39,-7,38,-1,36,5,35,4,39,3,40,-1,43,-13,43,-11,39,0,37,4,32,3,27,7,24,13,23,15,21,12,13,11,7,10,1,2,0,0,0,0,-1,-1,-1,-1,0,0,0,0,0,0,-1,-1,-1,-1,2,1,9,6,15,8,20,17,18,22,12,15,8,9,8,12,10,17,9,21,12,23,15,26,11,33,10,38,10,39,4,35,0,38,7,39,7,32,1,28,1,31,4,37,0,41,-1,39,-2,47,-4,57,-6,53,-7,46,-7,45,-7,49,-10,49,-7,47,-6,48,-7,52,-3,55,2,58,7,61,14,63,18,59,16,52,9,50,4,54,8,63,10,74,8,72,10,64,14,62,15,60,15,60,10,63,6,61,8,62,11,64,7,63,-11,64,-5,72,-4,75,-10,67,-2,7]"
CSI_DATA,6107,1a:00:00:00:00:00,-5,11,1,0,1,1,1,0,0,0,0,-96,0,11,2,112965803,0,47,1,384,1,"[47,-16,2,0,0,0,0,0,0,0,2,17,11,69,20,66,26,69,21,70,22,61,23,56,24,52,25,49,23,53,29,57,39,54,44,47,43,51,36,57,32,52,46,47,55,45,42,35,38,26,37,30,35,37,35,37,36,23,48,3,54,5,51,24,28,4,58,-8,49,13,45,20,43,11,48,8,59,2,61,-4,63,1,62,5,54,4,47,12,35,15,33,14,43,18,50,12,59,-10,60,-15,51,0,46,9,39,7,38,-1,41,6,40,18,38,8,25,4,10,13,1,4,0,0,0,0,0,0,0,0,-1,-1,0,6,2,50,6,57,7,61,-5,58,-3,64,2,63,6,63,8,63,12,57,14,54,19,51,22,48,16,49,15,50,27,51,31,54,23,61,17,60,21,50,30,46,30,49,26,45,28,37,30,38,26,39,24,35,31,29,39,30,38,33,38,33,33,36,43,10,41,12,36,13,34,13,37,18,44,16,48,14,48,17,48,17,44,18,35,24,26,22,27,12,34,7,38,7,48,7,52,6,40,8,33,15,34,21,36,19,31,18,20,19,15,21,15,22,17,20,4,4,-1,-1,-1,-1,-1,-1,-1,-1,-1,-1,-1,-1,0,-1,0,0,-2,0,-7,-2,-18,-9,-17,-12,-12,-16,-13,-17,-18,-13,-22,-12,-23,-10,-20,-11,-10,-17,-5,-26,-9,-34,-15,-33,-19,-27,-20,-30,-18,-32,-16,-38,-16,-43,-17,-39,-18,-36,-21,-31,-23,-29,-21,-33,-15,-39,-13,-46,-16,-49,-19,-44,-20,-53,-23,-44,-30,-43,-33,-40,-35,-39,-36,-38,-36,-42,-38,-42,-40,-41,-41,-41,-44,-41,-47,-35,-50,-28,-53,-25,-55,-27,-56,-31,-60,-34,-60,-32,-61,-25,-61,-16,-64,-9,-63,-10,-62,-11,-65,-12,-66,-11,-62,-11,-60,-12,-53,-27,-56,-25,-63,-18,-72,-7,-15,-2]"
CSI_DATA,6108,1a:00:00:00:00:00,-6,11,1,0,1,1,1,0,0,0,0,-96,0,11,2,112976744,0,47,1,384,1,"[47,-16,2,0,0,0,0,0,0,0,-14,5,-54,18,-50,21,-53,24,-62,15,-67,6,-70,8,-68,21,-62,29,-55,28,-52,23,-60,20,-64,31,-59,32,-56,20,-59,16,-53,18,-42,13,-42,14,-41,24,-45,18,-51,6,-49,10,-41,20,-36,32,-38,32,-38,25,-22,19,-55,47,-56,45,-49,55,-45,49,-43,32,-43,32,-41,32,-37,23,-43,18,-44,20,-43,18,-45,8,-40,8,-31,19,-33,25,-41,26,-42,23,-37,18,-29,15,-29,7,-37,6,-31,12,-23,11,-28,-1,-30,-14,-30,-24,-8,-8,0,0,0,0,0,0,0,0,-1,-1,-4,-8,-28,-54,-37,-47,-43,-43,-48,-41,-53,-12,-53,-13,-52,-14,-52,-17,-49,-21,-50,-23,-50,-20,-48,-15,-49,-15,-47,-16,-44,-14,-49,-10,-48,-10,-43,-12,-45,-15,-47,-13,-40,-15,-29,-17,-26,-12,-24,-13,-20,-21,-25,-21,-31,-18,-31,-10,-32,-3,-35,1,-37,-28,-29,-3,-29,-4,-34,1,-32,4,-18,-2,-19,-9,-26,-14,-25,-13,-27,-7,-29,-5,-27,-4,-23,-6,-21,-13,-18,-17,-21,-15,-26,-11,-21,-8,-12,-7,-10,-12,-12,-18,-12,-20,-9,-19,-6,-16,-9,-11,-7,-6,-8,-5,-3,-2,-1,-1,-1,-1,0,0,0,0,0,0,-1,-1,-1,-1,-1,-1,-1,-1,-5,-4,-15,-10,-15,-2,-19,-4,-17,-14,-11,-17,-4,-14,-4,-14,-9,-17,-15,-19,-17,-18,-13,-24,-10,-35,-15,-36,-14,-34,-7,-37,-3,-43,-2,-38,-2,-32,-2,-34,4,-34,8,-38,2,-48,1,-50,5,-46,7,-48,6,-55,18,-53,15,-50,18,-52,17,-57,15,-58,12,-57,7,-54,5,-48,9,-47,4,-51,-9,-56,-13,-59,-6,-60,3,-61,8,-67,4,-67,1,-63,4,-59,7,-58,8,-57,3,-58,3,-64,6,-65,2,-60,0,-58,4,-59,8,-59,34,-54,26,-61,31,-64,43,-57,5,-7]"
CSI_DATA,6121,1a:00:00:00:00:00,-5,11,1,0,1,1,1,0,0,0,0,-96,0,11,2,113119740,0,47,1,384,1,"[47,-16,2,0,0,0,0,0,0,0,-6,-15,-20,-58,-20,-58,-24,-64,-21,-67,-10,-59,-6,-54,-11,-51,-15,-52,-19,-59,-17,-61,-11,-65,-17,-68,-25,-68,-17,-70,-11,-70,-31,-62,-36,-52,-15,-45,-10,-40,-1,-38,8,-41,-2,-45,-17,-43,-33,-39,-32,-45,-25,-52,-16,-32,-32,-67,-26,-64,-28,-65,-23,-55,-5,-49,-5,-50,-16,-46,-18,-42,-16,-40,-13,-39,-5,-46,0,-47,2,-49,5,-57,-1,-57,-12,-51,-13,-47,-6,-44,1,-38,5,-34,6,-37,10,-41,15,-42,11,-33,9,-15,14,-3,4,0,0,0,0,0,0,0,0,0,-1,-1,-2,-7,-5,-52,-3,-56,-5,-60,0,-66,-9,-67,-11,-66,-11,-67,-10,-65,-10,-53,-6,-48,-6,-48,-9,-48,-4,-53,-2,-55,-10,-53,-12,-55,-10,-65,-7,-67,-5,-61,-11,-60,-16,-59,-10,-50,-10,-43,-6,-42,5,-44,8,-47,0,-47,-12,-50,-17,-55,-15,-57,-9,-60,-21,-45,-20,-40,-15,-38,-11,-37,0,-40,0,-44,-8,-48,-6,-54,-2,-52,0,-46,4,-45,6,-43,5,-43,6,-44,5,-43,-2,-50,-2,-53,5,-43,7,-35,4,-34,5,-32,12,-27,17,-23,15,-24,11,-18,7,-9,1,-2,-1,-1,-1,-1,-1,-1,0,0,-1,-1,-1,-1,-1,-1,-1,-1,-1,-1,0,-4,2,-15,7,-19,17,-26,20,-28,11,-20,4,-10,6,-10,13,-14,23,-15,26,-16,24,-24,27,-27,34,-27,37,-23,32,-12,33,-12,38,-21,35,-16,31,-10,31,-14,35,-18,39,-16,38,-10,48,-6,60,-8,54,-11,45,-16,45,-7,48,-9,46,-10,45,-10,49,-6,53,-3,53,-10,55,-19,59,-22,60,-25,56,-27,48,-24,45,-18,48,-15,58,-21,70,-25,67,-24,59,-26,59,-26,56,-24,55,-24,58,-19,59,-11,60,-16,60,-20,60,-16,60,-1,70,-4,75,-3,65,-3,7,-1]"
CSI_DATA,6122,1a:00:00:00:00:00,-6,11,1,0,1,1,1,0,0,0,0,-96,0,11,2,113130793,0,47,1,384,1,"[47,-16,2,0,0,0,0,0,0,0,-14,9,-50,36,-43,40,-44,45,-53,40,-58,33,-59,37,-54,48,-45,52,-38,47,-37,41,-42,46,-40,56,-38,51,-39,39,-41,40,-40,40,-36,30,-32,32,-24,41,-32,41,-44,37,-36,36,-21,36,-13,42,-17,46,-21,43,-6,28,-13,69,-20,67,-8,69,-4,66,-10,55,-11,54,-14,53,-18,42,-24,38,-22,41,-20,38,-27,32,-22,30,-6,30,-9,38,-18,49,-21,47,-18,38,-13,29,-16,24,-20,31,-11,28,-7,16,-21,14,-34,14,-40,10,-11,2,0,0,0,0,0,0,0,0,-1,-1,-7,-3,-56,-18,-62,-12,-61,-5,-54,2,-52,21,-54,20,-55,19,-58,15,-57,9,-60,9,-59,16,-52,19,-49,19,-48,17,-49,17,-51,22,-48,21,-46,15,-49,15,-48,20,-43,16,-35,7,-30,10,-33,8,-34,1,-35,5,-37,12,-36,15,-33,20,-31,25,-43,6,-28,21,-33,23,-31,32,-25,34,-20,19,-26,15,-34,18,-30,16,-25,17,-24,18,-22,16,-25,11,-30,7,-31,6,-30,13,-30,18,-26,11,-21,5,-22,4,-26,2,-25,0,-21,-2,-16,-3,-15,-4,-10,-5,-6,-3,-2,-1,0,0,0,0,0,0,-1,-1,0,0,0,0,-1,-1,-1,-1,-1,-1,-7,-2,-23,-6,-19,-1,-18,-2,-16,-10,-13,-15,-7,-14,-7,-11,-13,-10,-19,-11,-18,-13,-14,-25,-17,-34,-24,-32,-22,-29,-15,-34,-10,-42,-7,-39,-8,-34,-10,-35,-6,-35,-3,-37,-8,-45,-10,-48,-5,-46,-1,-48,-2,-54,1,-55,4,-54,6,-57,3,-64,-2,-66,-10,-62,-16,-52,-12,-43,-5,-45,-11,-48,-26,-49,-33,-53,-29,-58,-22,-63,-20,-68,-24,-65,-23,-61,-17,-61,-15,-63,-16,-60,-22,-57,-26,-60,-26,-62,-26,-59,-27,-58,-23,-60,-19,-61,-4,-63,-18,-64,-19,-68,-6,-71,0,-9]"
CSI_DATA,6123,1a:00:00:00:00:00,-5,11,1,0,1,1,1,0,0,0,0,-96,0,11,2,113141740,0,47,1,384,1,"[47,-16,2,0,0,0,0,0,0,0,-10,12,-40,50,-40,53,-40,59,-43,56,-38,46,-35,40,-32,40,-33,42,-38,46,-37,53,-36,55,-32,59,-33,65,-45,60,-46,53,-28,66,-18,69,-19,48,-17,37,-23,33,-33,34,-31,42,-14,48,7,54,-1,54,-20,53,-8,30,-9,61,-22,54,-25,55,-16,52,-22,47,-22,52,-9,56,-8,55,-9,52,-12,52,-23,48,-26,37,-25,35,-31,43,-26,47,-10,51,-8,50,-17,45,-20,40,-20,36,-21,39,-27,37,-36,31,-26,27,-13,13,-13,-3,-4,-2,0,0,0,0,0,0,0,0,-1,-1,-4,4,-34,31,-43,34,-47,33,-54,25,-52,38,-48,40,-47,40,-47,41,-38,40,-33,36,-30,35,-27,36,-34,32,-39,33,-38,43,-39,48,-47,47,-50,44,-44,41,-37,46,-36,48,-30,40,-23,37,-25,36,-33,30,-35,27,-28,33,-23,44,-26,49,-32,47,-45,44,-15,46,-14,39,-15,34,-16,37,-25,40,-25,43,-21,45,-26,45,-26,43,-25,39,-29,34,-28,28,-23,28,-23,29,-24,28,-27,37,-28,44,-27,35,-27,26,-28,24,-30,24,-29,18,-27,10,-27,10,-24,9,-19,7,-5,1,-1,-1,-1,-1,-1,-1,-1,-1,-1,-1,-1,-1,-1,-1,-1,-1,-1,-1,-3,0,-15,-1,-18,-9,-21,-20,-25,-22,-24,-12,-17,-6,-16,-6,-17,-10,-12,-21,-12,-28,-21,-29,-24,-27,-25,-31,-25,-34,-15,-30,-14,-37,-20,-46,-16,-36,-13,-30,-16,-35,-21,-36,-19,-34,-13,-35,-9,-48,-12,-60,-19,-54,-23,-49,-19,-47,-23,-48,-27,-44,-27,-40,-18,-45,-13,-52,-23,-51,-31,-51,-32,-53,-36,-52,-37,-50,-38,-44,-37,-39,-35,-39,-36,-48,-39,-60,-44,-57,-49,-45,-46,-41,-44,-40,-48,-39,-45,-43,-37,-48,-39,-49,-44,-49,-39,-47,-14,-50,-19,-62,-29,-66,-34,-51,-5,-6]"
CSI_DATA,6124,1a:00:00:00:00:00,-6,11,1,0,1,1,1,0,0,0,0,-96,0,11,2,113152739,0,47,1,384,1,"[47,-16,2,0,0,0,0,0,0,0,-8,-14,-28,-54,-32,-49,-37,-52,-30,-60,-22,-65,-26,-68,-38,-63,-42,-53,-39,-45,-36,-45,-39,-51,-47,-52,-42,-49,-30,-48,-32,-50,-33,-48,-24,-40,-26,-38,-39,-33,-36,-40,-28,-51,-28,-44,-30,-29,-38,-22,-40,-27,-35,-29,-26,-12,-66,-26,-63,-31,-67,-21,-64,-18,-53,-21,-53,-22,-50,-25,-37,-27,-33,-32,-37,-29,-35,-26,-26,-34,-24,-29,-28,-13,-36,-16,-45,-28,-42,-30,-36,-24,-28,-17,-22,-21,-28,-27,-27,-17,-16,-10,-10,-24,-8,-37,-3,-43,0,-12,0,0,0,0,0,0,0,0,-1,-1,3,-7,24,-53,20,-59,12,-59,6,-55,-11,-55,-12,-57,-12,-58,-7,-60,-1,-59,-2,-62,-7,-62,-9,-54,-11,-52,-11,-51,-11,-51,-15,-54,-15,-51,-10,-48,-10,-52,-14,-53,-10,-46,-2,-38,-8,-34,-6,-37,2,-37,-1,-37,-7,-39,-12,-39,-18,-37,-22,-36,-3,-46,-20,-33,-21,-37,-30,-36,-31,-31,-18,-25,-15,-30,-16,-38,-12,-35,-13,-29,-15,-27,-14,-24,-10,-26,-6,-32,-5,-34,-11,-35,-17,-35,-12,-29,-5,-23,-3,-23,0,-26,2,-27,3,-22,4,-18,5,-17,6,-12,4,-8,0,-2,0,0,0,0,0,0,-1,-1,0,0,0,0,-1,-1,-1,-1,-1,-1,3,-6,8,-21,3,-18,5,-18,14,-14,18,-8,14,-4,12,-5,13,-12,15,-16,17,-14,27,-9,37,-10,37,-17,34,-16,35,-7,40,0,37,1,34,-3,36,-3,34,4,34,7,43,2,48,0,46,5,47,9,52,9,52,13,51,14,53,18,60,16,63,12,61,5,53,-2,43,-1,43,4,46,-2,51,-16,58,-22,61,-17,65,-9,69,-6,67,-10,63,-11,62,-5,63,-3,61,-4,59,-10,63,-14,64,-13,61,-13,62,-15,62,-11,62,-7,62,8,65,-7,69,-9,69,8,8,2]"
CSI_DATA,6125,1a:00:00:00:00:00,-5,11,1,0,1,1,1,0,0,0,0,-96,0,11,2,113163739,0,47,1,384,1,"[47,-16,2,0,0,0,0,0,0,0,15,4,63,20,67,18,74,16,70,20,60,17,54,16,51,15,51,15,55,19,62,15,65,8,65,2,69,4,69,16,63,20,70,5,73,-5,57,-3,47,-3,45,5,47,14,50,11,46,-7,44,-29,48,-20,57,-1,29,-6,52,-21,54,-4,57,-2,52,-8,53,-2,60,-5,59,-16,59,-15,59,-12,56,-12,54,-4,42,6,39,9,51,12,55,5,55,-14,53,-16,50,-3,48,4,44,4,45,1,45,7,42,17,37,7,21,2,5,10,0,3,0,0,0,0,0,0,0,0,-1,0,5,1,47,15,56,18,55,20,48,28,55,31,58,27,60,24,59,25,54,18,49,16,46,14,44,11,44,20,48,22,55,11,62,8,66,19,62,26,54,20,56,12,59,11,53,8,47,4,46,8,43,15,39,15,41,5,51,-4,56,1,55,8,52,10,43,-10,40,-10,37,-7,41,-5,50,1,53,-2,51,-5,51,-1,50,0,49,0,48,6,40,9,35,4,36,1,37,2,48,-1,54,-4,44,2,37,8,39,10,41,10,34,11,26,15,27,16,25,15,22,11,5,2,-1,-1,-1,-1,-1,-1,-1,-1,-1,-1,-1,-1,-1,-1,-1,-1,-1,-1,1,5,2,20,-3,18,-12,17,-13,23,-5,26,-2,23,0,20,-3,19,-13,14,-22,16,-28,26,-25,29,-25,30,-25,32,-23,23,-34,22,-42,31,-31,28,-26,22,-27,23,-25,27,-25,28,-30,24,-43,22,-52,26,-43,32,-38,38,-39,32,-41,35,-36,41,-30,40,-35,32,-41,28,-37,38,-38,46,-41,46,-38,48,-34,49,-29,48,-26,49,-26,50,-32,51,-40,54,-36,60,-26,62,-24,58,-25,57,-22,62,-22,61,-28,56,-29,57,-28,58,-29,54,-37,34,-49,42,-49,54,-28,61,-2,8]"
CSI_DATA,6126,1a:00:00:00:00:00,-5,11,1,0,1,1,1,0,0,0,0,-96,0,11,2,113174827,0,47,1,384,1,"[47,-16,2,0,0,0,0,0,0,0,-7,-15,-24,-57,-24,-58,-29,-63,-26,-66,-15,-58,-12,-53,-15,-49,-19,-51,-23,-56,-24,-60,-19,-65,-23,-67,-30,-66,-22,-69,-16,-69,-38,-59,-43,-49,-20,-43,-13,-39,-6,-39,0,-43,-10,-45,-24,-40,-39,-34,-37,-40,-30,-49,-19,-29,-39,-58,-34,-57,-37,-60,-32,-52,-13,-49,-12,-50,-22,-43,-24,-40,-23,-38,-21,-38,-13,-45,-6,-44,-4,-45,-3,-55,-10,-55,-22,-48,-21,-42,-11,-41,-4,-38,-2,-34,-2,-37,3,-41,8,-43,5,-35,7,-16,14,-4,4,-1,0,0,0,0,0,0,0,0,-1,-1,-3,-6,-15,-49,-15,-53,-17,-57,-11,-65,-17,-66,-19,-63,-19,-65,-19,-63,-18,-51,-13,-47,-12,-46,-14,-44,-9,-50,-8,-54,-16,-53,-19,-55,-17,-65,-14,-68,-10,-62,-18,-59,-23,-58,-16,-49,-15,-42,-11,-41,-1,-43,3,-45,-5,-45,-17,-49,-22,-54,-20,-57,-12,-64,-24,-44,-23,-36,-19,-33,-17,-35,-5,-39,-4,-42,-11,-46,-9,-51,-6,-49,-4,-44,0,-45,3,-42,1,-40,1,-41,0,-40,-6,-48,-7,-51,1,-41,5,-35,1,-33,2,-31,10,-26,16,-21,14,-23,10,-18,8,-10,2,-2,-1,-1,-1,-1,-1,-1,0,0,-1,-1,-1,-1,-1,-1,-1,-1,-1,-1,-1,-3,-1,-11,1,-18,9,-28,12,-31,5,-19,2,-9,4,-11,8,-17,16,-18,20,-19,18,-27,20,-30,27,-32,30,-29,28,-16,29,-19,32,-29,29,-22,26,-13,26,-19,30,-24,33,-22,35,-16,47,-15,58,-18,51,-20,41,-31,43,-15,45,-17,42,-17,41,-16,47,-14,52,-11,51,-19,50,-27,53,-30,55,-33,52,-36,44,-32,40,-26,42,-23,53,-28,66,-34,64,-34,56,-35,54,-34,52,-30,49,-30,53,-25,57,-18,58,-23,57,-28,57,-24,59,-14,69,-19,73,-19,60,-16,6,-3]"
CSI_DATA,6127,1a:00:00:00:00:00,-5,11,1,0,1,1,1,0,0,0,0,-96,0,11,2,113185739,0,47,1,384,1,"[47,-16,2,0,0,0,0,0,0,0,-5,-18,-20,-67,-28,-62,-34,-63,-30,-66,-30,-59,-31,-54,-33,-50,-34,-45,-30,-47,-35,-49,-48,-47,-54,-42,-52,-45,-44,-49,-40,-43,-51,-41,-57,-39,-46,-27,-43,-18,-42,-24,-43,-31,-43,-31,-41,-16,-50,4,-55,1,-54,-16,-29,1,-59,15,-51,-8,-45,-13,-43,-4,-50,3,-58,13,-61,19,-64,10,-64,4,-57,5,-50,-1,-41,-7,-38,-7,-43,-6,-49,1,-61,21,-62,26,-52,10,-47,0,-41,1,-38,11,-39,7,-39,-5,-38,-1,-28,1,-18,-9,-5,-4,0,0,0,0,0,0,0,0,-1,-1,-2,-6,-13,-51,-22,-58,-28,-60,-16,-55,-12,-61,-18,-60,-23,-60,-24,-60,-26,-56,-29,-54,-34,-48,-37,-42,-30,-44,-28,-47,-40,-47,-46,-46,-39,-52,-32,-52,-35,-43,-42,-39,-42,-41,-37,-36,-40,-28,-42,-31,-39,-33,-38,-27,-43,-19,-49,-16,-46,-19,-44,-19,-42,-17,-48,2,-46,-1,-42,0,-43,1,-46,-4,-52,0,-55,3,-55,-2,-55,-5,-53,-7,-47,-12,-36,-12,-32,-3,-35,6,-40,7,-51,10,-55,10,-44,4,-39,-3,-44,-8,-47,-5,-37,-5,-27,-11,-28,-14,-29,-16,-27,-14,-7,-3,-1,-1,-1,-1,-1,-1,-1,-1,-1,-1,-1,-1,-2,0,-1,-1,2,-1,6,1,20,9,17,12,11,15,11,16,17,12,22,11,25,8,23,8,12,13,6,22,8,31,14,30,19,26,23,28,21,30,20,37,19,43,20,39,21,34,25,28,28,26,25,29,18,35,15,42,19,46,22,42,23,49,28,42,35,41,39,38,42,35,42,32,41,34,43,34,44,32,44,33,48,32,51,25,53,16,56,13,59,15,59,20,61,22,62,20,63,13,62,4,63,-4,62,-4,61,-2,63,0,64,0,61,1,61,0,55,10,57,6,62,-1,68,-11,13,-3]"
CSI_DATA,6128,1a:00:00:00:00:00,-6,11,1,0,1,1,1,0,0,0,0,-96,0,11,2,113196738,0,47,1,384,1,"[47,-16,2,0,0,0,0,0,0,0,3,13,13,52,14,51,16,57,10,63,-2,61,-3,60,8,62,15,63,20,63,14,60,4,64,15,69,25,65,13,63,5,66,16,56,16,42,5,42,8,41,0,41,-12,44,-6,43,7,40,23,40,25,46,22,48,13,29,26,69,27,66,36,67,25,61,6,53,8,51,12,43,9,36,6,38,3,40,-2,43,-7,43,-8,44,-4,48,4,50,9,49,5,44,-1,39,-2,34,-8,27,-17,29,-14,33,-9,33,-17,27,-24,14,-27,6,-7,1,0,0,0,0,0,0,0,0,-1,-1,-4,5,-29,43,-27,51,-19,59,-14,65,-2,62,-4,63,-6,64,-9,61,-14,52,-16,51,-13,53,-10,53,-10,56,-11,54,-9,50,-5,54,-4,58,-8,57,-14,56,-10,57,-8,51,-15,39,-10,35,-12,36,-22,35,-23,38,-19,41,-11,43,-5,45,-1,46,-18,47,-3,43,1,39,5,42,-1,40,-17,33,-19,37,-12,41,-13,39,-12,37,-11,34,-13,32,-15,31,-18,32,-21,35,-20,36,-13,40,-12,35,-18,25,-21,23,-21,23,-24,19,-27,11,-28,10,-25,11,-17,6,-15,2,-5,0,0,0,0,0,0,0,-1,-1,0,0,0,0,-1,-1,-1,-1,-1,-1,-4,3,-10,10,-2,11,-2,18,-11,21,-15,15,-12,9,-12,11,-16,17,-18,20,-16,22,-21,23,-30,24,-33,28,-32,26,-34,17,-36,15,-33,19,-31,16,-31,8,-30,3,-35,4,-43,9,-44,11,-47,10,-54,10,-54,11,-48,9,-47,1,-51,0,-55,-2,-55,-1,-55,0,-55,1,-54,3,-55,8,-57,17,-57,28,-57,30,-55,21,-55,10,-60,5,-66,12,-70,18,-66,14,-62,10,-63,12,-60,13,-60,12,-62,8,-61,8,-63,9,-66,7,-66,3,-66,-12,-72,-4,-75,-5,-68,-17,-8,-3]"
CSI_DATA,6129,1a:00:00:00:00:00,-5,11,1,0,1,1,1,0,0,0,0,-96,0,11,2,113207738,0,47,1,384,1,"[47,-16,2,0,0,0,0,0,0,0,-16,8,-59,35,-49,43,-46,49,-53,45,-51,45,-45,46,-38,46,-30,44,-30,39,-33,45,-30,59,-24,66,-30,63,-36,55,-30,49,-26,55,-24,57,-14,47,-5,46,-13,48,-20,52,-20,49,-9,38,12,41,16,50,4,52,11,25,34,51,10,49,6,42,17,37,24,38,32,42,35,46,27,51,22,53,23,45,18,40,10,37,7,31,6,31,16,40,38,49,43,48,27,41,15,38,15,32,25,26,20,29,6,34,11,32,9,26,-2,24,-2,6,0,0,0,0,0,0,0,0,-1,-1,-7,1,-55,13,-60,23,-57,30,-51,23,-55,24,-52,28,-50,31,-52,30,-51,33,-49,39,-40,46,-33,45,-35,38,-38,37,-37,46,-35,51,-40,46,-41,39,-31,41,-26,45,-28,42,-26,36,-20,39,-25,43,-28,42,-21,40,-12,41,-9,43,-9,42,-8,40,-16,38,9,41,6,44,11,42,14,41,8,40,10,45,11,49,7,47,7,46,7,46,1,40,0,31,6,28,15,32,18,37,19,44,17,46,13,39,6,35,0,40,3,42,3,32,-4,24,-7,27,-10,29,-12,26,-3,5,-1,-1,-1,-1,-1,-1,-1,-1,-1,-1,-1,-1,0,0,-1,0,-1,-3,-1,-8,3,-23,6,-18,9,-11,11,-12,9,-17,7,-22,4,-25,5,-24,10,-17,19,-14,28,-16,28,-21,24,-23,24,-27,26,-26,33,-27,40,-28,35,-29,29,-29,22,-33,19,-36,23,-33,30,-27,35,-25,37,-27,35,-31,42,-30,38,-38,39,-43,36,-47,31,-50,24,-50,23,-48,21,-48,20,-49,22,-50,21,-53,13,-57,5,-59,3,-62,6,-65,9,-64,10,-65,8,-65,2,-64,-6,-61,-14,-63,-17,-64,-15,-65,-13,-64,-13,-64,-13,-63,-16,-62,-3,-55,-8,-58,-14,-60,-21,-65,-5,-13]"
CSI_DATA,6130,1a:00:00:00:00:00,-6,11,1,0,1,1,1,0,0,0,0,-96,0,11,2,113218738,0,47,1,384,1,"[47,-16,2,0,0,0,0,0,0,0,11,-9,44,-34,43,-36,47,-40,53,-36,56,-24,56,-21,54,-29,55,-36,55,-42,52,-36,58,-25,59,-33,52,-41,56,-30,63,-27,50,-39,36,-38,38,-26,37,-26,41,-16,48,-2,45,-7,39,-19,32,-35,36,-38,42,-36,27,-22,63,-45,59,-43,58,-48,54,-38,50,-19,51,-20,46,-25,39,-21,38,-16,38,-13,41,-11,42,-9,43,-7,49,-10,52,-18,50,-23,44,-17,39,-12,35,-6,32,4,37,10,41,7,40,3,31,8,18,14,10,18,2,5,0,0,0,0,0,0,0,0,-1,-1,6,0,51,1,55,-4,56,-14,61,-22,58,-31,59,-30,59,-30,57,-26,50,-17,49,-11,49,-14,48,-19,52,-22,53,-20,50,-18,52,-23,57,-25,60,-19,60,-14,58,-23,51,-25,41,-13,34,-12,37,-7,43,3,47,1,49,-5,48,-13,47,-20,48,-24,58,-14,44,-20,36,-20,37,-23,40,-18,40,-1,43,-2,44,-14,44,-12,44,-8,41,-5,40,0,39,3,41,5,45,5,45,0,46,-5,42,-2,35,4,31,7,30,8,28,13,24,18,24,19,23,17,15,14,9,13,2,3,0,0,-1,-1,-1,-1,-1,-1,-1,-1,-1,-1,0,0,0,0,-1,-1,4,1,14,4,13,-4,20,-8,26,-6,21,-2,13,1,13,3,20,4,26,4,30,3,34,5,37,14,40,16,38,17,31,21,31,23,34,19,28,18,21,23,20,24,25,26,33,30,32,29,33,35,38,44,36,44,31,37,24,41,26,42,27,45,26,46,26,46,27,46,30,44,32,43,40,41,52,35,56,34,46,37,34,41,29,47,39,50,49,50,45,47,42,46,43,47,42,44,38,44,36,48,34,48,37,50,37,54,32,56,24,59,33,63,31,64,17,56,1,6]"
CSI_DATA,6131,1a:00:00:00:00:00,-6,11,1,0,1,1,1,0,0,0,0,-96,0,11,2,113229737,0,47,1,384,1,"[47,-16,2,0,0,0,0,0,0,0,5,17,21,66,30,58,37,55,34,61,34,60,36,56,37,50,36,42,31,40,36,42,50,40,57,35,51,41,41,46,37,40,46,39,49,39,42,27,43,16,45,21,46,27,42,27,34,16,43,-4,53,-4,51,10,27,-2,57,-16,49,1,42,4,42,-4,47,-10,54,-18,58,-22,60,-14,58,-8,51,-10,44,-5,37,0,30,0,29,3,42,1,59,-18,58,-24,47,-12,39,-3,33,-3,32,-14,35,-8,35,8,35,4,27,3,21,13,5,4,0,0,0,0,0,0,0,0,-1,-1,-1,6,-2,54,6,63,8,63,0,53,9,57,14,57,17,55,17,55,18,55,22,55,31,49,34,42,27,43,26,46,36,49,40,50,32,52,24,48,28,41,35,38,32,39,28,35,31,29,32,32,30,34,31,29,35,24,39,22,39,20,37,19,33,29,42,4,43,6,42,3,41,2,39,5,44,4,49,4,48,7,47,8,44,11,36,15,28,11,29,1,37,-4,41,-2,47,-1,48,0,39,0,32,4,34,13,36,11,30,6,21,9,20,15,19,23,18,23,4,5,0,0,0,0,0,0,-1,-1,0,0,0,0,-1,-1,-1,-1,-1,-1,-6,0,-23,-1,-19,-6,-11,-13,-12,-16,-17,-11,-20,-10,-22,-9,-20,-7,-13,-11,-10,-20,-14,-32,-20,-30,-21,-26,-24,-26,-25,-25,-20,-37,-16,-46,-19,-37,-24,-33,-26,-30,-27,-25,-30,-28,-28,-34,-18,-40,-13,-42,-22,-40,-23,-49,-25,-45,-30,-49,-40,-46,-44,-40,-42,-37,-39,-31,-40,-26,-44,-31,-44,-35,-46,-27,-52,-22,-58,-20,-63,-19,-64,-19,-57,-23,-53,-28,-62,-26,-66,-16,-60,-10,-60,-6,-68,-1,-67,1,-63,-3,-62,-5,-64,-5,-63,0,-47,-13,-51,-15,-64,-12,-76,0,-11,0]"
CSI_DATA,6132,1a:00:00:00:00:00,-6,11,1,0,1,1,1,0,0,0,0,-96,0,11,2,113240737,0,47,1,384,1,"[47,-16,2,0,0,0,0,0,0,0,-5,-14,-16,-53,-14,-53,-17,-60,-13,-65,1,-60,3,-59,-6,-59,-14,-60,-21,-62,-15,-60,-2,-64,-11,-70,-21,-67,-10,-64,-5,-68,-18,-60,-18,-46,-8,-42,-13,-41,-4,-42,12,-42,6,-41,-7,-41,-23,-44,-26,-50,-21,-50,-12,-30,-25,-71,-27,-68,-34,-68,-25,-60,-7,-51,-7,-51,-14,-48,-14,-41,-10,-39,-4,-41,0,-45,3,-47,4,-47,2,-50,-6,-52,-11,-52,-7,-49,-3,-44,1,-37,10,-32,15,-35,11,-39,9,-41,14,-35,18,-20,22,-12,6,-3,0,0,0,0,0,0,0,0,-1,-1,1,-7,16,-51,15,-55,4,-60,-2,-68,-8,-65,-6,-64,-5,-66,-3,-64,2,-54,6,-51,5,-53,-1,-52,-3,-56,0,-56,-1,-53,-5,-56,-7,-62,-3,-61,4,-60,-3,-62,-7,-55,1,-42,-1,-38,4,-39,16,-40,15,-45,10,-49,1,-50,-6,-50,-8,-50,0,-57,-8,-48,-11,-43,-14,-43,-7,-44,9,-41,10,-45,1,-48,1,-47,3,-43,5,-40,7,-40,10,-41,13,-44,14,-47,11,-47,5,-48,5,-45,9,-38,12,-32,14,-31,19,-29,23,-24,25,-23,23,-23,17,-16,14,-10,3,-3,0,0,0,0,0,0,-1,-1,0,0,0,0,-1,-1,-1,-1,-1,-1,3,-4,10,-14,4,-16,6,-24,13,-26,14,-18,11,-11,11,-11,18,-15,22,-20,22,-24,25,-26,32,-26,36,-29,37,-27,37,-16,36,-13,33,-19,32,-17,33,-9,32,-6,35,-8,42,-11,42,-11,46,-11,55,-13,52,-14,44,-15,44,2,47,1,52,-1,54,-3,53,-2,53,-1,51,-4,53,-9,55,-19,54,-31,54,-34,50,-24,51,-12,56,-6,60,-15,65,-25,62,-21,59,-16,61,-17,59,-17,56,-13,59,-9,61,-9,62,-13,63,-14,63,-9,64,-3,70,-12,71,-9,61,6,6,1]"
CSI_DATA,6133,1a:00:00:00:00:00,-5,11,1,0,1,1,1,0,0,0,0,-96,0,11,2,113251737,0,47,1,384,1,"[47,-16,2,0,0,0,0,0,0,0,16,-8,64,-33,55,-38,53,-44,57,-43,52,-43,47,-43,41,-39,37,-35,40,-36,42,-45,37,-58,29,-61,33,-60,41,-55,40,-48,31,-60,25,-65,19,-48,12,-41,17,-43,21,-45,21,-43,11,-38,-12,-45,-12,-56,6,-59,-4,-31,-22,-58,-5,-53,0,-48,-7,-44,-10,-51,-18,-56,-24,-54,-17,-55,-15,-53,-18,-49,-11,-48,-2,-39,0,-33,1,-36,-6,-42,-28,-51,-32,-50,-17,-43,-7,-40,-7,-32,-16,-29,-8,-35,6,-38,0,-35,0,-24,7,-14,2,-4,0,0,0,0,0,0,0,0,-1,-1,5,-4,45,-32,50,-40,51,-44,51,-31,57,-30,52,-34,50,-36,48,-37,45,-39,42,-41,33,-44,27,-44,33,-38,39,-38,36,-49,33,-57,38,-53,40,-47,32,-46,28,-51,30,-50,25,-42,18,-41,22,-46,26,-45,22,-41,13,-42,7,-47,9,-49,12,-48,12,-47,-8,-50,-6,-46,-8,-39,-8,-39,-3,-45,-5,-49,-7,-49,-5,-49,-5,-47,-4,-45,1,-41,2,-32,-4,-28,-11,-32,-11,-37,-11,-46,-14,-48,-13,-36,-5,-33,2,-39,-1,-42,1,-34,10,-22,14,-22,13,-25,8,-25,1,-7,-1,0,-1,-1,-1,-1,0,0,-1,-1,-1,-1,-1,-1,-1,-1,-1,-1,2,1,7,10,2,13,-7,10,-9,9,0,13,4,18,3,23,0,22,-5,11,-16,10,-23,24,-19,27,-17,24,-14,24,-9,25,-22,32,-34,35,-24,29,-14,29,-12,30,-8,28,-10,29,-19,30,-31,28,-36,30,-26,38,-11,51,-23,43,-26,48,-17,52,-10,51,-12,48,-13,44,-8,45,-11,55,-20,57,-16,54,-6,57,4,60,10,58,10,57,1,59,-6,65,1,68,13,65,15,57,17,57,24,60,25,59,18,59,17,61,21,63,22,60,10,46,14,56,27,63,38,57,5,6]"
